{
    "Ar36": {
        "error": 0.00095311302712757428, 
        "fit": "parabolic", 
        "value": 0.0024779912511053289
    }, 
    "Ar37": {
        "error": 0.13341813638454472, 
        "fit": "linear", 
        "value": 0.19968052196652253
    }, 
    "Ar38": {
        "error": 0.2292940290306322, 
        "fit": "linear", 
        "value": 0.24498334050489998
    }, 
    "Ar39": {
        "error": 0.067677885154958595, 
        "fit": "parabolic", 
        "value": 6.1562389806703584
    }, 
    "Ar40": {
        "error": 0.17284277229168071, 
        "fit": "parabolic", 
        "value": 85.382790960244549
    }, 
    "Ar41": {
        "error": 0.12940491197889725, 
        "fit": "average_SEM", 
        "value": -0.058711769673464004
    }
}