{
    "Ar36": {
        "error": 0.0024386875370299658, 
        "fit": "parabolic", 
        "value": 0.029467146352331906
    }, 
    "Ar37": {
        "error": 0.12816251730837797, 
        "fit": "linear", 
        "value": -0.38212558282534337
    }, 
    "Ar38": {
        "error": 0.25638321723648161, 
        "fit": "linear", 
        "value": 0.96040211099964501
    }, 
    "Ar39": {
        "error": 0.098417720599782321, 
        "fit": "parabolic", 
        "value": 99.259808468906471
    }, 
    "Ar40": {
        "error": 0.48113769239964749, 
        "fit": "parabolic", 
        "value": 1372.6286535163731
    }, 
    "Ar41": {
        "error": 0.12507795064481358, 
        "fit": "average_SEM", 
        "value": -0.42024861939949915
    }
}