{
    "Ar36": {
        "error": 0.0022833734177629757, 
        "fit": "parabolic", 
        "value": 0.029835248288810172
    }, 
    "Ar37": {
        "error": 0.13164525719347941, 
        "fit": "linear", 
        "value": -0.36591131584092979
    }, 
    "Ar38": {
        "error": 0.12609830958673646, 
        "fit": "linear", 
        "value": 0.99583787611595564
    }, 
    "Ar39": {
        "error": 0.10206494736965349, 
        "fit": "parabolic", 
        "value": 101.52889753851075
    }, 
    "Ar40": {
        "error": 0.47786396966940875, 
        "fit": "parabolic", 
        "value": 1403.9275976788072
    }, 
    "Ar41": {
        "error": 0.12431015794363366, 
        "fit": "average_SEM", 
        "value": -0.43531225863844158
    }
}