{
    "Ar36": {
        "error": 0.0023158527670912223, 
        "fit": "parabolic", 
        "value": 0.028732130377138634
    }, 
    "Ar37": {
        "error": 0.12312236091919755, 
        "fit": "linear", 
        "value": -0.018850430508997464
    }, 
    "Ar38": {
        "error": 0.13084988217045931, 
        "fit": "linear", 
        "value": 1.2280503900071802
    }, 
    "Ar39": {
        "error": 0.10691052049510959, 
        "fit": "parabolic", 
        "value": 99.356449996947916
    }, 
    "Ar40": {
        "error": 0.46681996466219638, 
        "fit": "parabolic", 
        "value": 1374.4428831903185
    }, 
    "Ar41": {
        "error": 0.12746318567766279, 
        "fit": "average_SEM", 
        "value": -0.17298159361846047
    }
}