{
    "Ar36": {
        "error": 0.0022677892241937036, 
        "fit": "parabolic", 
        "value": 0.028320810116937219
    }, 
    "Ar37": {
        "error": 0.13761361290132662, 
        "fit": "linear", 
        "value": 0.093084314704852608
    }, 
    "Ar38": {
        "error": 0.22293973960875244, 
        "fit": "linear", 
        "value": 1.2526963945640963
    }, 
    "Ar39": {
        "error": 0.10261235150560082, 
        "fit": "parabolic", 
        "value": 99.466229245691906
    }, 
    "Ar40": {
        "error": 0.47850038625240504, 
        "fit": "parabolic", 
        "value": 1376.3282656432975
    }, 
    "Ar41": {
        "error": 0.12362919583484727, 
        "fit": "average_SEM", 
        "value": -0.11424164349420607
    }
}