{
    "Ar36": {
        "error": 0.0024617263940867901, 
        "fit": "parabolic", 
        "value": 0.029302673294398285
    }, 
    "Ar37": {
        "error": 0.12753763234723775, 
        "fit": "linear", 
        "value": 0.13112810401208122
    }, 
    "Ar38": {
        "error": 0.1429684078504922, 
        "fit": "linear", 
        "value": 1.3126404961615497
    }, 
    "Ar39": {
        "error": 0.099866648769090058, 
        "fit": "parabolic", 
        "value": 98.902713895728141
    }, 
    "Ar40": {
        "error": 0.46194156511067752, 
        "fit": "parabolic", 
        "value": 1368.7311286159636
    }, 
    "Ar41": {
        "error": 0.11995206796513147, 
        "fit": "average_SEM", 
        "value": 0.13083786055762175
    }
}