{
    "Ar36": {
        "error": 0.0023908572847141998, 
        "fit": "parabolic", 
        "value": 0.029735456183861777
    }, 
    "Ar37": {
        "error": 0.1326028154599882, 
        "fit": "linear", 
        "value": -0.30078684579468395
    }, 
    "Ar38": {
        "error": 0.13394303822114162, 
        "fit": "linear", 
        "value": 1.0641682609847658
    }, 
    "Ar39": {
        "error": 0.10714715808306599, 
        "fit": "parabolic", 
        "value": 101.41978336479997
    }, 
    "Ar40": {
        "error": 0.46044624135123979, 
        "fit": "parabolic", 
        "value": 1402.3760113389935
    }, 
    "Ar41": {
        "error": 0.12241906297345932, 
        "fit": "average_SEM", 
        "value": -0.35914582852681631
    }
}