{
    "Ar36": {
        "error": 0.0023197330609478913, 
        "fit": "parabolic", 
        "value": 0.029035650860378522
    }, 
    "Ar37": {
        "error": 0.139607643498112, 
        "fit": "linear", 
        "value": -0.16869236108617763
    }, 
    "Ar38": {
        "error": 0.24349678760849505, 
        "fit": "linear", 
        "value": 1.0536900265510907
    }, 
    "Ar39": {
        "error": 0.098290530054912298, 
        "fit": "parabolic", 
        "value": 99.562060271051507
    }, 
    "Ar40": {
        "error": 0.46569468164687644, 
        "fit": "parabolic", 
        "value": 1377.1966356406465
    }, 
    "Ar41": {
        "error": 0.11557715304470341, 
        "fit": "average_SEM", 
        "value": -0.087736305891157829
    }
}