{
    "Ar36": {
        "error": 0.0022657452189355728, 
        "fit": "parabolic", 
        "value": 0.029544726559408669
    }, 
    "Ar37": {
        "error": 0.12996784885763246, 
        "fit": "linear", 
        "value": -0.34718670396957407
    }, 
    "Ar38": {
        "error": 0.12901159976799093, 
        "fit": "linear", 
        "value": 1.0364490154110801
    }, 
    "Ar39": {
        "error": 0.10515266887201741, 
        "fit": "parabolic", 
        "value": 101.66981659146344
    }, 
    "Ar40": {
        "error": 0.45577908843642917, 
        "fit": "parabolic", 
        "value": 1404.819684224293
    }, 
    "Ar41": {
        "error": 0.12349169524666923, 
        "fit": "average_SEM", 
        "value": -0.39223659858107568
    }
}