{
    "Ar36": {
        "error": 0.0023793149962927571, 
        "fit": "parabolic", 
        "value": 0.029547447982673364
    }, 
    "Ar37": {
        "error": 0.12891249851299671, 
        "fit": "linear", 
        "value": 0.026205834097775747
    }, 
    "Ar38": {
        "error": 0.13836028853022869, 
        "fit": "linear", 
        "value": 1.2606722564247805
    }, 
    "Ar39": {
        "error": 0.11476060059522518, 
        "fit": "parabolic", 
        "value": 99.876606066417025
    }, 
    "Ar40": {
        "error": 0.49484607306388045, 
        "fit": "parabolic", 
        "value": 1381.6219167254228
    }, 
    "Ar41": {
        "error": 0.12613645235017812, 
        "fit": "average_SEM", 
        "value": 0.055035420469939707
    }
}