{
    "Ar36": {
        "error": 0.0024158563070910324, 
        "fit": "parabolic", 
        "value": 0.029607879627147109
    }, 
    "Ar37": {
        "error": 0.13266673456195313, 
        "fit": "linear", 
        "value": 0.16079911418364856
    }, 
    "Ar38": {
        "error": 0.14047237082745426, 
        "fit": "linear", 
        "value": 1.3196144528557774
    }, 
    "Ar39": {
        "error": 0.10298780816267822, 
        "fit": "parabolic", 
        "value": 99.789174427743689
    }, 
    "Ar40": {
        "error": 0.46073517663670155, 
        "fit": "parabolic", 
        "value": 1380.533046011798
    }, 
    "Ar41": {
        "error": 0.13064264938242787, 
        "fit": "average_SEM", 
        "value": -0.059729142829910417
    }
}