{
    "Ar36": {
        "error": 0.0017555391668595663, 
        "fit": "Parabolic", 
        "value": 0.028988769502210403
    }, 
    "Ar37": {
        "error": 0.046246910342086341, 
        "fit": "linear", 
        "value": 0.02770892212747221
    }, 
    "Ar38": {
        "error": 0.10220879061715778, 
        "fit": "linear", 
        "value": 1.2886138206191662
    }, 
    "Ar39": {
        "error": 0.088314953003968147, 
        "fit": "Parabolic", 
        "value": 98.457391452191658
    }, 
    "Ar40": {
        "error": 0.31086189765997974, 
        "fit": "Parabolic", 
        "value": 1363.3973182435236
    }, 
    "Ar41": {
        "error": 0.11516385944147951, 
        "fit": "linear", 
        "value": 0.48559407491590673
    }
}