{
    "Ar36": {
        "error": 0.0020529019621250109, 
        "fit": "Parabolic", 
        "value": 0.028708567631890895
    }, 
    "Ar37": {
        "error": 0.050651462336483814, 
        "fit": "linear", 
        "value": 0.02463920108400016
    }, 
    "Ar38": {
        "error": 0.098510667799749471, 
        "fit": "linear", 
        "value": 1.3239144805942276
    }, 
    "Ar39": {
        "error": 0.10136177568466237, 
        "fit": "Parabolic", 
        "value": 98.273894344418977
    }, 
    "Ar40": {
        "error": 0.29611449091166014, 
        "fit": "Parabolic", 
        "value": 1361.6848033105141
    }, 
    "Ar41": {
        "error": 0.10430178758792885, 
        "fit": "linear", 
        "value": 0.50446018829076544
    }
}