{
    "Ar36": {
        "error": 0.0020669950956854477, 
        "fit": "Parabolic", 
        "value": 0.029096492411114547
    }, 
    "Ar37": {
        "error": 0.05037864342878276, 
        "fit": "linear", 
        "value": 0.032147298248442896
    }, 
    "Ar38": {
        "error": 0.095343413610486358, 
        "fit": "linear", 
        "value": 1.3229108116701491
    }, 
    "Ar39": {
        "error": 0.095895660789838605, 
        "fit": "Parabolic", 
        "value": 98.265172690461867
    }, 
    "Ar40": {
        "error": 0.30369862182133234, 
        "fit": "Parabolic", 
        "value": 1361.5185659674776
    }, 
    "Ar41": {
        "error": 0.11004678009446762, 
        "fit": "linear", 
        "value": 0.49726401460622466
    }
}