{
    "Ar36": {
        "error": 0.00279022870827447, 
        "fit": "parabolic", 
        "value": 0.0305629204662453
    }, 
    "Ar37": {
        "error": 0.26126692843196775, 
        "fit": "linear", 
        "value": -0.40401205230757553
    }, 
    "Ar38": {
        "error": 0.11755972739213276, 
        "fit": "linear", 
        "value": 0.99175231703067768
    }, 
    "Ar39": {
        "error": 0.10604570631306656, 
        "fit": "parabolic", 
        "value": 105.15165879140123
    }, 
    "Ar40": {
        "error": 0.45215366167181142, 
        "fit": "parabolic", 
        "value": 1454.1254183449882
    }, 
    "Ar41": {
        "error": 0.11661634896517749, 
        "fit": "average_SEM", 
        "value": -0.30968587767332795
    }
}