{
    "Ar36": {
        "error": 0.0026409905154632573, 
        "fit": "parabolic", 
        "value": 0.031548767902936259
    }, 
    "Ar37": {
        "error": 0.26092738475402116, 
        "fit": "linear", 
        "value": -0.47651516007981187
    }, 
    "Ar38": {
        "error": 0.11057615385798393, 
        "fit": "linear", 
        "value": 0.92592935807118315
    }, 
    "Ar39": {
        "error": 0.10911104596448185, 
        "fit": "parabolic", 
        "value": 104.72919435365657
    }, 
    "Ar40": {
        "error": 0.46527930212184659, 
        "fit": "parabolic", 
        "value": 1447.5362708304165
    }, 
    "Ar41": {
        "error": 0.1207644962714669, 
        "fit": "average_SEM", 
        "value": -0.34717044881079345
    }
}