{
    "Ar36": {
        "error": 0.002752515518966105, 
        "fit": "parabolic", 
        "value": 0.030694738303704418
    }, 
    "Ar37": {
        "error": 0.25665363618608461, 
        "fit": "linear", 
        "value": -0.46375639208915825
    }, 
    "Ar38": {
        "error": 0.11039577091035663, 
        "fit": "linear", 
        "value": 0.93452928781892486
    }, 
    "Ar39": {
        "error": 0.10104731687709376, 
        "fit": "parabolic", 
        "value": 104.86557425035178
    }, 
    "Ar40": {
        "error": 0.42740055024217743, 
        "fit": "parabolic", 
        "value": 1450.2909223268807
    }, 
    "Ar41": {
        "error": 0.12538101051461198, 
        "fit": "average_SEM", 
        "value": -0.30536114361791988
    }
}