{
    "AX": {
        "error": 0.05894734204854804, 
        "fit": "average_SEM", 
        "value": 0.005182878939861742
    }, 
    "CDD": {
        "error": 0.00014953285081146478, 
        "fit": "average_SEM", 
        "value": 0.00018331086854838456
    }, 
    "H1": {
        "error": 0.12222355004220788, 
        "fit": "average_SEM", 
        "value": -0.23693929623501997
    }, 
    "H2": {
        "error": 0.11308554843581732, 
        "fit": "average_SEM", 
        "value": -0.4575978385905425
    }, 
    "L1": {
        "error": 0.23272765659608777, 
        "fit": "average_SEM", 
        "value": -0.30341774015687406
    }, 
    "L2": {
        "error": 0.1353099240292138, 
        "fit": "average_SEM", 
        "value": -0.38228697108570486
    }
}