{
    "AX": {
        "error": 0.05899016624222866, 
        "fit": "average_SEM", 
        "value": 0.009378958694045043
    }, 
    "CDD": {
        "error": 0.00010698960595034536, 
        "fit": "average_SEM", 
        "value": 8.060477897136783e-05
    }, 
    "H1": {
        "error": 0.12867637034140955, 
        "fit": "average_SEM", 
        "value": -0.2465937618476649
    }, 
    "H2": {
        "error": 0.1171791230539018, 
        "fit": "average_SEM", 
        "value": -0.4402783225600918
    }, 
    "L1": {
        "error": 0.22790333749956918, 
        "fit": "average_SEM", 
        "value": -0.306107591088706
    }, 
    "L2": {
        "error": 0.14142198481519555, 
        "fit": "average_SEM", 
        "value": -0.3809513964535048
    }
}