{
    "AX": {
        "error": 0.06124305343762457, 
        "fit": "average_SEM", 
        "value": 0.00985282654267697
    }, 
    "CDD": {
        "error": 0.00019546333960656715, 
        "fit": "average_SEM", 
        "value": 0.00021841295044093081
    }, 
    "H1": {
        "error": 0.13010938220854965, 
        "fit": "average_SEM", 
        "value": -0.2215907153840817
    }, 
    "H2": {
        "error": 0.12261041724766035, 
        "fit": "average_SEM", 
        "value": -0.4604788549244404
    }, 
    "L1": {
        "error": 0.2195580830987929, 
        "fit": "average_SEM", 
        "value": -0.3193399622221477
    }, 
    "L2": {
        "error": 0.1278438838267396, 
        "fit": "average_SEM", 
        "value": -0.3758288896332184
    }
}