{
    "AX": {
        "error": 0.05342903351069146, 
        "fit": "average_SEM", 
        "value": 0.004204670003430996
    }, 
    "CDD": {
        "error": 0.00020841071929544587, 
        "fit": "average_SEM", 
        "value": 0.00020021187180342773
    }, 
    "H1": {
        "error": 0.12387560470021418, 
        "fit": "average_SEM", 
        "value": -0.23515371284835662
    }, 
    "H2": {
        "error": 0.1272288867236525, 
        "fit": "average_SEM", 
        "value": -0.47274211086332796
    }, 
    "L1": {
        "error": 0.21281366538686172, 
        "fit": "average_SEM", 
        "value": -0.3330771014424196
    }, 
    "L2": {
        "error": 0.1321741686227599, 
        "fit": "average_SEM", 
        "value": -0.35882662085350603
    }
}