{
    "AX": {
        "error": 0.05139552847932882, 
        "fit": "average_SEM", 
        "value": -0.001710156614429792
    }, 
    "CDD": {
        "error": 0.0001540080614512597, 
        "fit": "average_SEM", 
        "value": 0.0001274075538579685
    }, 
    "H1": {
        "error": 0.12769884634180226, 
        "fit": "average_SEM", 
        "value": -0.22707895593096813
    }, 
    "H2": {
        "error": 0.12112632128450171, 
        "fit": "average_SEM", 
        "value": -0.4817950826138258
    }, 
    "L1": {
        "error": 0.22701650576301238, 
        "fit": "average_SEM", 
        "value": -0.2946827249523873
    }, 
    "L2": {
        "error": 0.14143732214056928, 
        "fit": "average_SEM", 
        "value": -0.3831333222566172
    }
}