{
    "AX": {
        "error": 0.0549233209060206, 
        "fit": "average_SEM", 
        "value": 0.007603892001498025
    }, 
    "CDD": {
        "error": 0.00019078586869068973, 
        "fit": "average_SEM", 
        "value": 0.00018461094587109982
    }, 
    "H1": {
        "error": 0.12519891902539304, 
        "fit": "average_SEM", 
        "value": -0.23576350262543808
    }, 
    "H2": {
        "error": 0.1450574604897346, 
        "fit": "average_SEM", 
        "value": -0.4678177112403015
    }, 
    "L1": {
        "error": 0.2085059862347843, 
        "fit": "average_SEM", 
        "value": -0.31745168267710444
    }, 
    "L2": {
        "error": 0.1358239906861301, 
        "fit": "average_SEM", 
        "value": -0.3870691260322928
    }
}