{
    "AX": {
        "error": 0.04691686612750383, 
        "fit": "average_SEM", 
        "value": -0.004595790889903457
    }, 
    "CDD": {
        "error": 0.00024116734468281853, 
        "fit": "average_SEM", 
        "value": 0.0003030443311824153
    }, 
    "H1": {
        "error": 0.09573193464724883, 
        "fit": "average_SEM", 
        "value": -0.5152459082932308
    }, 
    "H2": {
        "error": 0.09988971508810943, 
        "fit": "average_SEM", 
        "value": -0.38779149055480955
    }, 
    "L1": {
        "error": 0.09304407496487434, 
        "fit": "average_SEM", 
        "value": -0.3961097773229867
    }, 
    "L2": {
        "error": 0.23343999172511182, 
        "fit": "average_SEM", 
        "value": -0.5640864775205652
    }
}