{
    "AX": {
        "error": 0.050994727761058914, 
        "fit": "average_SEM", 
        "value": -0.008275449173851755
    }, 
    "CDD": {
        "error": 0.00013504428680883614, 
        "fit": "average_SEM", 
        "value": 0.0002950533004156474
    }, 
    "H1": {
        "error": 0.0899215955939635, 
        "fit": "average_SEM", 
        "value": -0.5185818886547758
    }, 
    "H2": {
        "error": 0.13500012042841733, 
        "fit": "average_SEM", 
        "value": -0.36642156780386964
    }, 
    "L1": {
        "error": 0.08087136899065324, 
        "fit": "average_SEM", 
        "value": -0.40672429245814945
    }, 
    "L2": {
        "error": 0.2583150299293697, 
        "fit": "average_SEM", 
        "value": -0.6602257539828619
    }
}