{
    "AX": {
        "error": 0.06010838273954683, 
        "fit": "average_SEM", 
        "value": -0.010913069616959793
    }, 
    "CDD": {
        "error": 0.0001602532295102566, 
        "fit": "average_SEM", 
        "value": 0.00019099432392977178
    }, 
    "H1": {
        "error": 0.10430132707963291, 
        "fit": "average_SEM", 
        "value": -0.5445858714944225
    }, 
    "H2": {
        "error": 0.11175091454261869, 
        "fit": "average_SEM", 
        "value": -0.4088183676203092
    }, 
    "L1": {
        "error": 0.1028585691643397, 
        "fit": "average_SEM", 
        "value": -0.4113995015089001
    }, 
    "L2": {
        "error": 0.23621451289683934, 
        "fit": "average_SEM", 
        "value": -0.488810853784283
    }
}