{
    "AX": {
        "error": 0.03667284822934742, 
        "fit": "average_SEM", 
        "value": -0.004866956089564043
    }, 
    "CDD": {
        "error": 0.00017986526213061694, 
        "fit": "average_SEM", 
        "value": 0.000286826564677125
    }, 
    "H1": {
        "error": 0.09640473692915005, 
        "fit": "average_SEM", 
        "value": -0.5324981808662415
    }, 
    "H2": {
        "error": 0.11478736277293677, 
        "fit": "average_SEM", 
        "value": -0.37722331993281843
    }, 
    "L1": {
        "error": 0.08332305028346404, 
        "fit": "average_SEM", 
        "value": -0.38223224595702926
    }, 
    "L2": {
        "error": 0.26567712630064266, 
        "fit": "average_SEM", 
        "value": -0.477391794991369
    }
}