{
    "AX": {
        "error": 0.03977169349257605, 
        "fit": "average_SEM", 
        "value": -0.013866050847546399
    }, 
    "CDD": {
        "error": 0.00015228621668790637, 
        "fit": "average_SEM", 
        "value": 0.00018967712169577335
    }, 
    "H1": {
        "error": 0.08848979262420242, 
        "fit": "average_SEM", 
        "value": -0.5379103385565573
    }, 
    "H2": {
        "error": 0.11026746753775682, 
        "fit": "average_SEM", 
        "value": -0.38604254871606825
    }, 
    "L1": {
        "error": 0.10669982667681424, 
        "fit": "average_SEM", 
        "value": -0.38601685366753874
    }, 
    "L2": {
        "error": 0.2328890198674017, 
        "fit": "average_SEM", 
        "value": -0.5891594178974628
    }
}