{
    "AX": {
        "error": 0.05715869772254824, 
        "fit": "average_SEM", 
        "value": -0.004554843482890584
    }, 
    "CDD": {
        "error": 6.788116406289413e-05, 
        "fit": "average_SEM", 
        "value": 4.020933135363617e-05
    }, 
    "H1": {
        "error": 0.0992306797988316, 
        "fit": "average_SEM", 
        "value": -0.5596121827076221
    }, 
    "H2": {
        "error": 0.12645480957288158, 
        "fit": "average_SEM", 
        "value": -0.39057880475496254
    }, 
    "L1": {
        "error": 0.06946814801021071, 
        "fit": "average_SEM", 
        "value": -0.44778182486007956
    }, 
    "L2": {
        "error": 0.2486909606865446, 
        "fit": "average_SEM", 
        "value": -0.567579370799164
    }
}