{
    "AX": {
        "error": 0.04581600798127879, 
        "fit": "average_SEM", 
        "value": -0.009793322396882135
    }, 
    "CDD": {
        "error": 0.0002454949941504161, 
        "fit": "average_SEM", 
        "value": 0.0004449832782132976
    }, 
    "H1": {
        "error": 0.09621874360644417, 
        "fit": "average_SEM", 
        "value": -0.559796228743436
    }, 
    "H2": {
        "error": 0.10812788593822414, 
        "fit": "average_SEM", 
        "value": -0.396696446587642
    }, 
    "L1": {
        "error": 0.10802831233943978, 
        "fit": "average_SEM", 
        "value": -0.43161326899366864
    }, 
    "L2": {
        "error": 0.23622035183273654, 
        "fit": "average_SEM", 
        "value": -0.5882376885041595
    }
}