{
    "AX": {
        "error": 0.03971056627315264, 
        "fit": "average_SEM", 
        "value": -0.01447971769344544
    }, 
    "CDD": {
        "error": 0.0001225166027194623, 
        "fit": "average_SEM", 
        "value": 0.00015788864111527802
    }, 
    "H1": {
        "error": 0.10585921645016887, 
        "fit": "average_SEM", 
        "value": -0.5583879716437439
    }, 
    "H2": {
        "error": 0.1331483823774444, 
        "fit": "average_SEM", 
        "value": -0.40176247615988053
    }, 
    "L1": {
        "error": 0.08314836818395531, 
        "fit": "average_SEM", 
        "value": -0.43403987168220054
    }, 
    "L2": {
        "error": 0.2640837139106979, 
        "fit": "average_SEM", 
        "value": -0.6033033743966371
    }
}