{
    "AX": {
        "error": 0.045710468547507085, 
        "fit": "average_SEM", 
        "value": 0.00952092218684466
    }, 
    "CDD": {
        "error": 0.00010616725138627119, 
        "fit": "average_SEM", 
        "value": 0.000139153007434548
    }, 
    "H1": {
        "error": 0.10575192731788878, 
        "fit": "average_SEM", 
        "value": -0.5781100284436653
    }, 
    "H2": {
        "error": 0.12694623472339883, 
        "fit": "average_SEM", 
        "value": -0.37266421044866244
    }, 
    "L1": {
        "error": 0.08856155242789113, 
        "fit": "average_SEM", 
        "value": -0.411886179755474
    }, 
    "L2": {
        "error": 0.24330632007030278, 
        "fit": "average_SEM", 
        "value": -0.5938904550857842
    }
}