{
    "AX": {
        "error": 0.04322328765235411, 
        "fit": "average_SEM", 
        "value": -0.009185739034141431
    }, 
    "CDD": {
        "error": 0.00011893433301141288, 
        "fit": "average_SEM", 
        "value": 0.00010722488360969644
    }, 
    "H1": {
        "error": 0.10515340871000067, 
        "fit": "average_SEM", 
        "value": -0.5685627429649748
    }, 
    "H2": {
        "error": 0.10043847251618825, 
        "fit": "average_SEM", 
        "value": -0.4144873318572839
    }, 
    "L1": {
        "error": 0.10038147923800841, 
        "fit": "average_SEM", 
        "value": -0.423542589994899
    }, 
    "L2": {
        "error": 0.2546298394658015, 
        "fit": "average_SEM", 
        "value": -0.5823230518649022
    }
}