{
    "AX": {
        "error": 0.05028100679245426, 
        "fit": "average_SEM", 
        "value": -0.005744386007011469
    }, 
    "CDD": {
        "error": 0.0001526517868420467, 
        "fit": "average_SEM", 
        "value": 0.00025379584739142555
    }, 
    "H1": {
        "error": 0.09492774240381137, 
        "fit": "average_SEM", 
        "value": -0.566779126381052
    }, 
    "H2": {
        "error": 0.11411045751513064, 
        "fit": "average_SEM", 
        "value": -0.3843582128485044
    }, 
    "L1": {
        "error": 0.10194478708228565, 
        "fit": "average_SEM", 
        "value": -0.434307402424645
    }, 
    "L2": {
        "error": 0.209916025956972, 
        "fit": "average_SEM", 
        "value": -0.46026001665741206
    }
}