{
    "AX": {
        "error": 0.048392119968631735, 
        "fit": "average_SEM", 
        "value": -0.018108244242045515
    }, 
    "CDD": {
        "error": 0.00010786066185442809, 
        "fit": "average_SEM", 
        "value": 0.00011112397028641267
    }, 
    "H1": {
        "error": 0.0872902849175187, 
        "fit": "average_SEM", 
        "value": -0.5504847974107977
    }, 
    "H2": {
        "error": 0.1080301084560166, 
        "fit": "average_SEM", 
        "value": -0.3872228809942802
    }, 
    "L1": {
        "error": 0.10239708628379765, 
        "fit": "average_SEM", 
        "value": -0.43403883413835004
    }, 
    "L2": {
        "error": 0.28936887300500075, 
        "fit": "average_SEM", 
        "value": -0.45079523641616104
    }
}