{
    "AX": {
        "error": 0.05492606368915917, 
        "fit": "average_SEM", 
        "value": -0.016435206861627336
    }, 
    "CDD": {
        "error": 0.0001518045746251096, 
        "fit": "average_SEM", 
        "value": 0.00022785287767060493
    }, 
    "H1": {
        "error": 0.07364105517090169, 
        "fit": "average_SEM", 
        "value": -0.5646116233297757
    }, 
    "H2": {
        "error": 0.11799584441098866, 
        "fit": "average_SEM", 
        "value": -0.39547649150093395
    }, 
    "L1": {
        "error": 0.10147538314350793, 
        "fit": "average_SEM", 
        "value": -0.41844083133496734
    }, 
    "L2": {
        "error": 0.2742436312921599, 
        "fit": "average_SEM", 
        "value": -0.5274101132061333
    }
}