{
    "AX": {
        "error": 0.049711401521442, 
        "fit": "average_SEM", 
        "value": -0.00400759905213648
    }, 
    "CDD": {
        "error": 0.0001085155421506634, 
        "fit": "average_SEM", 
        "value": 0.00012598923824139332
    }, 
    "H1": {
        "error": 0.08315897565601413, 
        "fit": "average_SEM", 
        "value": -0.5760672225483826
    }, 
    "H2": {
        "error": 0.13392648305941107, 
        "fit": "average_SEM", 
        "value": -0.36611360535025594
    }, 
    "L1": {
        "error": 0.10291418449358243, 
        "fit": "average_SEM", 
        "value": -0.4197476840855783
    }, 
    "L2": {
        "error": 0.24784563607723806, 
        "fit": "average_SEM", 
        "value": -0.37496654616358377
    }
}