{
    "AX": {
        "error": 0.03907248825299401, 
        "fit": "average_SEM", 
        "value": -0.0071169013043113965
    }, 
    "CDD": {
        "error": 0.00017818542387274366, 
        "fit": "average_SEM", 
        "value": 0.0002739780646716726
    }, 
    "H1": {
        "error": 0.08234269918174923, 
        "fit": "average_SEM", 
        "value": -0.5736637933779571
    }, 
    "H2": {
        "error": 0.10222629805120619, 
        "fit": "average_SEM", 
        "value": -0.4035507753491402
    }, 
    "L1": {
        "error": 0.09328196971536051, 
        "fit": "average_SEM", 
        "value": -0.41511662016835127
    }, 
    "L2": {
        "error": 0.22350412752117352, 
        "fit": "average_SEM", 
        "value": -0.6176833048462868
    }
}