{
    "AX": {
        "error": 0.048034726481582066, 
        "fit": "average_SEM", 
        "value": -0.012718227781812873
    }, 
    "CDD": {
        "error": 7.305351481773229e-05, 
        "fit": "average_SEM", 
        "value": 7.769260634431394e-05
    }, 
    "H1": {
        "error": 0.08060211893167563, 
        "fit": "average_SEM", 
        "value": -0.5918260195799041
    }, 
    "H2": {
        "error": 0.1343335372735364, 
        "fit": "average_SEM", 
        "value": -0.3856655968974034
    }, 
    "L1": {
        "error": 0.11148890410616115, 
        "fit": "average_SEM", 
        "value": -0.4208595906866008
    }, 
    "L2": {
        "error": 0.24454161736519678, 
        "fit": "average_SEM", 
        "value": -0.5587394236897428
    }
}