{
    "AX": {
        "error": 0.033592196196082204, 
        "fit": "average_SEM", 
        "value": -0.013038424362259155
    }, 
    "CDD": {
        "error": 0.00015417825166512587, 
        "fit": "average_SEM", 
        "value": 0.00022517225558036253
    }, 
    "H1": {
        "error": 0.09251242469638211, 
        "fit": "average_SEM", 
        "value": -0.5787934043951202
    }, 
    "H2": {
        "error": 0.11353126481519175, 
        "fit": "average_SEM", 
        "value": -0.37532832970221836
    }, 
    "L1": {
        "error": 0.10279028091911897, 
        "fit": "average_SEM", 
        "value": -0.42673739477207784
    }, 
    "L2": {
        "error": 0.25020651197625726, 
        "fit": "average_SEM", 
        "value": -0.5628063191359008
    }
}