{
    "AX": {
        "error": 0.03332218001769691, 
        "fit": "average_SEM", 
        "value": -0.009875399583395113
    }, 
    "CDD": {
        "error": 0.00018026517368632559, 
        "fit": "average_SEM", 
        "value": 0.0003418474708746929
    }, 
    "H1": {
        "error": 0.08304557261518666, 
        "fit": "average_SEM", 
        "value": -0.5915190310854661
    }, 
    "H2": {
        "error": 0.10382594531212368, 
        "fit": "average_SEM", 
        "value": -0.3797804313401381
    }, 
    "L1": {
        "error": 0.10213839451284283, 
        "fit": "average_SEM", 
        "value": -0.43453110060815153
    }, 
    "L2": {
        "error": 0.22098382761877708, 
        "fit": "average_SEM", 
        "value": -0.5349767241626978
    }
}