{
    "AX": {
        "error": 0.04203179214521379, 
        "fit": "average_SEM", 
        "value": -0.01899125690347162
    }, 
    "CDD": {
        "error": 0.0001846698879648239, 
        "fit": "average_SEM", 
        "value": 0.0002470193256158382
    }, 
    "H1": {
        "error": 0.097002076885073, 
        "fit": "average_SEM", 
        "value": -0.5434443524171566
    }, 
    "H2": {
        "error": 0.13183607982352424, 
        "fit": "average_SEM", 
        "value": -0.3513013495753209
    }, 
    "L1": {
        "error": 0.09305307265870072, 
        "fit": "average_SEM", 
        "value": -0.3908838557877711
    }, 
    "L2": {
        "error": 0.22533586466384697, 
        "fit": "average_SEM", 
        "value": -0.6160751757522424
    }
}