{
    "AX": {
        "error": 0.05465871870097685, 
        "fit": "average_SEM", 
        "value": -0.0031272753458951824
    }, 
    "CDD": {
        "error": 0.0001539875154327107, 
        "fit": "average_SEM", 
        "value": 0.00018228230213648394
    }, 
    "H1": {
        "error": 0.10177163120824664, 
        "fit": "average_SEM", 
        "value": -0.5542284032063824
    }, 
    "H2": {
        "error": 0.10450181616074117, 
        "fit": "average_SEM", 
        "value": -0.3616020907958349
    }, 
    "L1": {
        "error": 0.1109934350011705, 
        "fit": "average_SEM", 
        "value": -0.4302008863666962
    }, 
    "L2": {
        "error": 0.2103152216814351, 
        "fit": "average_SEM", 
        "value": -0.5808563191443682
    }
}