{
    "AX": {
        "error": 0.0529234192870382, 
        "fit": "average_SEM", 
        "value": -0.002040000723229304
    }, 
    "CDD": {
        "error": 0.0001314047916035556, 
        "fit": "average_SEM", 
        "value": 0.0002439366102120594
    }, 
    "H1": {
        "error": 0.09115399278066297, 
        "fit": "average_SEM", 
        "value": -0.5190259657408062
    }, 
    "H2": {
        "error": 0.11282572982206254, 
        "fit": "average_SEM", 
        "value": -0.34842603442569575
    }, 
    "L1": {
        "error": 0.10217197132085971, 
        "fit": "average_SEM", 
        "value": -0.3771195773567472
    }, 
    "L2": {
        "error": 0.2495281203441127, 
        "fit": "average_SEM", 
        "value": -0.5534562040741245
    }
}