{
    "AX": {
        "error": 0.0437734738146505, 
        "fit": "average_SEM", 
        "value": -0.003668483614656625
    }, 
    "CDD": {
        "error": 0.0001573297842192028, 
        "fit": "average_SEM", 
        "value": 0.00024283564042499556
    }, 
    "H1": {
        "error": 0.09222150649297375, 
        "fit": "average_SEM", 
        "value": -0.5497973043667642
    }, 
    "H2": {
        "error": 0.10624892014835852, 
        "fit": "average_SEM", 
        "value": -0.34008828898270926
    }, 
    "L1": {
        "error": 0.08919997985221172, 
        "fit": "average_SEM", 
        "value": -0.37445648929529024
    }, 
    "L2": {
        "error": 0.21891526583106544, 
        "fit": "average_SEM", 
        "value": -0.5050539270043373
    }
}