{
    "AX": {
        "error": 0.04200429007245977, 
        "fit": "average_SEM", 
        "value": -0.008964709286055151
    }, 
    "CDD": {
        "error": 0.0001620150293352911, 
        "fit": "average_SEM", 
        "value": 0.0001870427172277765
    }, 
    "H1": {
        "error": 0.11451856555611463, 
        "fit": "average_SEM", 
        "value": -0.4964949018874411
    }, 
    "H2": {
        "error": 0.11165385454520597, 
        "fit": "average_SEM", 
        "value": -0.3577799760426084
    }, 
    "L1": {
        "error": 0.10693928438598041, 
        "fit": "average_SEM", 
        "value": -0.42056271382446947
    }, 
    "L2": {
        "error": 0.23333814448355325, 
        "fit": "average_SEM", 
        "value": -0.5194845757291963
    }
}