{
    "AX": {
        "error": 0.058327080016503746, 
        "fit": "average_SEM", 
        "value": -0.0060949143491974426
    }, 
    "CDD": {
        "error": 0.0001547016007943301, 
        "fit": "average_SEM", 
        "value": 0.00023446199765171985
    }, 
    "H1": {
        "error": 0.10326455571896954, 
        "fit": "average_SEM", 
        "value": -0.48875484550208376
    }, 
    "H2": {
        "error": 0.11350105513971877, 
        "fit": "average_SEM", 
        "value": -0.3640717871487141
    }, 
    "L1": {
        "error": 0.10092385673411221, 
        "fit": "average_SEM", 
        "value": -0.3995276902770174
    }, 
    "L2": {
        "error": 0.23685239605150138, 
        "fit": "average_SEM", 
        "value": -0.5429596193755667
    }
}