{
    "AX": {
        "error": 0.04407635951500065, 
        "fit": "average_SEM", 
        "value": -0.02117702121317403
    }, 
    "CDD": {
        "error": 0.00013350382505239333, 
        "fit": "average_SEM", 
        "value": 0.000195685412587696
    }, 
    "H1": {
        "error": 0.12835723743287317, 
        "fit": "average_SEM", 
        "value": -0.5089330901702245
    }, 
    "H2": {
        "error": 0.08648704844544851, 
        "fit": "average_SEM", 
        "value": -0.3627490590016047
    }, 
    "L1": {
        "error": 0.08411545056554168, 
        "fit": "average_SEM", 
        "value": -0.3698187420765559
    }, 
    "L2": {
        "error": 0.24150542377655754, 
        "fit": "average_SEM", 
        "value": -0.46374591862161957
    }
}