{
    "AX": {
        "error": 0.057535238764447744, 
        "fit": "average_SEM", 
        "value": -0.00036905868176491223
    }, 
    "CDD": {
        "error": 0.00015209934864816985, 
        "fit": "average_SEM", 
        "value": 0.00019099432392977178
    }, 
    "H1": {
        "error": 0.09510141426689005, 
        "fit": "average_SEM", 
        "value": -0.4764047929069452
    }, 
    "H2": {
        "error": 0.11740779210550818, 
        "fit": "average_SEM", 
        "value": -0.335616431509455
    }, 
    "L1": {
        "error": 0.09603919648243917, 
        "fit": "average_SEM", 
        "value": -0.37564316290920063
    }, 
    "L2": {
        "error": 0.24128172005286594, 
        "fit": "average_SEM", 
        "value": -0.4351982957838724
    }
}