{
    "AX": {
        "error": 0.04907570425700261, 
        "fit": "average_SEM", 
        "value": -0.006701536259838733
    }, 
    "CDD": {
        "error": 0.00011435700263777123, 
        "fit": "average_SEM", 
        "value": 0.00013671172660236297
    }, 
    "H1": {
        "error": 0.11709529139851522, 
        "fit": "average_SEM", 
        "value": -0.5222225435848894
    }, 
    "H2": {
        "error": 0.09836434838731445, 
        "fit": "average_SEM", 
        "value": -0.32683421311279137
    }, 
    "L1": {
        "error": 0.10912969906786621, 
        "fit": "average_SEM", 
        "value": -0.3743871358925836
    }, 
    "L2": {
        "error": 0.3127111811552286, 
        "fit": "average_SEM", 
        "value": -0.38622070007647075
    }
}