{
    "AX": {
        "error": 0.0525661849242843, 
        "fit": "average_SEM", 
        "value": -0.019932508538068647
    }, 
    "CDD": {
        "error": 7.46091594536298e-05, 
        "fit": "average_SEM", 
        "value": 8.309928479751474e-05
    }, 
    "H1": {
        "error": 0.09406246667053482, 
        "fit": "average_SEM", 
        "value": -0.4824651568605189
    }, 
    "H2": {
        "error": 0.10611293567772981, 
        "fit": "average_SEM", 
        "value": -0.3107451499750217
    }, 
    "L1": {
        "error": 0.06494229374933261, 
        "fit": "average_SEM", 
        "value": -0.3595118140965177
    }, 
    "L2": {
        "error": 0.2374473676396863, 
        "fit": "average_SEM", 
        "value": -0.5156317216654619
    }
}