{
    "AX": {
        "error": 0.04188149093072841, 
        "fit": "average_SEM", 
        "value": -0.011910460395084923
    }, 
    "CDD": {
        "error": 0.00017568381084207566, 
        "fit": "average_SEM", 
        "value": 0.00026933436866028837
    }, 
    "H1": {
        "error": 0.10261202636623853, 
        "fit": "average_SEM", 
        "value": -0.4938362353834613
    }, 
    "H2": {
        "error": 0.12318278648734782, 
        "fit": "average_SEM", 
        "value": -0.34594826549291613
    }, 
    "L1": {
        "error": 0.1153790600700786, 
        "fit": "average_SEM", 
        "value": -0.37665667409698167
    }, 
    "L2": {
        "error": 0.24606206065283556, 
        "fit": "average_SEM", 
        "value": -0.5365533472659687
    }
}