{
    "AX": {
        "error": 0.04529458047185049, 
        "fit": "average_SEM", 
        "value": -0.013217301468422081
    }, 
    "CDD": {
        "error": 0.0001552452419165125, 
        "fit": "average_SEM", 
        "value": 0.0002439366102120594
    }, 
    "H1": {
        "error": 0.09601678742545916, 
        "fit": "average_SEM", 
        "value": -0.4842649489118342
    }, 
    "H2": {
        "error": 0.11614080500196818, 
        "fit": "average_SEM", 
        "value": -0.3238363521794478
    }, 
    "L1": {
        "error": 0.09076811500785438, 
        "fit": "average_SEM", 
        "value": -0.3999816866820319
    }, 
    "L2": {
        "error": 0.24701686473501663, 
        "fit": "average_SEM", 
        "value": -0.5487836058562
    }
}