{
    "AX": {
        "error": 0.057335475182684933, 
        "fit": "average_SEM", 
        "value": -0.01788332017845121
    }, 
    "CDD": {
        "error": 0.0001088333463894656, 
        "fit": "average_SEM", 
        "value": 9.677045745775104e-05
    }, 
    "H1": {
        "error": 0.09818584502473932, 
        "fit": "average_SEM", 
        "value": -0.48681929812096714
    }, 
    "H2": {
        "error": 0.12479213649650196, 
        "fit": "average_SEM", 
        "value": -0.3432602994143963
    }, 
    "L1": {
        "error": 0.07639647803448417, 
        "fit": "average_SEM", 
        "value": -0.38835055993071627
    }, 
    "L2": {
        "error": 0.2281979303617243, 
        "fit": "average_SEM", 
        "value": -0.5702632730205853
    }
}