{
    "AX": {
        "error": 0.04962061547681619, 
        "fit": "average_SEM", 
        "value": -0.012737588643222669
    }, 
    "CDD": {
        "error": 0.00011591040751427041, 
        "fit": "average_SEM", 
        "value": 0.00016887919168527188
    }, 
    "H1": {
        "error": 0.12547462104441856, 
        "fit": "average_SEM", 
        "value": -0.4679497328811678
    }, 
    "H2": {
        "error": 0.13614834461554717, 
        "fit": "average_SEM", 
        "value": -0.32771728800920147
    }, 
    "L1": {
        "error": 0.13051302605116386, 
        "fit": "average_SEM", 
        "value": -0.32822690858391296
    }, 
    "L2": {
        "error": 0.25703295173552765, 
        "fit": "average_SEM", 
        "value": -0.46656965216000873
    }
}