{
    "AX": {
        "error": 0.06337281676818467, 
        "fit": "average_SEM", 
        "value": -0.009428924721820902
    }, 
    "CDD": {
        "error": 0.00016063615294630246, 
        "fit": "average_SEM", 
        "value": 0.00022392437977973242
    }, 
    "H1": {
        "error": 0.08253550042636396, 
        "fit": "average_SEM", 
        "value": -0.5142053227339473
    }, 
    "H2": {
        "error": 0.12936091339007816, 
        "fit": "average_SEM", 
        "value": -0.3475190555676818
    }, 
    "L1": {
        "error": 0.10158897171777019, 
        "fit": "average_SEM", 
        "value": -0.37535715254686647
    }, 
    "L2": {
        "error": 0.21256873556405376, 
        "fit": "average_SEM", 
        "value": -0.4610692948102951
    }
}