{
    "AX": {
        "error": 0.05167213310853229, 
        "fit": "average_SEM", 
        "value": -0.015525519902309628
    }, 
    "CDD": {
        "error": 0.00018338486502601984, 
        "fit": "average_SEM", 
        "value": 0.00025465909857302904
    }, 
    "H1": {
        "error": 0.10653750765179713, 
        "fit": "average_SEM", 
        "value": -0.48644700907824334
    }, 
    "H2": {
        "error": 0.1062268763434625, 
        "fit": "average_SEM", 
        "value": -0.330234345421195
    }, 
    "L1": {
        "error": 0.09304152069019757, 
        "fit": "average_SEM", 
        "value": -0.3395522516220808
    }, 
    "L2": {
        "error": 0.25193781905407664, 
        "fit": "average_SEM", 
        "value": -0.41511675333992265
    }
}