{
    "AX": {
        "error": 0.059985220075903276, 
        "fit": "average_SEM", 
        "value": -0.02067799002718951
    }, 
    "CDD": {
        "error": 0.00011254425082348898, 
        "fit": "average_SEM", 
        "value": 0.00010641112333230142
    }, 
    "H1": {
        "error": 0.1100864877788061, 
        "fit": "average_SEM", 
        "value": -0.4709680681511507
    }, 
    "H2": {
        "error": 0.13740536411971987, 
        "fit": "average_SEM", 
        "value": -0.3724651666978995
    }, 
    "L1": {
        "error": 0.10005084137547628, 
        "fit": "average_SEM", 
        "value": -0.34091185470079555
    }, 
    "L2": {
        "error": 0.24611769914944637, 
        "fit": "average_SEM", 
        "value": -0.4288411534197318
    }
}