{
    "AX": {
        "error": 0.04878206667449975, 
        "fit": "average_SEM", 
        "value": -0.01281316126410833
    }, 
    "CDD": {
        "error": 0.00011707490115249495, 
        "fit": "average_SEM", 
        "value": 0.00013135048242187813
    }, 
    "H1": {
        "error": 0.09176555176293934, 
        "fit": "average_SEM", 
        "value": -0.4858009470947858
    }, 
    "H2": {
        "error": 0.10566813473471952, 
        "fit": "average_SEM", 
        "value": -0.32784696395198504
    }, 
    "L1": {
        "error": 0.08251624609128504, 
        "fit": "average_SEM", 
        "value": -0.3516294049291775
    }, 
    "L2": {
        "error": 0.19695515930468502, 
        "fit": "average_SEM", 
        "value": -0.33325584552561244
    }
}