{
    "AX": {
        "error": 0.0440140174390278, 
        "fit": "average_SEM", 
        "value": -0.006386479599833754
    }, 
    "CDD": {
        "error": 7.081604929873542e-05, 
        "fit": "average_SEM", 
        "value": 6.849451616791815e-05
    }, 
    "H1": {
        "error": 0.08731490400001954, 
        "fit": "average_SEM", 
        "value": -0.5083427609040819
    }, 
    "H2": {
        "error": 0.11290426009217128, 
        "fit": "average_SEM", 
        "value": -0.32397625086208187
    }, 
    "L1": {
        "error": 0.08941196482450828, 
        "fit": "average_SEM", 
        "value": -0.37540506924453537
    }, 
    "L2": {
        "error": 0.24555386006483865, 
        "fit": "average_SEM", 
        "value": -0.46328830704636254
    }
}