{
    "AX": {
        "error": 0.04159049750988174, 
        "fit": "average_SEM", 
        "value": -0.009639053130389616
    }, 
    "CDD": {
        "error": 0.00015072356042110518, 
        "fit": "average_SEM", 
        "value": 0.00016668595542961901
    }, 
    "H1": {
        "error": 0.09232011295561976, 
        "fit": "average_SEM", 
        "value": -0.5163929553355201
    }, 
    "H2": {
        "error": 0.10774674397482135, 
        "fit": "average_SEM", 
        "value": -0.33287159850200015
    }, 
    "L1": {
        "error": 0.06612036547755278, 
        "fit": "average_SEM", 
        "value": -0.333787542310628
    }, 
    "L2": {
        "error": 0.25564635643723155, 
        "fit": "average_SEM", 
        "value": -0.4930307672979931
    }
}