{
    "AX": {
        "error": 0.05302911303172133, 
        "fit": "average_SEM", 
        "value": -0.010408480884507298
    }, 
    "CDD": {
        "error": 7.714309092550912e-05, 
        "fit": "average_SEM", 
        "value": 9.650239524872679e-05
    }, 
    "H1": {
        "error": 0.12364281626470905, 
        "fit": "average_SEM", 
        "value": -0.42378910810782994
    }, 
    "H2": {
        "error": 0.09660081787335835, 
        "fit": "average_SEM", 
        "value": -0.3257860014835993
    }, 
    "L1": {
        "error": 0.08947216767363286, 
        "fit": "average_SEM", 
        "value": -0.3516534921424142
    }, 
    "L2": {
        "error": 0.27918303261957944, 
        "fit": "average_SEM", 
        "value": -0.3335290112028209
    }
}