{
    "AX": {
        "error": 0.04371765653693514, 
        "fit": "average_SEM", 
        "value": -0.00809938193033931
    }, 
    "CDD": {
        "error": 0.00014662791196364772, 
        "fit": "average_SEM", 
        "value": 0.00023321412185108975
    }, 
    "H1": {
        "error": 0.10902040864836852, 
        "fit": "average_SEM", 
        "value": -0.47306780979551116
    }, 
    "H2": {
        "error": 0.12749642829315308, 
        "fit": "average_SEM", 
        "value": -0.3094597464116911
    }, 
    "L1": {
        "error": 0.07967246019949042, 
        "fit": "average_SEM", 
        "value": -0.3691899348389019
    }, 
    "L2": {
        "error": 0.24063635009860157, 
        "fit": "average_SEM", 
        "value": -0.45896124948437017
    }
}