{
    "AX": {
        "error": 0.03942684320250737, 
        "fit": "average_SEM", 
        "value": -0.003493901273734018
    }, 
    "CDD": {
        "error": 0.00014925611946498465, 
        "fit": "average_SEM", 
        "value": 0.00024602658675699417
    }, 
    "H1": {
        "error": 0.10369123098737025, 
        "fit": "average_SEM", 
        "value": -0.48669560959464625
    }, 
    "H2": {
        "error": 0.10588581577188812, 
        "fit": "average_SEM", 
        "value": -0.3236301481102904
    }, 
    "L1": {
        "error": 0.09177185244341504, 
        "fit": "average_SEM", 
        "value": -0.38856590898900195
    }, 
    "L2": {
        "error": 0.2677105650854526, 
        "fit": "average_SEM", 
        "value": -0.37264097736527524
    }
}