{
    "AX": {
        "error": 0.052784668396501686, 
        "fit": "average_SEM", 
        "value": -0.006728243501254775
    }, 
    "CDD": {
        "error": 0.00015221995631115094, 
        "fit": "average_SEM", 
        "value": 0.00017692105795599913
    }, 
    "H1": {
        "error": 0.09331932427882383, 
        "fit": "average_SEM", 
        "value": -0.5157195507434377
    }, 
    "H2": {
        "error": 0.1104244227502418, 
        "fit": "average_SEM", 
        "value": -0.3388185502961278
    }, 
    "L1": {
        "error": 0.10964980407295011, 
        "fit": "average_SEM", 
        "value": -0.3493852576209327
    }, 
    "L2": {
        "error": 0.27840230593319787, 
        "fit": "average_SEM", 
        "value": -0.31205862286733466
    }
}