{
    "AX": {
        "error": 0.03907039489647342, 
        "fit": "average_SEM", 
        "value": -0.019654638185914206
    }, 
    "CDD": {
        "error": 0.00014514417800933862, 
        "fit": "average_SEM", 
        "value": 0.0002356675725777523
    }, 
    "H1": {
        "error": 0.10250717941474151, 
        "fit": "average_SEM", 
        "value": -0.46617991117567853
    }, 
    "H2": {
        "error": 0.10343304643371386, 
        "fit": "average_SEM", 
        "value": -0.36889021601527927
    }, 
    "L1": {
        "error": 0.07785346380574101, 
        "fit": "average_SEM", 
        "value": -0.35188740212470293
    }, 
    "L2": {
        "error": 0.24405185191355314, 
        "fit": "average_SEM", 
        "value": -0.299586287047714
    }
}