{
    "AX": {
        "error": 0.041823511872046935, 
        "fit": "average_SEM", 
        "value": -0.0026643807309326426
    }, 
    "CDD": {
        "error": 0.00017668155458647612, 
        "fit": "average_SEM", 
        "value": 0.00027610407529496834
    }, 
    "H1": {
        "error": 0.09692335734970901, 
        "fit": "average_SEM", 
        "value": -0.46961004299632575
    }, 
    "H2": {
        "error": 0.11280090760795146, 
        "fit": "average_SEM", 
        "value": -0.3256738319993019
    }, 
    "L1": {
        "error": 0.10843582810761745, 
        "fit": "average_SEM", 
        "value": -0.3559586364647438
    }, 
    "L2": {
        "error": 0.303349466359374, 
        "fit": "average_SEM", 
        "value": -0.3779098478689169
    }
}