{
    "AX": {
        "error": 0.048113942830412336, 
        "fit": "average_SEM", 
        "value": 0.0007659125656477715
    }, 
    "CDD": {
        "error": 0.0001709414095638381, 
        "fit": "average_SEM", 
        "value": 0.0002841459425868826
    }, 
    "H1": {
        "error": 0.08983723566460645, 
        "fit": "average_SEM", 
        "value": -0.4918069192047777
    }, 
    "H2": {
        "error": 0.12118280766418318, 
        "fit": "average_SEM", 
        "value": -0.3408365187545617
    }, 
    "L1": {
        "error": 0.07548363196627121, 
        "fit": "average_SEM", 
        "value": -0.3137846740809354
    }, 
    "L2": {
        "error": 0.23039219911436112, 
        "fit": "average_SEM", 
        "value": -0.37306206016801297
    }
}