{
    "AX": {
        "error": 0.06850273165141979, 
        "fit": "average_SEM", 
        "value": -0.006265345169231296
    }, 
    "CDD": {
        "error": 0.00015597451229535815, 
        "fit": "average_SEM", 
        "value": 0.00021494954421926859
    }, 
    "H1": {
        "error": 0.09880685852172173, 
        "fit": "average_SEM", 
        "value": -0.5162285965468202
    }, 
    "H2": {
        "error": 0.10874599033314676, 
        "fit": "average_SEM", 
        "value": -0.3449054648478826
    }, 
    "L1": {
        "error": 0.08482403527725572, 
        "fit": "average_SEM", 
        "value": -0.3744962744946991
    }, 
    "L2": {
        "error": 0.27866262405381326, 
        "fit": "average_SEM", 
        "value": -0.34347678689906996
    }
}