{
    "AX": {
        "error": 0.033794713547296726, 
        "fit": "average_SEM", 
        "value": -0.019185656412063462
    }, 
    "CDD": {
        "error": 0.00013282127908557592, 
        "fit": "average_SEM", 
        "value": 0.00020104665676818083
    }, 
    "H1": {
        "error": 0.08867371996563558, 
        "fit": "average_SEM", 
        "value": -0.46551618764275
    }, 
    "H2": {
        "error": 0.1346757748881519, 
        "fit": "average_SEM", 
        "value": -0.3293065339016418
    }, 
    "L1": {
        "error": 0.07652711214589948, 
        "fit": "average_SEM", 
        "value": -0.37426639930768446
    }, 
    "L2": {
        "error": 0.2654319907995639, 
        "fit": "average_SEM", 
        "value": -0.41149515931804975
    }
}