{
    "AX": {
        "error": 0.04834566448256619, 
        "fit": "average_SEM", 
        "value": -0.011579917171761265
    }, 
    "CDD": {
        "error": 7.294873186956927e-05, 
        "fit": "average_SEM", 
        "value": 5.1795070896209294e-05
    }, 
    "H1": {
        "error": 0.08905622435250975, 
        "fit": "average_SEM", 
        "value": -0.48719392716884613
    }, 
    "H2": {
        "error": 0.12915484143768977, 
        "fit": "average_SEM", 
        "value": -0.3209977011351536
    }, 
    "L1": {
        "error": 0.10961668075659002, 
        "fit": "average_SEM", 
        "value": -0.33912651868242966
    }, 
    "L2": {
        "error": 0.2439305862416584, 
        "fit": "average_SEM", 
        "value": -0.4075975896635403
    }
}