{
    "AX": {
        "error": 0.041491770251799044, 
        "fit": "average_SEM", 
        "value": -0.0129539506170866
    }, 
    "CDD": {
        "error": 0.00011499480458682883, 
        "fit": "average_SEM", 
        "value": 9.114115106824197e-05
    }, 
    "H1": {
        "error": 0.074668299578562, 
        "fit": "average_SEM", 
        "value": -0.5105885303857034
    }, 
    "H2": {
        "error": 0.12686992166962985, 
        "fit": "average_SEM", 
        "value": -0.325943436101079
    }, 
    "L1": {
        "error": 0.10969017420064071, 
        "fit": "average_SEM", 
        "value": -0.3504475257520018
    }, 
    "L2": {
        "error": 0.270847190709502, 
        "fit": "average_SEM", 
        "value": -0.4535675694079449
    }
}