{
    "AX": {
        "error": 0.05423878447084186, 
        "fit": "average_SEM", 
        "value": -0.0197886446666528
    }, 
    "CDD": {
        "error": 0.0001981688872527811, 
        "fit": "average_SEM", 
        "value": 0.00024499961552370723
    }, 
    "H1": {
        "error": 0.09738099143025443, 
        "fit": "average_SEM", 
        "value": -0.5073042684479764
    }, 
    "H2": {
        "error": 0.11183881265316234, 
        "fit": "average_SEM", 
        "value": -0.3107096379001935
    }, 
    "L1": {
        "error": 0.08489976694582531, 
        "fit": "average_SEM", 
        "value": -0.3453843837668156
    }, 
    "L2": {
        "error": 0.25918817300098335, 
        "fit": "average_SEM", 
        "value": -0.3901235204810897
    }
}