{
    "AX": {
        "error": 0.0593544878368546, 
        "fit": "average_SEM", 
        "value": -0.017395145488262643
    }, 
    "CDD": {
        "error": 0.00020021882556046258, 
        "fit": "average_SEM", 
        "value": 0.00023401387540313104
    }, 
    "H1": {
        "error": 0.12486905923597946, 
        "fit": "average_SEM", 
        "value": 0.18935482839588075
    }, 
    "H2": {
        "error": 0.1177466248088551, 
        "fit": "average_SEM", 
        "value": -0.05803666348219849
    }, 
    "L1": {
        "error": 0.25660827682716114, 
        "fit": "average_SEM", 
        "value": 0.21212766427003468
    }, 
    "L2": {
        "error": 0.12792390992680297, 
        "fit": "average_SEM", 
        "value": 0.2140187559671176
    }
}