{
    "AX": {
        "error": 0.062460049821420886, 
        "fit": "average_SEM", 
        "value": -0.022882589409224843
    }, 
    "CDD": {
        "error": 0.00013914750063233073, 
        "fit": "average_SEM", 
        "value": 0.0001300077080183352
    }, 
    "H1": {
        "error": 0.1318840766570505, 
        "fit": "average_SEM", 
        "value": 0.1834265955432784
    }, 
    "H2": {
        "error": 0.1219706466411486, 
        "fit": "average_SEM", 
        "value": -0.048813162685837595
    }, 
    "L1": {
        "error": 0.25876917767697927, 
        "fit": "average_SEM", 
        "value": 0.16774853421763206
    }, 
    "L2": {
        "error": 0.12001000934064573, 
        "fit": "average_SEM", 
        "value": 0.2046488224446269
    }
}