{
    "AX": {
        "error": 0.05650596109368247, 
        "fit": "average_SEM", 
        "value": -0.020966735208639876
    }, 
    "CDD": {
        "error": 0.00016430475269361408, 
        "fit": "average_SEM", 
        "value": 0.00017031009774655105
    }, 
    "H1": {
        "error": 0.11566476227938152, 
        "fit": "average_SEM", 
        "value": 0.1872068170826727
    }, 
    "H2": {
        "error": 0.12933427259652447, 
        "fit": "average_SEM", 
        "value": -0.047461566004979736
    }, 
    "L1": {
        "error": 0.2727232975198841, 
        "fit": "average_SEM", 
        "value": 0.20653129922490432
    }, 
    "L2": {
        "error": 0.12317621420041074, 
        "fit": "average_SEM", 
        "value": 0.20789644720498474
    }
}