{
    "AX": {
        "error": 0.061174472307622664, 
        "fit": "average_SEM", 
        "value": -0.023282507531500112
    }, 
    "CDD": {
        "error": 9.413392187886012e-05, 
        "fit": "average_SEM", 
        "value": 6.630393108935096e-05
    }, 
    "H1": {
        "error": 0.12192127410691606, 
        "fit": "average_SEM", 
        "value": 0.1891197217802983
    }, 
    "H2": {
        "error": 0.11909263403227793, 
        "fit": "average_SEM", 
        "value": -0.056783024239121
    }, 
    "L1": {
        "error": 0.2651473023997361, 
        "fit": "average_SEM", 
        "value": 0.1459827836234278
    }, 
    "L2": {
        "error": 0.11602488280168971, 
        "fit": "average_SEM", 
        "value": 0.20175093392220636
    }
}