{
    "AX": {
        "error": 0.05952781745103492, 
        "fit": "average_SEM", 
        "value": -0.0185623913234546
    }, 
    "CDD": {
        "error": 0.00010891579455499548, 
        "fit": "average_SEM", 
        "value": 7.800462481100112e-05
    }, 
    "H1": {
        "error": 0.13272583922736728, 
        "fit": "average_SEM", 
        "value": 0.170565040979515
    }, 
    "H2": {
        "error": 0.11943044289396458, 
        "fit": "average_SEM", 
        "value": -0.05780595439039947
    }, 
    "L1": {
        "error": 0.236110459522579, 
        "fit": "average_SEM", 
        "value": 0.129270227511491
    }, 
    "L2": {
        "error": 0.1393830987382532, 
        "fit": "average_SEM", 
        "value": 0.19103476750897244
    }
}