{
    "AX": {
        "error": 0.06653495813268175, 
        "fit": "average_SEM", 
        "value": -0.02459393449292596
    }, 
    "CDD": {
        "error": 0.00015075882858470865, 
        "fit": "average_SEM", 
        "value": 0.00013650809341925196
    }, 
    "H1": {
        "error": 0.12673008993582838, 
        "fit": "average_SEM", 
        "value": 0.16171181169726576
    }, 
    "H2": {
        "error": 0.1127562259199258, 
        "fit": "average_SEM", 
        "value": -0.06186529578602252
    }, 
    "L1": {
        "error": 0.2426605683033997, 
        "fit": "average_SEM", 
        "value": 0.17244530328704666
    }, 
    "L2": {
        "error": 0.1475363597965145, 
        "fit": "average_SEM", 
        "value": 0.19605014739984958
    }
}