{
    "AX": {
        "error": 0.058259952018440204, 
        "fit": "average_SEM", 
        "value": -0.013624834562748826
    }, 
    "CDD": {
        "error": 0.00011314493707590296, 
        "fit": "average_SEM", 
        "value": 9.49056268533847e-05
    }, 
    "H1": {
        "error": 0.12213885958366259, 
        "fit": "average_SEM", 
        "value": 0.1750549782339173
    }, 
    "H2": {
        "error": 0.11836981632293378, 
        "fit": "average_SEM", 
        "value": -0.06205416883021826
    }, 
    "L1": {
        "error": 0.24183460247918886, 
        "fit": "average_SEM", 
        "value": 0.1758279153262265
    }, 
    "L2": {
        "error": 0.12333365727475838, 
        "fit": "average_SEM", 
        "value": 0.1974681822854715
    }
}