{
    "AX": {
        "error": 0.06879464276357594, 
        "fit": "average_SEM", 
        "value": -0.018731091513230543
    }, 
    "CDD": {
        "error": 0.00011804025116598486, 
        "fit": "average_SEM", 
        "value": 9.75057810137514e-05
    }, 
    "H1": {
        "error": 0.10917544989716232, 
        "fit": "average_SEM", 
        "value": 0.15484573672098728
    }, 
    "H2": {
        "error": 0.1281281579851333, 
        "fit": "average_SEM", 
        "value": -0.054703537531895566
    }, 
    "L1": {
        "error": 0.26697550167725126, 
        "fit": "average_SEM", 
        "value": 0.15367703180915365
    }, 
    "L2": {
        "error": 0.1252484684762894, 
        "fit": "average_SEM", 
        "value": 0.18393489339699348
    }
}