{
    "AX": {
        "error": 0.0542464440340237, 
        "fit": "average_SEM", 
        "value": -0.022082691566417147
    }, 
    "CDD": {
        "error": 0.0002009665473495742, 
        "fit": "average_SEM", 
        "value": 0.00024441449204459786
    }, 
    "H1": {
        "error": 0.1258556973030121, 
        "fit": "average_SEM", 
        "value": 0.17446762079295391
    }, 
    "H2": {
        "error": 0.11658518091277234, 
        "fit": "average_SEM", 
        "value": -0.059054058708473654
    }, 
    "L1": {
        "error": 0.24365338390281013, 
        "fit": "average_SEM", 
        "value": 0.1763778538205467
    }, 
    "L2": {
        "error": 0.12391061059188584, 
        "fit": "average_SEM", 
        "value": 0.22521935409652846
    }
}