{
    "AX": {
        "error": 0.0553871161227397, 
        "fit": "average_SEM", 
        "value": -0.017603456471503402
    }, 
    "CDD": {
        "error": 0.0001665968530394658, 
        "fit": "average_SEM", 
        "value": 0.00016380971234563428
    }, 
    "H1": {
        "error": 0.11069859358417722, 
        "fit": "average_SEM", 
        "value": 0.15928137875162066
    }, 
    "H2": {
        "error": 0.13513275893669943, 
        "fit": "average_SEM", 
        "value": -0.06666007550714616
    }, 
    "L1": {
        "error": 0.22399712939790414, 
        "fit": "average_SEM", 
        "value": 0.16365891657187603
    }, 
    "L2": {
        "error": 0.1256481605848825, 
        "fit": "average_SEM", 
        "value": 0.18654947598309565
    }
}