{
    "AX": {
        "error": 0.05613095380182086, 
        "fit": "average_SEM", 
        "value": -0.015905164645907157
    }, 
    "CDD": {
        "error": 0.00014181064907584721, 
        "fit": "average_SEM", 
        "value": 0.00014430855590035206
    }, 
    "H1": {
        "error": 0.13378585187666892, 
        "fit": "average_SEM", 
        "value": 0.1773334313184023
    }, 
    "H2": {
        "error": 0.12753074810389087, 
        "fit": "average_SEM", 
        "value": -0.07500668792830159
    }, 
    "L1": {
        "error": 0.2140069674604803, 
        "fit": "average_SEM", 
        "value": 0.15377579642614972
    }, 
    "L2": {
        "error": 0.11848758358448334, 
        "fit": "average_SEM", 
        "value": 0.18842656597286503
    }
}