{
    "AX": {
        "error": 0.06222546721156456, 
        "fit": "average_SEM", 
        "value": -0.023242939494957683
    }, 
    "CDD": {
        "error": 0.00017845190056221756, 
        "fit": "average_SEM", 
        "value": 0.00016380971258816618
    }, 
    "H1": {
        "error": 0.14088056613561742, 
        "fit": "average_SEM", 
        "value": 0.16792636388757576
    }, 
    "H2": {
        "error": 0.11491943156107363, 
        "fit": "average_SEM", 
        "value": -0.06786280952122373
    }, 
    "L1": {
        "error": 0.23338467633638793, 
        "fit": "average_SEM", 
        "value": 0.16483994958689435
    }, 
    "L2": {
        "error": 0.10063800862822755, 
        "fit": "average_SEM", 
        "value": 0.1958325316508611
    }
}