{
    "AX": {
        "error": 0.05976314540355185, 
        "fit": "average_SEM", 
        "value": -0.019719417621187556
    }, 
    "CDD": {
        "error": 0.00011366345343459327, 
        "fit": "average_SEM", 
        "value": 9.100539561283465e-05
    }, 
    "H1": {
        "error": 0.11552584788634387, 
        "fit": "average_SEM", 
        "value": 0.1681910818714338
    }, 
    "H2": {
        "error": 0.13678310695491672, 
        "fit": "average_SEM", 
        "value": -0.0766598632137781
    }, 
    "L1": {
        "error": 0.20429639808197342, 
        "fit": "average_SEM", 
        "value": 0.15941761067758004
    }, 
    "L2": {
        "error": 0.12655692171732777, 
        "fit": "average_SEM", 
        "value": 0.1838261167780729
    }
}