{
    "AX": {
        "error": 0.061985099691954995, 
        "fit": "average_SEM", 
        "value": -0.024696604737982852
    }, 
    "CDD": {
        "error": 0.00015526457114758301, 
        "fit": "average_SEM", 
        "value": 0.00016120955794273565
    }, 
    "H1": {
        "error": 0.12064894590738674, 
        "fit": "average_SEM", 
        "value": 0.17557415205810684
    }, 
    "H2": {
        "error": 0.11843770917526726, 
        "fit": "average_SEM", 
        "value": -0.06873009226401336
    }, 
    "L1": {
        "error": 0.24140171358438975, 
        "fit": "average_SEM", 
        "value": 0.15016942767736813
    }, 
    "L2": {
        "error": 0.1343000597441652, 
        "fit": "average_SEM", 
        "value": 0.18502643786244638
    }
}