{
    "AX": {
        "error": 0.050391779794198864, 
        "fit": "average_SEM", 
        "value": -0.021335349410461883
    }, 
    "CDD": {
        "error": 0.00013012782771874813, 
        "fit": "average_SEM", 
        "value": 0.00011050655181558493
    }, 
    "H1": {
        "error": 0.11092506426395525, 
        "fit": "average_SEM", 
        "value": 0.14148779277996557
    }, 
    "H2": {
        "error": 0.14022888124002558, 
        "fit": "average_SEM", 
        "value": -0.0787167004814061
    }, 
    "L1": {
        "error": 0.19297405822713853, 
        "fit": "average_SEM", 
        "value": 0.15333154164642718
    }, 
    "L2": {
        "error": 0.1240547514467376, 
        "fit": "average_SEM", 
        "value": 0.16487764672201594
    }
}