{
    "AX": {
        "error": 0.05772007990941037, 
        "fit": "average_SEM", 
        "value": -0.013112434136564844
    }, 
    "CDD": {
        "error": 0.00015442251544194702, 
        "fit": "average_SEM", 
        "value": 0.0001651097891832857
    }, 
    "H1": {
        "error": 0.12568923750878191, 
        "fit": "average_SEM", 
        "value": 0.14637388550521185
    }, 
    "H2": {
        "error": 0.1359365978888314, 
        "fit": "average_SEM", 
        "value": -0.08334152749254524
    }, 
    "L1": {
        "error": 0.1929291798016981, 
        "fit": "average_SEM", 
        "value": 0.11689491531578824
    }, 
    "L2": {
        "error": 0.14385627132060885, 
        "fit": "average_SEM", 
        "value": 0.1714672139438335
    }
}