{
    "AX": {
        "error": 0.049931777866957364, 
        "fit": "average_SEM", 
        "value": -0.011156753308023326
    }, 
    "CDD": {
        "error": 0.00014563516274899473, 
        "fit": "average_SEM", 
        "value": 0.00014820878714090214
    }, 
    "H1": {
        "error": 0.12251145992779049, 
        "fit": "average_SEM", 
        "value": 0.14633632298888793
    }, 
    "H2": {
        "error": 0.12394220202110193, 
        "fit": "average_SEM", 
        "value": -0.09365348300877183
    }, 
    "L1": {
        "error": 0.17921459692130262, 
        "fit": "average_SEM", 
        "value": 0.13019559910171666
    }, 
    "L2": {
        "error": 0.13658775770213774, 
        "fit": "average_SEM", 
        "value": 0.14947133255579198
    }
}