{
    "AX": {
        "error": 0.06072998545544456, 
        "fit": "average_SEM", 
        "value": -0.025346439244943515
    }, 
    "CDD": {
        "error": 0.0001794614549495675, 
        "fit": "average_SEM", 
        "value": 0.00019241140786713611
    }, 
    "H1": {
        "error": 0.11686682276711682, 
        "fit": "average_SEM", 
        "value": 0.13958325619654108
    }, 
    "H2": {
        "error": 0.14138013461973914, 
        "fit": "average_SEM", 
        "value": -0.09050228146758552
    }, 
    "L1": {
        "error": 0.18213131457097415, 
        "fit": "average_SEM", 
        "value": 0.12855855808108269
    }, 
    "L2": {
        "error": 0.12448066254282898, 
        "fit": "average_SEM", 
        "value": 0.1720905312002287
    }
}