{
    "AX": {
        "error": 0.06063065602471999, 
        "fit": "average_SEM", 
        "value": -0.017940175896668128
    }, 
    "CDD": {
        "error": 0.00014695747781863576, 
        "fit": "average_SEM", 
        "value": 0.00013910824757961865
    }, 
    "H1": {
        "error": 0.11712639212107939, 
        "fit": "average_SEM", 
        "value": 0.13372584347768376
    }, 
    "H2": {
        "error": 0.12608378170314286, 
        "fit": "average_SEM", 
        "value": -0.10278812812175601
    }, 
    "L1": {
        "error": 0.17349861347524154, 
        "fit": "average_SEM", 
        "value": 0.11042066061830459
    }, 
    "L2": {
        "error": 0.12440866959423764, 
        "fit": "average_SEM", 
        "value": 0.1623191806022078
    }
}