{
    "AX": {
        "error": 0.0498088234348605, 
        "fit": "average_SEM", 
        "value": -0.016739061124826548
    }, 
    "CDD": {
        "error": 0.00015260725260416152, 
        "fit": "average_SEM", 
        "value": 0.00015080894154380077
    }, 
    "H1": {
        "error": 0.13736687534659797, 
        "fit": "average_SEM", 
        "value": 0.1350879005738534
    }, 
    "H2": {
        "error": 0.12599768710434237, 
        "fit": "average_SEM", 
        "value": -0.08353717403563982
    }, 
    "L1": {
        "error": 0.16420563797798904, 
        "fit": "average_SEM", 
        "value": 0.11602717684581876
    }, 
    "L2": {
        "error": 0.12239661501048824, 
        "fit": "average_SEM", 
        "value": 0.14014712908368285
    }
}