{
    "AX": {
        "error": 0.05074903327906405, 
        "fit": "average_SEM", 
        "value": -0.02294086386076136
    }, 
    "CDD": {
        "error": 0.0001413592229317553, 
        "fit": "average_SEM", 
        "value": 0.00014820878714090214
    }, 
    "H1": {
        "error": 0.11398607819214955, 
        "fit": "average_SEM", 
        "value": 0.12894585508620365
    }, 
    "H2": {
        "error": 0.1333912732257797, 
        "fit": "average_SEM", 
        "value": -0.1036605379350173
    }, 
    "L1": {
        "error": 0.15740180519920685, 
        "fit": "average_SEM", 
        "value": 0.10895211312260168
    }, 
    "L2": {
        "error": 0.1404583738135642, 
        "fit": "average_SEM", 
        "value": 0.16716445715840866
    }
}