{
    "AX": {
        "error": 0.05656993951483694, 
        "fit": "average_SEM", 
        "value": -0.02109174368912742
    }, 
    "CDD": {
        "error": 0.00016343106169067185, 
        "fit": "average_SEM", 
        "value": 0.00016510978942581764
    }, 
    "H1": {
        "error": 0.12060912915108415, 
        "fit": "average_SEM", 
        "value": 0.12394893724267604
    }, 
    "H2": {
        "error": 0.1151982369723537, 
        "fit": "average_SEM", 
        "value": -0.11390252251100416
    }, 
    "L1": {
        "error": 0.17331587852412306, 
        "fit": "average_SEM", 
        "value": 0.11780929589488855
    }, 
    "L2": {
        "error": 0.11893751510421847, 
        "fit": "average_SEM", 
        "value": 0.13833881388418376
    }
}