{
    "AX": {
        "error": 0.04773566956076869, 
        "fit": "average_SEM", 
        "value": -0.013030893935956555
    }, 
    "CDD": {
        "error": 0.00013714882466776395, 
        "fit": "average_SEM", 
        "value": 0.0001274075538579685
    }, 
    "H1": {
        "error": 0.13015482326484834, 
        "fit": "average_SEM", 
        "value": 0.1557793687408169
    }, 
    "H2": {
        "error": 0.13186311273493354, 
        "fit": "average_SEM", 
        "value": -0.10345120958736516
    }, 
    "L1": {
        "error": 0.17260959441487747, 
        "fit": "average_SEM", 
        "value": 0.1403967398684472
    }, 
    "L2": {
        "error": 0.13106988107589207, 
        "fit": "average_SEM", 
        "value": 0.14192913309282934
    }
}