{
    "AX": {
        "error": 0.0624933575479971, 
        "fit": "average_SEM", 
        "value": -0.013341295225654904
    }, 
    "CDD": {
        "error": 0.000114142290534883, 
        "fit": "average_SEM", 
        "value": 8.580508729210124e-05
    }, 
    "H1": {
        "error": 0.12177861923564566, 
        "fit": "average_SEM", 
        "value": 0.12220038045003699
    }, 
    "H2": {
        "error": 0.1250285900703123, 
        "fit": "average_SEM", 
        "value": -0.09678595202185533
    }, 
    "L1": {
        "error": 0.16264617181349866, 
        "fit": "average_SEM", 
        "value": 0.12102736519930962
    }, 
    "L2": {
        "error": 0.1356981703276949, 
        "fit": "average_SEM", 
        "value": 0.14942552136866047
    }
}