{
    "AX": {
        "error": 0.06307394620176018, 
        "fit": "average_SEM", 
        "value": -0.02080173948961601
    }, 
    "CDD": {
        "error": 0.0001665303392541348, 
        "fit": "average_SEM", 
        "value": 0.00013910824757961865
    }, 
    "H1": {
        "error": 0.12544703226816384, 
        "fit": "average_SEM", 
        "value": 0.14035303980926983
    }, 
    "H2": {
        "error": 0.11293963084214217, 
        "fit": "average_SEM", 
        "value": -0.09297287512502711
    }, 
    "L1": {
        "error": 0.1898343748623763, 
        "fit": "average_SEM", 
        "value": 0.12987004026690557
    }, 
    "L2": {
        "error": 0.1225000951341192, 
        "fit": "average_SEM", 
        "value": 0.16362418750844274
    }
}