{
    "AX": {
        "error": 0.05209477992941346, 
        "fit": "average_SEM", 
        "value": -0.020458383009342166
    }, 
    "CDD": {
        "error": 0.0001400996571080269, 
        "fit": "average_SEM", 
        "value": 0.00010660632057503486
    }, 
    "H1": {
        "error": 0.1265022907060322, 
        "fit": "average_SEM", 
        "value": 0.15359001839654715
    }, 
    "H2": {
        "error": 0.1223768300606697, 
        "fit": "average_SEM", 
        "value": -0.08937907009967602
    }, 
    "L1": {
        "error": 0.18874184731778168, 
        "fit": "average_SEM", 
        "value": 0.1344057100753465
    }, 
    "L2": {
        "error": 0.12328137163820994, 
        "fit": "average_SEM", 
        "value": 0.15292657201644033
    }
}