{
    "AX": {
        "error": 0.05709396477531157, 
        "fit": "average_SEM", 
        "value": -0.0127219099712723
    }, 
    "CDD": {
        "error": 0.00013028490794217908, 
        "fit": "average_SEM", 
        "value": 9.230547269301799e-05
    }, 
    "H1": {
        "error": 0.1214763723468953, 
        "fit": "average_SEM", 
        "value": 0.13092333441018128
    }, 
    "H2": {
        "error": 0.11752142176084122, 
        "fit": "average_SEM", 
        "value": -0.09012639685727966
    }, 
    "L1": {
        "error": 0.17358184669498622, 
        "fit": "average_SEM", 
        "value": 0.13513198696891776
    }, 
    "L2": {
        "error": 0.1282455476473834, 
        "fit": "average_SEM", 
        "value": 0.159453335928265
    }
}