{
    "AX": {
        "error": 0.059366717376328294, 
        "fit": "average_SEM", 
        "value": -0.021999786296752668
    }, 
    "CDD": {
        "error": 0.00016659685213480898, 
        "fit": "average_SEM", 
        "value": 0.00016380971210310235
    }, 
    "H1": {
        "error": 0.12945851378445675, 
        "fit": "average_SEM", 
        "value": 0.15213701730196286
    }, 
    "H2": {
        "error": 0.1291500739812615, 
        "fit": "average_SEM", 
        "value": -0.09324610572263434
    }, 
    "L1": {
        "error": 0.1698902759392417, 
        "fit": "average_SEM", 
        "value": 0.12330099064468716
    }, 
    "L2": {
        "error": 0.1385111496671956, 
        "fit": "average_SEM", 
        "value": 0.15177052709817265
    }
}