{
    "AX": {
        "error": 0.0600427362003138, 
        "fit": "average_SEM", 
        "value": -0.0173772403645368
    }, 
    "CDD": {
        "error": 0.000191588205447103, 
        "fit": "average_SEM", 
        "value": 0.000244414491559534
    }, 
    "H1": {
        "error": 0.1318604299170516, 
        "fit": "average_SEM", 
        "value": 0.16411459315568208
    }, 
    "H2": {
        "error": 0.13933653945676988, 
        "fit": "average_SEM", 
        "value": -0.08743376349642253
    }, 
    "L1": {
        "error": 0.16552248343059173, 
        "fit": "average_SEM", 
        "value": 0.12023825249634683
    }, 
    "L2": {
        "error": 0.12414137306852148, 
        "fit": "average_SEM", 
        "value": 0.1543958070532729
    }
}