{
    "AX": {
        "error": 0.050790702734267064, 
        "fit": "average_SEM", 
        "value": -0.019772573891289842
    }, 
    "CDD": {
        "error": 0.0001236880282101066, 
        "fit": "average_SEM", 
        "value": 9.360554977320135e-05
    }, 
    "H1": {
        "error": 0.12047144178532344, 
        "fit": "average_SEM", 
        "value": 0.1534327802869181
    }, 
    "H2": {
        "error": 0.12464962631981738, 
        "fit": "average_SEM", 
        "value": -0.06831117471932278
    }, 
    "L1": {
        "error": 0.18314375019435922, 
        "fit": "average_SEM", 
        "value": 0.130821742224119
    }, 
    "L2": {
        "error": 0.11740112481469507, 
        "fit": "average_SEM", 
        "value": 0.17024075138785216
    }
}