{
    "AX": {
        "error": 0.05786951896183513, 
        "fit": "average_SEM", 
        "value": -0.013792708440936016
    }, 
    "CDD": {
        "error": 0.0001098429531343552, 
        "fit": "average_SEM", 
        "value": 9.230547269301799e-05
    }, 
    "H1": {
        "error": 0.12240076899852809, 
        "fit": "average_SEM", 
        "value": 0.1410744521029604
    }, 
    "H2": {
        "error": 0.1255728986820483, 
        "fit": "average_SEM", 
        "value": -0.07327630420913919
    }, 
    "L1": {
        "error": 0.18473279170559528, 
        "fit": "average_SEM", 
        "value": 0.14493482517039713
    }, 
    "L2": {
        "error": 0.1285773187239092, 
        "fit": "average_SEM", 
        "value": 0.18515662427040905
    }
}