{
    "AX": {
        "error": 0.056831360306335114, 
        "fit": "average_SEM", 
        "value": -0.021151871166269605
    }, 
    "CDD": {
        "error": 0.0001463997193727787, 
        "fit": "average_SEM", 
        "value": 0.0001495088644636174
    }, 
    "H1": {
        "error": 0.1157201973871297, 
        "fit": "average_SEM", 
        "value": 0.1560690418681285
    }, 
    "H2": {
        "error": 0.14105938293622372, 
        "fit": "average_SEM", 
        "value": -0.07434951016839478
    }, 
    "L1": {
        "error": 0.19801010212406603, 
        "fit": "average_SEM", 
        "value": 0.14962325421511197
    }, 
    "L2": {
        "error": 0.12689755591148644, 
        "fit": "average_SEM", 
        "value": 0.18753008269510854
    }
}