{
    "AX": {
        "error": 0.05994786425272015, 
        "fit": "average_SEM", 
        "value": -0.017800623489165446
    }, 
    "CDD": {
        "error": 0.00011260889892714357, 
        "fit": "average_SEM", 
        "value": 7.800462481100112e-05
    }, 
    "H1": {
        "error": 0.13299204808700332, 
        "fit": "average_SEM", 
        "value": 0.1416724159537504
    }, 
    "H2": {
        "error": 0.13520541967603497, 
        "fit": "average_SEM", 
        "value": -0.09103939655275704
    }, 
    "L1": {
        "error": 0.21066125646647524, 
        "fit": "average_SEM", 
        "value": 0.13886804151237206
    }, 
    "L2": {
        "error": 0.1250120867927212, 
        "fit": "average_SEM", 
        "value": 0.18666533187242748
    }
}