{
    "AX": {
        "error": 0.06045767149428589, 
        "fit": "average_SEM", 
        "value": -0.014260676992125808
    }, 
    "CDD": {
        "error": 0.00015033427457765642, 
        "fit": "average_SEM", 
        "value": 0.00011700693721650168
    }, 
    "H1": {
        "error": 0.12730708473019495, 
        "fit": "average_SEM", 
        "value": 0.178368360279516
    }, 
    "H2": {
        "error": 0.1222679018531481, 
        "fit": "average_SEM", 
        "value": 0.11551512416117475
    }, 
    "L1": {
        "error": 0.1871842046714941, 
        "fit": "average_SEM", 
        "value": 0.1431793084484525
    }, 
    "L2": {
        "error": 0.12387624728060409, 
        "fit": "average_SEM", 
        "value": 0.17963415269041433
    }
}