{
    "AX": {
        "error": 0.06332509347186253, 
        "fit": "average_SEM", 
        "value": -0.020010164453621353
    }, 
    "CDD": {
        "error": 9.877250241033192e-05, 
        "fit": "average_SEM", 
        "value": 7.020416232990101e-05
    }, 
    "H1": {
        "error": 0.11730979120045062, 
        "fit": "average_SEM", 
        "value": 0.15360845185350627
    }, 
    "H2": {
        "error": 0.12544020706705303, 
        "fit": "average_SEM", 
        "value": 0.12131533859064803
    }, 
    "L1": {
        "error": 0.1900101385358019, 
        "fit": "average_SEM", 
        "value": 0.15205640588634803
    }, 
    "L2": {
        "error": 0.10888773481106286, 
        "fit": "average_SEM", 
        "value": 0.1672045553859789
    }
}