{
    "AX": {
        "error": 0.06339021292889054, 
        "fit": "average_SEM", 
        "value": -0.017949990223375303
    }, 
    "CDD": {
        "error": 0.00019312993759624652, 
        "fit": "average_SEM", 
        "value": 0.0002782164956443012
    }, 
    "H1": {
        "error": 0.11876520281312503, 
        "fit": "average_SEM", 
        "value": 0.16694247545092367
    }, 
    "H2": {
        "error": 0.13510737961955294, 
        "fit": "average_SEM", 
        "value": 0.11857868399577759
    }, 
    "L1": {
        "error": 0.18260218556735525, 
        "fit": "average_SEM", 
        "value": 0.13847977679300433
    }, 
    "L2": {
        "error": 0.1236303741857406, 
        "fit": "average_SEM", 
        "value": 0.1904990250749203
    }
}