{
    "AX": {
        "error": 0.06074190489893599, 
        "fit": "average_SEM", 
        "value": -0.027032483075163326
    }, 
    "CDD": {
        "error": 0.00017936645733125127, 
        "fit": "average_SEM", 
        "value": 0.00021061248723223494
    }, 
    "H1": {
        "error": 0.12215750382657992, 
        "fit": "average_SEM", 
        "value": 0.16810189277263513
    }, 
    "H2": {
        "error": 0.13199176308250138, 
        "fit": "average_SEM", 
        "value": 0.11446847716191162
    }, 
    "L1": {
        "error": 0.2136557030818956, 
        "fit": "average_SEM", 
        "value": 0.1561946465687773
    }, 
    "L2": {
        "error": 0.12450470031367626, 
        "fit": "average_SEM", 
        "value": 0.19026226354568887
    }
}