{
    "AX": {
        "error": 0.06066072867778006, 
        "fit": "average_SEM", 
        "value": -0.02289489308022894
    }, 
    "CDD": {
        "error": 0.00016889316853247314, 
        "fit": "average_SEM", 
        "value": 0.00019241140835219995
    }, 
    "H1": {
        "error": 0.11156163153389152, 
        "fit": "average_SEM", 
        "value": 0.16719789291964843
    }, 
    "H2": {
        "error": 0.14002228508493966, 
        "fit": "average_SEM", 
        "value": 0.11810495624704345
    }, 
    "L1": {
        "error": 0.2002702676477045, 
        "fit": "average_SEM", 
        "value": 0.14147519540662568
    }, 
    "L2": {
        "error": 0.14637876321165413, 
        "fit": "average_SEM", 
        "value": 0.16338548993420166
    }
}