{
    "AX": {
        "error": 0.05963793214643781, 
        "fit": "average_SEM", 
        "value": -0.01907380812529785
    }, 
    "CDD": {
        "error": 0.00018446332434778916, 
        "fit": "average_SEM", 
        "value": 0.0002158127960380322
    }, 
    "H1": {
        "error": 0.11650101512806284, 
        "fit": "average_SEM", 
        "value": 0.16333120248358077
    }, 
    "H2": {
        "error": 0.13106958533561472, 
        "fit": "average_SEM", 
        "value": 0.11519713513553143
    }, 
    "L1": {
        "error": 0.19024832328314398, 
        "fit": "average_SEM", 
        "value": 0.1313587279767186
    }, 
    "L2": {
        "error": 0.12424100972380984, 
        "fit": "average_SEM", 
        "value": 0.17670186377751332
    }
}