{
    "AX": {
        "error": 0.059345178780307074, 
        "fit": "average_SEM", 
        "value": -0.017461858295428102
    }, 
    "CDD": {
        "error": 0.0001317936983102263, 
        "fit": "average_SEM", 
        "value": 0.00012090716845705173
    }, 
    "H1": {
        "error": 0.11627716605510938, 
        "fit": "average_SEM", 
        "value": 0.1570011925592553
    }, 
    "H2": {
        "error": 0.13484714968898664, 
        "fit": "average_SEM", 
        "value": 0.1131761147310802
    }, 
    "L1": {
        "error": 0.18401750946121906, 
        "fit": "average_SEM", 
        "value": 0.1328925407336404
    }, 
    "L2": {
        "error": 0.12849045175073248, 
        "fit": "average_SEM", 
        "value": 0.1884657600428909
    }
}