{
    "AX": {
        "error": 0.05996876567607591, 
        "fit": "average_SEM", 
        "value": -0.01793617740137658
    }, 
    "CDD": {
        "error": 0.000137167464506299, 
        "fit": "average_SEM", 
        "value": 0.00011830701429668503
    }, 
    "H1": {
        "error": 0.1298007409350056, 
        "fit": "average_SEM", 
        "value": 0.15830954776999231
    }, 
    "H2": {
        "error": 0.12709043614862772, 
        "fit": "average_SEM", 
        "value": 0.10368664704971403
    }, 
    "L1": {
        "error": 0.20030761224060634, 
        "fit": "average_SEM", 
        "value": 0.15167367306906573
    }, 
    "L2": {
        "error": 0.12121314579892953, 
        "fit": "average_SEM", 
        "value": 0.18603522501459036
    }
}