{
    "AX": {
        "error": 0.06516804269760645, 
        "fit": "average_SEM", 
        "value": -0.025254497601417826
    }, 
    "CDD": {
        "error": 0.0001701749840813941, 
        "fit": "average_SEM", 
        "value": 0.00017291025214944967
    }, 
    "H1": {
        "error": 0.1150192159299144, 
        "fit": "average_SEM", 
        "value": 0.16689997784172494
    }, 
    "H2": {
        "error": 0.11875559530351645, 
        "fit": "average_SEM", 
        "value": 0.1261607143174236
    }, 
    "L1": {
        "error": 0.18559788517237072, 
        "fit": "average_SEM", 
        "value": 0.1379712945354792
    }, 
    "L2": {
        "error": 0.13111813524282304, 
        "fit": "average_SEM", 
        "value": 0.1635427566730262
    }
}