{
    "AX": {
        "error": 0.05471967407129043, 
        "fit": "average_SEM", 
        "value": -0.0008118446605900923
    }, 
    "CDD": {
        "error": 0.00011561038494721087, 
        "fit": "average_SEM", 
        "value": 6.240369984880089e-05
    }, 
    "H1": {
        "error": 0.12831180388925928, 
        "fit": "average_SEM", 
        "value": -0.2463845219152669
    }, 
    "H2": {
        "error": 0.14104233072426056, 
        "fit": "average_SEM", 
        "value": -0.45271654029687247
    }, 
    "L1": {
        "error": 0.1575304453973207, 
        "fit": "average_SEM", 
        "value": -0.30464618392288684
    }, 
    "L2": {
        "error": 0.13935604843423355, 
        "fit": "average_SEM", 
        "value": -0.360055581231912
    }
}