{
    "AX": {
        "error": 0.056564193538309736, 
        "fit": "average_SEM", 
        "value": 0.0005772368196630851
    }, 
    "CDD": {
        "error": 0.00013921827712044335, 
        "fit": "average_SEM", 
        "value": 0.0001274075538579685
    }, 
    "H1": {
        "error": 0.1156163394629549, 
        "fit": "average_SEM", 
        "value": -0.2758979804813862
    }, 
    "H2": {
        "error": 0.1275591476768408, 
        "fit": "average_SEM", 
        "value": -0.43544374058643975
    }, 
    "L1": {
        "error": 0.1724738105504849, 
        "fit": "average_SEM", 
        "value": -0.3046232603645573
    }, 
    "L2": {
        "error": 0.1297555451643708, 
        "fit": "average_SEM", 
        "value": -0.35221384776135284
    }
}