{
    "AX": {
        "error": 0.05478521449861616, 
        "fit": "average_SEM", 
        "value": 0.0007320435902026172
    }, 
    "CDD": {
        "error": 0.00011970094368851505, 
        "fit": "average_SEM", 
        "value": 8.840524145246794e-05
    }, 
    "H1": {
        "error": 0.11551268817256839, 
        "fit": "average_SEM", 
        "value": -0.28199439675857624
    }, 
    "H2": {
        "error": 0.13636083218766223, 
        "fit": "average_SEM", 
        "value": -0.48418363283077875
    }, 
    "L1": {
        "error": 0.1700829342271365, 
        "fit": "average_SEM", 
        "value": -0.33956000038112205
    }, 
    "L2": {
        "error": 0.12110386276762963, 
        "fit": "average_SEM", 
        "value": -0.4118715595453978
    }
}