{
    "AX": {
        "error": 0.06329716149412291, 
        "fit": "average_SEM", 
        "value": -0.007609789309208281
    }, 
    "CDD": {
        "error": 0.00013921827712044335, 
        "fit": "average_SEM", 
        "value": 0.0001274075538579685
    }, 
    "H1": {
        "error": 0.09812301526804565, 
        "fit": "average_SEM", 
        "value": -0.27564957390228906
    }, 
    "H2": {
        "error": 0.13548212482763886, 
        "fit": "average_SEM", 
        "value": -0.4406290506323179
    }, 
    "L1": {
        "error": 0.1653521648169712, 
        "fit": "average_SEM", 
        "value": -0.3167098126839846
    }, 
    "L2": {
        "error": 0.1422948452510086, 
        "fit": "average_SEM", 
        "value": -0.39619656279683113
    }
}