{
    "AX": {
        "error": 0.062246937787225766, 
        "fit": "average_SEM", 
        "value": -0.011672675498994067
    }, 
    "CDD": {
        "error": 0.00018347184215484317, 
        "fit": "average_SEM", 
        "value": 0.0001872110995464027
    }, 
    "H1": {
        "error": 0.14810295094285006, 
        "fit": "average_SEM", 
        "value": -0.2545551068459948
    }, 
    "H2": {
        "error": 0.12936765056162408, 
        "fit": "average_SEM", 
        "value": -0.45075060004989304
    }, 
    "L1": {
        "error": 0.14223291747417277, 
        "fit": "average_SEM", 
        "value": -0.327746656537056
    }, 
    "L2": {
        "error": 0.10887204583548561, 
        "fit": "average_SEM", 
        "value": -0.3863006236652533
    }
}