{
    "AX": {
        "error": 0.055850274102128956, 
        "fit": "average_SEM", 
        "value": 0.004377228391876997
    }, 
    "CDD": {
        "error": 0.0001015533715561199, 
        "fit": "average_SEM", 
        "value": 7.800462481100112e-05
    }, 
    "H1": {
        "error": 0.12287973074285304, 
        "fit": "average_SEM", 
        "value": -0.26593898770709834
    }, 
    "H2": {
        "error": 0.1353646098429102, 
        "fit": "average_SEM", 
        "value": -0.46830442976206543
    }, 
    "L1": {
        "error": 0.18017256678609514, 
        "fit": "average_SEM", 
        "value": -0.3147014379501343
    }, 
    "L2": {
        "error": 0.11982859200845411, 
        "fit": "average_SEM", 
        "value": -0.4069298786421617
    }
}