{
    "AX": {
        "error": 0.06609001283443731, 
        "fit": "average_SEM", 
        "value": -0.009829235527043541
    }, 
    "CDD": {
        "error": 0.000154592564215031, 
        "fit": "average_SEM", 
        "value": 0.00016120955794273565
    }, 
    "H1": {
        "error": 0.11282869408862412, 
        "fit": "average_SEM", 
        "value": -0.24374372148886322
    }, 
    "H2": {
        "error": 0.109349583615765, 
        "fit": "average_SEM", 
        "value": -0.23773232974732916
    }, 
    "L1": {
        "error": 0.16245687485538893, 
        "fit": "average_SEM", 
        "value": -0.3295543521332244
    }, 
    "L2": {
        "error": 0.12547005354136054, 
        "fit": "average_SEM", 
        "value": -0.38703436851501466
    }
}