{
    "AX": {
        "error": 0.05307283155750166, 
        "fit": "average_SEM", 
        "value": -0.0015105221439929057
    }, 
    "CDD": {
        "error": 0.00014502352446513987, 
        "fit": "average_SEM", 
        "value": 0.00015340909546163555
    }, 
    "H1": {
        "error": 0.13178563936340976, 
        "fit": "average_SEM", 
        "value": -0.2613323367588843
    }, 
    "H2": {
        "error": 0.1439490409270153, 
        "fit": "average_SEM", 
        "value": -0.231735893090566
    }, 
    "L1": {
        "error": 0.1813995720334897, 
        "fit": "average_SEM", 
        "value": -0.3302031887695193
    }, 
    "L2": {
        "error": 0.12673231962081433, 
        "fit": "average_SEM", 
        "value": -0.37723866378267606
    }
}