{
    "AX": {
        "error": 0.0516234652227894, 
        "fit": "average_SEM", 
        "value": -0.0013292496965732425
    }, 
    "CDD": {
        "error": 0.000164503925767562, 
        "fit": "average_SEM", 
        "value": 0.00018721110003146654
    }, 
    "H1": {
        "error": 0.14457698527524765, 
        "fit": "average_SEM", 
        "value": -0.2269330223556608
    }, 
    "H2": {
        "error": 0.11004351896639121, 
        "fit": "average_SEM", 
        "value": -0.21658885963261126
    }, 
    "L1": {
        "error": 0.17875471116142566, 
        "fit": "average_SEM", 
        "value": -0.31864456192900736
    }, 
    "L2": {
        "error": 0.13115151070528705, 
        "fit": "average_SEM", 
        "value": -0.3518427579353253
    }
}