{
    "AX": {
        "error": 0.062475534532410275, 
        "fit": "average_SEM", 
        "value": -0.01258928121921296
    }, 
    "CDD": {
        "error": 0.0002151238290197392, 
        "fit": "average_SEM", 
        "value": 0.00026781587997296203
    }, 
    "H1": {
        "error": 0.11838416185972245, 
        "fit": "average_SEM", 
        "value": -0.22052230701471368
    }, 
    "H2": {
        "error": 0.12955944099618677, 
        "fit": "average_SEM", 
        "value": -0.20065194981483123
    }, 
    "L1": {
        "error": 0.19062798097707578, 
        "fit": "average_SEM", 
        "value": -0.3083198310729737
    }, 
    "L2": {
        "error": 0.11025712535882133, 
        "fit": "average_SEM", 
        "value": -0.3738681476252774
    }
}