{
    "AX": {
        "error": 0.06157323524291211, 
        "fit": "average_SEM", 
        "value": -0.010931402064549426
    }, 
    "CDD": {
        "error": 0.0001802202821622341, 
        "fit": "average_SEM", 
        "value": 0.00019241140835219995
    }, 
    "H1": {
        "error": 0.13347986863792247, 
        "fit": "average_SEM", 
        "value": -0.23621124722994863
    }, 
    "H2": {
        "error": 0.13789593537223155, 
        "fit": "average_SEM", 
        "value": -0.18866260816964012
    }, 
    "L1": {
        "error": 0.17171904885520536, 
        "fit": "average_SEM", 
        "value": -0.29863718124106525
    }, 
    "L2": {
        "error": 0.1317247009695485, 
        "fit": "average_SEM", 
        "value": -0.3711507175117731
    }
}