{
    "AX": {
        "error": 0.05872664656748776, 
        "fit": "average_SEM", 
        "value": -0.0005557233187573729
    }, 
    "CDD": {
        "error": 0.00010032733017393302, 
        "fit": "average_SEM", 
        "value": 6.240369984880089e-05
    }, 
    "H1": {
        "error": 0.11029684866955605, 
        "fit": "average_SEM", 
        "value": -0.22300030896440148
    }, 
    "H2": {
        "error": 0.13718861035435448, 
        "fit": "average_SEM", 
        "value": -0.21181233199313282
    }, 
    "L1": {
        "error": 0.17533684010214298, 
        "fit": "average_SEM", 
        "value": -0.28493377324193714
    }, 
    "L2": {
        "error": 0.14772174969055007, 
        "fit": "average_SEM", 
        "value": -0.3385327529162169
    }
}