{
    "AX": {
        "error": 0.057704114541421235, 
        "fit": "average_SEM", 
        "value": -0.005475517347804271
    }, 
    "CDD": {
        "error": 0.00018459263353305376, 
        "fit": "average_SEM", 
        "value": 0.0002028120245086029
    }, 
    "H1": {
        "error": 0.1119561539937272, 
        "fit": "average_SEM", 
        "value": -0.2238913368433714
    }, 
    "H2": {
        "error": 0.12634702899129843, 
        "fit": "average_SEM", 
        "value": -0.18663183703623265
    }, 
    "L1": {
        "error": 0.17155564173637325, 
        "fit": "average_SEM", 
        "value": -0.2961598332893724
    }, 
    "L2": {
        "error": 0.14685845227684635, 
        "fit": "average_SEM", 
        "value": -0.33405206895743805
    }
}