{
    "AX": {
        "error": 0.0677034981960067, 
        "fit": "average_SEM", 
        "value": -0.0019461875820222
    }, 
    "CDD": {
        "error": 0.00014495239381859888, 
        "fit": "average_SEM", 
        "value": 0.0001352080163390686
    }, 
    "H1": {
        "error": 0.12050238275007737, 
        "fit": "average_SEM", 
        "value": -0.22245954868849366
    }, 
    "H2": {
        "error": 0.1491804900582558, 
        "fit": "average_SEM", 
        "value": -0.21714934536770064
    }, 
    "L1": {
        "error": 0.18001288306516236, 
        "fit": "average_SEM", 
        "value": -0.24344594618305565
    }, 
    "L2": {
        "error": 0.1150693882160587, 
        "fit": "average_SEM", 
        "value": -0.3247275646775961
    }
}