{
    "AX": {
        "error": 0.061132979582564466, 
        "fit": "average_SEM", 
        "value": -0.007969967431745318
    }, 
    "CDD": {
        "error": 0.00015545739345464816, 
        "fit": "average_SEM", 
        "value": 0.00016901002042383576
    }, 
    "H1": {
        "error": 0.12187177788563062, 
        "fit": "average_SEM", 
        "value": -0.20069161914288997
    }, 
    "H2": {
        "error": 0.12315884635657826, 
        "fit": "average_SEM", 
        "value": -0.42126628483335177
    }, 
    "L1": {
        "error": 0.1901643286828937, 
        "fit": "average_SEM", 
        "value": -0.2977854781628897
    }, 
    "L2": {
        "error": 0.13946242880992893, 
        "fit": "average_SEM", 
        "value": -0.33212716970592737
    }
}