{
    "AX": {
        "error": 0.07229753070814779, 
        "fit": "average_SEM", 
        "value": -0.007170881482549399
    }, 
    "CDD": {
        "error": 0.0001331601844414392, 
        "fit": "average_SEM", 
        "value": 0.00010660632057503486
    }, 
    "H1": {
        "error": 0.1398200992660086, 
        "fit": "average_SEM", 
        "value": -0.24527634580930074
    }, 
    "H2": {
        "error": 0.12060111284135462, 
        "fit": "average_SEM", 
        "value": -0.4383455204466979
    }, 
    "L1": {
        "error": 0.1738052196580474, 
        "fit": "average_SEM", 
        "value": -0.2970833106121669
    }, 
    "L2": {
        "error": 0.13406629281094826, 
        "fit": "average_SEM", 
        "value": -0.3593181077390909
    }
}