{
    "AX": {
        "error": 0.07204900994638092, 
        "fit": "average_SEM", 
        "value": -0.00987753296115746
    }, 
    "CDD": {
        "error": 0.00019579883459389883, 
        "fit": "average_SEM", 
        "value": 0.00023921418323880062
    }, 
    "H1": {
        "error": 0.11473935664114239, 
        "fit": "average_SEM", 
        "value": -0.20707681362206737
    }, 
    "H2": {
        "error": 0.1201213964366892, 
        "fit": "average_SEM", 
        "value": -0.41209614152709645
    }, 
    "L1": {
        "error": 0.20136037621544345, 
        "fit": "average_SEM", 
        "value": -0.2760473146103323
    }, 
    "L2": {
        "error": 0.12198517253372924, 
        "fit": "average_SEM", 
        "value": -0.34995120701690513
    }
}