{
    "AX": {
        "error": 0.06781466135654515, 
        "fit": "average_SEM", 
        "value": 0.002446969595136276
    }, 
    "CDD": {
        "error": 0.0002451905929394554, 
        "fit": "average_SEM", 
        "value": 0.0003016178855129207
    }, 
    "H1": {
        "error": 0.15286962157815043, 
        "fit": "average_SEM", 
        "value": -0.1792288864729926
    }, 
    "H2": {
        "error": 0.13897797681666996, 
        "fit": "average_SEM", 
        "value": -0.42468817830085753
    }, 
    "L1": {
        "error": 0.1499744293940964, 
        "fit": "average_SEM", 
        "value": -0.267161589624205
    }, 
    "L2": {
        "error": 0.11994107498593955, 
        "fit": "average_SEM", 
        "value": -0.29658182174898684
    }
}