{
    "AX": {
        "error": 0.06543669351208958, 
        "fit": "average_SEM", 
        "value": -0.015273164788141476
    }, 
    "CDD": {
        "error": 0.00017081909025363392, 
        "fit": "average_SEM", 
        "value": 0.00022361325779153655
    }, 
    "H1": {
        "error": 0.13615192659257663, 
        "fit": "average_SEM", 
        "value": -0.1968826130653421
    }, 
    "H2": {
        "error": 0.13861672993413335, 
        "fit": "average_SEM", 
        "value": -0.3875380397813084
    }, 
    "L1": {
        "error": 0.18085618001106218, 
        "fit": "average_SEM", 
        "value": -0.24723133251233473
    }, 
    "L2": {
        "error": 0.14285683029129576, 
        "fit": "average_SEM", 
        "value": -0.28763305209577084
    }
}