{
    "AX": {
        "error": 0.06618390750349774, 
        "fit": "average_SEM", 
        "value": 0.00025921950582414867
    }, 
    "CDD": {
        "error": 0.00021469193114724422, 
        "fit": "average_SEM", 
        "value": 0.00019761171667293336
    }, 
    "H1": {
        "error": 0.13980702378209833, 
        "fit": "average_SEM", 
        "value": -0.20559926591813565
    }, 
    "H2": {
        "error": 0.11760174726600205, 
        "fit": "average_SEM", 
        "value": -0.415105039998889
    }, 
    "L1": {
        "error": 0.17550159455429298, 
        "fit": "average_SEM", 
        "value": -0.26424370685902737
    }, 
    "L2": {
        "error": 0.12510847242729897, 
        "fit": "average_SEM", 
        "value": -0.3110311600069205
    }
}