{
    "AX": {
        "error": 0.06245804698412497, 
        "fit": "average_SEM", 
        "value": -0.013389598285236086
    }, 
    "CDD": {
        "error": 0.00022524101862559195, 
        "fit": "average_SEM", 
        "value": 0.00023141372221289203
    }, 
    "H1": {
        "error": 0.13050757398728127, 
        "fit": "average_SEM", 
        "value": -0.18342813343430558
    }, 
    "H2": {
        "error": 0.10910882424944107, 
        "fit": "average_SEM", 
        "value": -0.41601335232456527
    }, 
    "L1": {
        "error": 0.1586145082509272, 
        "fit": "average_SEM", 
        "value": -0.2658349284591774
    }, 
    "L2": {
        "error": 0.125746494584325, 
        "fit": "average_SEM", 
        "value": -0.3280896068861087
    }
}