{
    "AX": {
        "error": 0.06099732193908286, 
        "fit": "average_SEM", 
        "value": -0.0019165996151665847
    }, 
    "CDD": {
        "error": 0.0001319151845986535, 
        "fit": "average_SEM", 
        "value": 0.00011180662889576827
    }, 
    "H1": {
        "error": 0.11697722931283304, 
        "fit": "average_SEM", 
        "value": -0.19810129832476378
    }, 
    "H2": {
        "error": 0.108526993951499, 
        "fit": "average_SEM", 
        "value": -0.3835261560976505
    }, 
    "L1": {
        "error": 0.17955379647434672, 
        "fit": "average_SEM", 
        "value": -0.24812810519943013
    }, 
    "L2": {
        "error": 0.15137837395082007, 
        "fit": "average_SEM", 
        "value": -0.28671751817067465
    }
}