{
    "AX": {
        "error": 0.050027851031605695, 
        "fit": "average_SEM", 
        "value": -0.02701464462928319
    }, 
    "CDD": {
        "error": 0.00022340203399781795, 
        "fit": "average_SEM", 
        "value": 0.0002834168049351623
    }, 
    "H1": {
        "error": 0.1178437261805283, 
        "fit": "average_SEM", 
        "value": -0.14971943908603863
    }, 
    "H2": {
        "error": 0.12136755326352358, 
        "fit": "average_SEM", 
        "value": -0.33945682644844055
    }, 
    "L1": {
        "error": 0.13769122577810375, 
        "fit": "average_SEM", 
        "value": -0.19061272332910448
    }, 
    "L2": {
        "error": 0.11738242612018286, 
        "fit": "average_SEM", 
        "value": -0.25477901957929133
    }
}