{
    "AX": {
        "error": 0.06546696275964965, 
        "fit": "average_SEM", 
        "value": 0.0008071999589446932
    }, 
    "CDD": {
        "error": 0.00012738101890946498, 
        "fit": "average_SEM", 
        "value": 0.00010400616641466816
    }, 
    "H1": {
        "error": 0.12344392298299886, 
        "fit": "average_SEM", 
        "value": -0.15038168051590523
    }, 
    "H2": {
        "error": 0.12731322519119984, 
        "fit": "average_SEM", 
        "value": -0.33522750026701637
    }, 
    "L1": {
        "error": 0.1567587209903673, 
        "fit": "average_SEM", 
        "value": -0.17971041090010356
    }, 
    "L2": {
        "error": 0.1366941772092005, 
        "fit": "average_SEM", 
        "value": -0.2423419812694192
    }
}