{
    "AX": {
        "error": 0.058045174724309194, 
        "fit": "average_SEM", 
        "value": -0.02015236090179921
    }, 
    "CDD": {
        "error": 0.00018659309375865493, 
        "fit": "average_SEM", 
        "value": 0.00021841294947080314
    }, 
    "H1": {
        "error": 0.1427631721175439, 
        "fit": "average_SEM", 
        "value": -0.10688202749103463
    }, 
    "H2": {
        "error": 0.10332863146819761, 
        "fit": "average_SEM", 
        "value": -0.33095757526655994
    }, 
    "L1": {
        "error": 0.16901085639859492, 
        "fit": "average_SEM", 
        "value": -0.16069716842612253
    }, 
    "L2": {
        "error": 0.12394590874218157, 
        "fit": "average_SEM", 
        "value": -0.21760384989902376
    }
}