{
    "AX": {
        "error": 0.05080981198098287, 
        "fit": "average_SEM", 
        "value": -0.01327060668248426
    }, 
    "CDD": {
        "error": 0.00011990180841227953, 
        "fit": "average_SEM", 
        "value": 8.580508729210124e-05
    }, 
    "H1": {
        "error": 0.11506941930400158, 
        "fit": "average_SEM", 
        "value": -0.1256042608486799
    }, 
    "H2": {
        "error": 0.12486318281622412, 
        "fit": "average_SEM", 
        "value": -0.31835283326605956
    }, 
    "L1": {
        "error": 0.18856775513580126, 
        "fit": "average_SEM", 
        "value": -0.09546677837206516
    }, 
    "L2": {
        "error": 0.11361217293010357, 
        "fit": "average_SEM", 
        "value": -0.1978697644546628
    }
}