{
    "AX": {
        "error": 0.0498744457362199, 
        "fit": "average_SEM", 
        "value": -0.007274744882791614
    }, 
    "CDD": {
        "error": 0.00013675183700511358, 
        "fit": "average_SEM", 
        "value": 0.00010400616641466816
    }, 
    "H1": {
        "error": 0.14047109752914466, 
        "fit": "average_SEM", 
        "value": -0.12406395852837401
    }, 
    "H2": {
        "error": 0.1072300947954908, 
        "fit": "average_SEM", 
        "value": -0.35318162441253664
    }, 
    "L1": {
        "error": 0.15455572523246577, 
        "fit": "average_SEM", 
        "value": -0.15208711031979572
    }, 
    "L2": {
        "error": 0.14403129226945158, 
        "fit": "average_SEM", 
        "value": -0.2187660187482834
    }
}