{
    "AX": {
        "error": 0.06286816181314342, 
        "fit": "average_SEM", 
        "value": -0.01598187958976875
    }, 
    "CDD": {
        "error": 0.00015331980822499977, 
        "fit": "average_SEM", 
        "value": 0.00015340909546163555
    }, 
    "H1": {
        "error": 0.12910269849366293, 
        "fit": "average_SEM", 
        "value": -0.11605357091563444
    }, 
    "H2": {
        "error": 0.11044857711167887, 
        "fit": "average_SEM", 
        "value": -0.3289356833944718
    }, 
    "L1": {
        "error": 0.20390346550035002, 
        "fit": "average_SEM", 
        "value": -0.14986730070474247
    }, 
    "L2": {
        "error": 0.11662915907198339, 
        "fit": "average_SEM", 
        "value": -0.19942982664797454
    }
}