{
    "AX": {
        "error": 0.058300494252512235, 
        "fit": "average_SEM", 
        "value": -0.004047241434454918
    }, 
    "CDD": {
        "error": 0.00011305464532144952, 
        "fit": "average_SEM", 
        "value": 7.540447065063442e-05
    }, 
    "H1": {
        "error": 0.1315113175530711, 
        "fit": "average_SEM", 
        "value": -0.1315275233379604
    }, 
    "H2": {
        "error": 0.10605906128431988, 
        "fit": "average_SEM", 
        "value": -0.3395853570351998
    }, 
    "L1": {
        "error": 0.18951915709466416, 
        "fit": "average_SEM", 
        "value": -0.16237166665960104
    }, 
    "L2": {
        "error": 0.14699058656695838, 
        "fit": "average_SEM", 
        "value": -0.21871829098866633
    }
}