{
    "AX": {
        "error": 0.05710863140393028, 
        "fit": "average_SEM", 
        "value": -0.011509060211634885
    }, 
    "CDD": {
        "error": 0.000138027931563156, 
        "fit": "average_SEM", 
        "value": 0.00013780817049943532
    }, 
    "H1": {
        "error": 0.11310219558274735, 
        "fit": "average_SEM", 
        "value": -0.11462011872014652
    }, 
    "H2": {
        "error": 0.10583371412403764, 
        "fit": "average_SEM", 
        "value": -0.34510195093850293
    }, 
    "L1": {
        "error": 0.22328013257836646, 
        "fit": "average_SEM", 
        "value": -0.1481260408104087
    }, 
    "L2": {
        "error": 0.1350320873991871, 
        "fit": "average_SEM", 
        "value": -0.18368158591911196
    }
}