{
    "AX": {
        "error": 0.05893075987339904, 
        "fit": "average_SEM", 
        "value": -0.0031012531369924547
    }, 
    "CDD": {
        "error": 0.00011990180841227953, 
        "fit": "average_SEM", 
        "value": 8.580508729210124e-05
    }, 
    "H1": {
        "error": 0.12467003669455208, 
        "fit": "average_SEM", 
        "value": -0.07747789454879239
    }, 
    "H2": {
        "error": 0.1133643901071658, 
        "fit": "average_SEM", 
        "value": -0.3223998074730237
    }, 
    "L1": {
        "error": 0.23083331607509355, 
        "fit": "average_SEM", 
        "value": -0.14174751849495806
    }, 
    "L2": {
        "error": 0.148703568417706, 
        "fit": "average_SEM", 
        "value": -0.1907545058502971
    }
}