{
    "AX": {
        "error": 0.05321379723223963, 
        "fit": "average_SEM", 
        "value": -0.016412532743803845
    }, 
    "CDD": {
        "error": 0.0001221739537783612, 
        "fit": "average_SEM", 
        "value": 0.00011180662889576827
    }, 
    "H1": {
        "error": 0.11739467649821415, 
        "fit": "average_SEM", 
        "value": -0.08490236112459873
    }, 
    "H2": {
        "error": 0.1252969298383795, 
        "fit": "average_SEM", 
        "value": -0.2888573795867463
    }, 
    "L1": {
        "error": 0.3014265517387305, 
        "fit": "average_SEM", 
        "value": -0.12330498845937352
    }, 
    "L2": {
        "error": 0.12603541575034374, 
        "fit": "average_SEM", 
        "value": -0.11641034924735626
    }
}