{
    "AX": {
        "error": 0.059600689219522225, 
        "fit": "average_SEM", 
        "value": -0.013982338361286869
    }, 
    "CDD": {
        "error": 0.0001627179545384661, 
        "fit": "average_SEM", 
        "value": 0.00013780817049943532
    }, 
    "H1": {
        "error": 0.12249756651571174, 
        "fit": "average_SEM", 
        "value": -0.09292370120917136
    }, 
    "H2": {
        "error": 0.13867183463059546, 
        "fit": "average_SEM", 
        "value": -0.28167567485167333
    }, 
    "L1": {
        "error": 0.2549090897861124, 
        "fit": "average_SEM", 
        "value": -0.024562458507716656
    }, 
    "L2": {
        "error": 0.1279657111078301, 
        "fit": "average_SEM", 
        "value": -0.11131551247090102
    }
}