{
    "AX": {
        "error": 0.052810747290699615, 
        "fit": "average_SEM", 
        "value": -0.01455754079312707
    }, 
    "CDD": {
        "error": 0.00013068463003135377, 
        "fit": "average_SEM", 
        "value": 0.00014040832465980201
    }, 
    "H1": {
        "error": 0.12242879694250892, 
        "fit": "average_SEM", 
        "value": -0.07121814159521213
    }, 
    "H2": {
        "error": 0.10907399608574597, 
        "fit": "average_SEM", 
        "value": -0.30790923366633555
    }, 
    "L1": {
        "error": 0.29086064005985535, 
        "fit": "average_SEM", 
        "value": -0.20270408033781376
    }, 
    "L2": {
        "error": 0.11941434954937812, 
        "fit": "average_SEM", 
        "value": -0.12336789337762942
    }
}