{
    "AX": {
        "error": 0.05108099601051432, 
        "fit": "average_SEM", 
        "value": -0.01673864254068273
    }, 
    "CDD": {
        "error": 0.00014323466160315475, 
        "fit": "average_SEM", 
        "value": 0.00011440678305613498
    }, 
    "H1": {
        "error": 0.12249796106630184, 
        "fit": "average_SEM", 
        "value": -0.04176358198747039
    }, 
    "H2": {
        "error": 0.10681416300454238, 
        "fit": "average_SEM", 
        "value": -0.2866571767469092
    }, 
    "L1": {
        "error": 0.31378279508354806, 
        "fit": "average_SEM", 
        "value": -0.17300845342106186
    }, 
    "L2": {
        "error": 0.11993114351651271, 
        "fit": "average_SEM", 
        "value": -0.08789764244575053
    }
}