{
    "AX": {
        "error": 0.06169243163361498, 
        "fit": "average_SEM", 
        "value": -0.015405223266376803
    }, 
    "CDD": {
        "error": 0.0001767534414091058, 
        "fit": "average_SEM", 
        "value": 0.00016640986626346906
    }, 
    "H1": {
        "error": 0.1322087627841974, 
        "fit": "average_SEM", 
        "value": -0.058788636482010284
    }, 
    "H2": {
        "error": 0.11181864490226674, 
        "fit": "average_SEM", 
        "value": -0.2645277375665804
    }, 
    "L1": {
        "error": 0.31455670382117223, 
        "fit": "average_SEM", 
        "value": -0.10886435407834748
    }, 
    "L2": {
        "error": 0.1459175726442257, 
        "fit": "average_SEM", 
        "value": -0.1193519152836719
    }
}