{
    "AX": {
        "error": 0.05507092130116502, 
        "fit": "average_SEM", 
        "value": -0.008114505372941495
    }, 
    "CDD": {
        "error": 0.0001246254766701797, 
        "fit": "average_SEM", 
        "value": 0.00010140601225430145
    }, 
    "H1": {
        "error": 0.13012929930402564, 
        "fit": "average_SEM", 
        "value": -0.05651053915110727
    }, 
    "H2": {
        "error": 0.14713671160506786, 
        "fit": "average_SEM", 
        "value": -0.2317090724594891
    }, 
    "L1": {
        "error": 0.34745836731110463, 
        "fit": "average_SEM", 
        "value": -0.12834261993411927
    }, 
    "L2": {
        "error": 0.13886073429722995, 
        "fit": "average_SEM", 
        "value": -0.0823440402202929
    }
}