{
    "AX": {
        "error": 0.05538188545405799, 
        "fit": "average_SEM", 
        "value": -0.015523722318660779
    }, 
    "CDD": {
        "error": 0.0001706580161110193, 
        "fit": "average_SEM", 
        "value": 0.0002028120245086029
    }, 
    "H1": {
        "error": 0.12414514102727234, 
        "fit": "average_SEM", 
        "value": -0.033606066826420526
    }, 
    "H2": {
        "error": 0.11765233334412765, 
        "fit": "average_SEM", 
        "value": -0.21664130253872524
    }, 
    "L1": {
        "error": 0.3407450525165308, 
        "fit": "average_SEM", 
        "value": -0.09992319126613439
    }, 
    "L2": {
        "error": 0.14395189982700388, 
        "fit": "average_SEM", 
        "value": -0.08998943788465112
    }
}