{
    "AX": {
        "error": 0.056824320716047066, 
        "fit": "average_SEM", 
        "value": -0.006126716523431242
    }, 
    "CDD": {
        "error": 0.00010550478124166836, 
        "fit": "average_SEM", 
        "value": 7.540447065063442e-05
    }, 
    "H1": {
        "error": 0.12284470498892647, 
        "fit": "average_SEM", 
        "value": -0.032467992332870683
    }, 
    "H2": {
        "error": 0.13889902930408185, 
        "fit": "average_SEM", 
        "value": -0.23312443626346066
    }, 
    "L1": {
        "error": 0.322655583942785, 
        "fit": "average_SEM", 
        "value": -0.01049974849447608
    }, 
    "L2": {
        "error": 0.13489453525798575, 
        "fit": "average_SEM", 
        "value": -0.040510772358781345
    }
}