{
    "AX": {
        "error": 0.06310739683819193, 
        "fit": "average_SEM", 
        "value": -0.009455570759625213
    }, 
    "CDD": {
        "error": 0.00011441479557728192, 
        "fit": "average_SEM", 
        "value": 0.00011440678305613498
    }, 
    "H1": {
        "error": 0.13407794829421385, 
        "fit": "average_SEM", 
        "value": -0.040526087982774094
    }, 
    "H2": {
        "error": 0.1198647252881977, 
        "fit": "average_SEM", 
        "value": -0.24061849098652602
    }, 
    "L1": {
        "error": 0.3401192674197988, 
        "fit": "average_SEM", 
        "value": -0.012053124622131388
    }, 
    "L2": {
        "error": 0.1278602665678751, 
        "fit": "average_SEM", 
        "value": -0.07405683829856571
    }
}