{
    "AX": {
        "error": 0.0520324567013724, 
        "fit": "average_SEM", 
        "value": -0.026053036880330182
    }, 
    "CDD": {
        "error": 0.00013584384722793738, 
        "fit": "average_SEM", 
        "value": 0.00011960709137686839
    }, 
    "H1": {
        "error": 0.11005471429573416, 
        "fit": "average_SEM", 
        "value": 0.06517524500668515
    }, 
    "H2": {
        "error": 0.11928632290294909, 
        "fit": "average_SEM", 
        "value": -0.166735825833166
    }, 
    "L1": {
        "error": 0.228036078773731, 
        "fit": "average_SEM", 
        "value": -0.03254085333319381
    }, 
    "L2": {
        "error": 0.15766102803536738, 
        "fit": "average_SEM", 
        "value": 0.029413842896853264
    }
}