{
    "AX": {
        "error": 0.05627605802359025, 
        "fit": "average_SEM", 
        "value": -0.013116506780109678
    }, 
    "CDD": {
        "error": 7.526833736314467e-05, 
        "fit": "average_SEM", 
        "value": 4.1602466565867266e-05
    }, 
    "H1": {
        "error": 0.12454327198439243, 
        "fit": "average_SEM", 
        "value": 0.04158485445368569
    }, 
    "H2": {
        "error": 0.10627574713016284, 
        "fit": "average_SEM", 
        "value": -0.17610107894676427
    }, 
    "L1": {
        "error": 0.21439259721084275, 
        "fit": "average_SEM", 
        "value": -0.003841358609497547
    }, 
    "L2": {
        "error": 0.11416835506394184, 
        "fit": "average_SEM", 
        "value": 0.025706564087886363
    }
}