{
    "AX": {
        "error": 0.05936055319102761, 
        "fit": "average_SEM", 
        "value": -0.015046824608483196
    }, 
    "CDD": {
        "error": 0.00011641046636184291, 
        "fit": "average_SEM", 
        "value": 8.580508729210124e-05
    }, 
    "H1": {
        "error": 0.11923465159327742, 
        "fit": "average_SEM", 
        "value": 0.025315347864185846
    }, 
    "H2": {
        "error": 0.13310123707848337, 
        "fit": "average_SEM", 
        "value": -0.18191484429407864
    }, 
    "L1": {
        "error": 0.2741840010146987, 
        "fit": "average_SEM", 
        "value": -0.010248046135529876
    }, 
    "L2": {
        "error": 0.14734601773470968, 
        "fit": "average_SEM", 
        "value": -0.013518630135028313
    }
}