{
    "AX": {
        "error": 0.06271455567840696, 
        "fit": "average_SEM", 
        "value": -0.023655644188208196
    }, 
    "CDD": {
        "error": 0.0001257513438792479, 
        "fit": "average_SEM", 
        "value": 0.0001300077080183352
    }, 
    "H1": {
        "error": 0.10493910169859752, 
        "fit": "average_SEM", 
        "value": 0.08368183412045861
    }, 
    "H2": {
        "error": 0.13206720839561836, 
        "fit": "average_SEM", 
        "value": -0.16005988288767792
    }, 
    "L1": {
        "error": 0.16487535520433233, 
        "fit": "average_SEM", 
        "value": 0.029305198431635895
    }, 
    "L2": {
        "error": 0.11459031472152226, 
        "fit": "average_SEM", 
        "value": 0.05139386068719129
    }
}