{
    "AX": {
        "error": 0.06076671367487433, 
        "fit": "average_SEM", 
        "value": -0.014586284366578184
    }, 
    "CDD": {
        "error": 0.00013983423569459479, 
        "fit": "average_SEM", 
        "value": 0.00014040832465980201
    }, 
    "H1": {
        "error": 0.1078608481344291, 
        "fit": "average_SEM", 
        "value": 0.05500816083125149
    }, 
    "H2": {
        "error": 0.11649393094174078, 
        "fit": "average_SEM", 
        "value": -0.14983128497066597
    }, 
    "L1": {
        "error": 0.19231093079256864, 
        "fit": "average_SEM", 
        "value": -0.005086634766000012
    }, 
    "L2": {
        "error": 0.12740930255322044, 
        "fit": "average_SEM", 
        "value": 0.05579632920756315
    }
}