{
    "AX": {
        "error": 0.05714146260793126, 
        "fit": "average_SEM", 
        "value": -0.018448297510622068
    }, 
    "CDD": {
        "error": 0.00010343166439406672, 
        "fit": "average_SEM", 
        "value": 9.880585809393475e-05
    }, 
    "H1": {
        "error": 0.12828911607668436, 
        "fit": "average_SEM", 
        "value": 0.09266050270137688
    }, 
    "H2": {
        "error": 0.1327576899495081, 
        "fit": "average_SEM", 
        "value": -0.17323119681338237
    }, 
    "L1": {
        "error": 0.1531182137463402, 
        "fit": "average_SEM", 
        "value": 0.012882118353930612
    }, 
    "L2": {
        "error": 0.11799436272176897, 
        "fit": "average_SEM", 
        "value": 0.0402740285693047
    }
}