{
    "Ar36": {
        "error": 0.00029973136841659971, 
        "fit": "parabolic", 
        "value": 0.015244595335560416
    }, 
    "Ar37": {
        "error": 0.012576815983984479, 
        "fit": "linear", 
        "value": 0.38435030814778981
    }, 
    "Ar38": {
        "error": 0.026214302546081335, 
        "fit": "linear", 
        "value": 3.0382449033391974
    }, 
    "Ar39": {
        "error": 0.025138975957612934, 
        "fit": "parabolic", 
        "value": 261.09235442513523
    }, 
    "Ar40": {
        "error": 0.088826152335354916, 
        "fit": "parabolic", 
        "value": 2079.2864736355746
    }, 
    "Ar41": {
        "error": 0.0052549201873480786, 
        "fit": "average_SEM", 
        "value": -0.076114737980059508
    }
}