{
    "Ar36": {
        "error": 0.0002171929628208685, 
        "fit": "parabolic", 
        "value": 0.0070128560905742335
    }, 
    "Ar37": {
        "error": 0.011413408565064497, 
        "fit": "linear", 
        "value": 0.043969349945302397
    }, 
    "Ar38": {
        "error": 0.0287136858722166, 
        "fit": "linear", 
        "value": 0.96443073127761503
    }, 
    "Ar39": {
        "error": 0.015863264066911954, 
        "fit": "parabolic", 
        "value": 87.841856727571894
    }, 
    "Ar40": {
        "error": 0.058111146513925946, 
        "fit": "parabolic", 
        "value": 702.03164235889562
    }, 
    "Ar41": {
        "error": 0.005090440533395464, 
        "fit": "average_SEM", 
        "value": -0.098951581732099239
    }
}