{
    "Ar36": {
        "error": 0.0002338151636439939, 
        "fit": "parabolic", 
        "value": 0.013884916778154181
    }, 
    "Ar37": {
        "error": 0.012018062626684868, 
        "fit": "linear", 
        "value": -0.088337679137712413
    }, 
    "Ar38": {
        "error": 0.026424393128209024, 
        "fit": "linear", 
        "value": 0.51654338664437338
    }, 
    "Ar39": {
        "error": 0.013768573787359342, 
        "fit": "parabolic", 
        "value": 53.168919470378498
    }, 
    "Ar40": {
        "error": 0.043799061725330296, 
        "fit": "parabolic", 
        "value": 426.71385069034142
    }, 
    "Ar41": {
        "error": 0.0050334578809667976, 
        "fit": "average_SEM", 
        "value": -0.11729461818917437
    }
}