{
    "Ar36": {
        "error": 0.00027599002402125091, 
        "fit": "parabolic", 
        "value": 0.015355371843041688
    }, 
    "Ar37": {
        "error": 0.01210094878878573, 
        "fit": "linear", 
        "value": 0.34595206797576772
    }, 
    "Ar38": {
        "error": 0.02815398317812718, 
        "fit": "linear", 
        "value": 2.9003578911545889
    }, 
    "Ar39": {
        "error": 0.023805852173918746, 
        "fit": "parabolic", 
        "value": 243.66193469431977
    }, 
    "Ar40": {
        "error": 0.089233352798611304, 
        "fit": "parabolic", 
        "value": 1940.0728834861698
    }, 
    "Ar41": {
        "error": 0.0053082606524650962, 
        "fit": "average_SEM", 
        "value": -0.08094445204256219
    }
}