{
    "Ar36": {
        "error": 0.00032703030062344933, 
        "fit": "parabolic", 
        "value": 0.02264763441609453
    }, 
    "Ar37": {
        "error": 0.012713730980779398, 
        "fit": "linear", 
        "value": 0.16853235273200157
    }, 
    "Ar38": {
        "error": 0.018364541330596836, 
        "fit": "linear", 
        "value": 1.884156156092553
    }, 
    "Ar39": {
        "error": 0.019557556530298007, 
        "fit": "parabolic", 
        "value": 151.92369475792782
    }, 
    "Ar40": {
        "error": 0.065658396282769177, 
        "fit": "parabolic", 
        "value": 1215.2023377334017
    }, 
    "Ar41": {
        "error": 0.0053802845296185096, 
        "fit": "average_SEM", 
        "value": -0.065697702736909502
    }
}