{
    "Ar36": {
        "error": 0.00030007741072549159, 
        "fit": "parabolic", 
        "value": 0.012599371119064395
    }, 
    "Ar37": {
        "error": 0.011817510896809354, 
        "fit": "linear", 
        "value": 0.28829789741582029
    }, 
    "Ar38": {
        "error": 0.020385824430971301, 
        "fit": "linear", 
        "value": 2.5499948950892639
    }, 
    "Ar39": {
        "error": 0.021942793834894284, 
        "fit": "parabolic", 
        "value": 211.9101679767312
    }, 
    "Ar40": {
        "error": 0.075915317721812772, 
        "fit": "parabolic", 
        "value": 1687.4416793524483
    }, 
    "Ar41": {
        "error": 0.0054195365109947864, 
        "fit": "average_SEM", 
        "value": -0.06473068764203542
    }
}