{
    "Ar36": {
        "error": 0.00028996815002558688, 
        "fit": "parabolic", 
        "value": 0.013955561961748396
    }, 
    "Ar37": {
        "error": 0.013765852633475968, 
        "fit": "linear", 
        "value": 0.39346332029433068
    }, 
    "Ar38": {
        "error": 0.020083770203620257, 
        "fit": "linear", 
        "value": 3.1137155602584672
    }, 
    "Ar39": {
        "error": 0.021365031177995864, 
        "fit": "parabolic", 
        "value": 258.03686905000859
    }, 
    "Ar40": {
        "error": 0.086686029705269785, 
        "fit": "parabolic", 
        "value": 2062.8588790584372
    }, 
    "Ar41": {
        "error": 0.0057321073744681147, 
        "fit": "average_SEM", 
        "value": -0.22366061965230058
    }
}