{
    "Ar36": {
        "error": 0.00025216967101483891, 
        "fit": "parabolic", 
        "value": 0.0084893147660118559
    }, 
    "Ar37": {
        "error": 0.01250749439180399, 
        "fit": "linear", 
        "value": 0.25667443789909289
    }, 
    "Ar38": {
        "error": 0.015724997977268056, 
        "fit": "linear", 
        "value": 1.9234129564153339
    }, 
    "Ar39": {
        "error": 0.019264439882784, 
        "fit": "parabolic", 
        "value": 158.1491787454782
    }, 
    "Ar40": {
        "error": 0.068422711334405598, 
        "fit": "parabolic", 
        "value": 1262.7710185081833
    }, 
    "Ar41": {
        "error": 0.0053784860630419129, 
        "fit": "average_SEM", 
        "value": -0.22823569509005198
    }
}