{
    "Ar36": {
        "error": 0.00035556334400512168, 
        "fit": "parabolic", 
        "value": 0.022484811151986969
    }, 
    "Ar37": {
        "error": 0.01260207683450232, 
        "fit": "linear", 
        "value": 0.38008811982248664
    }, 
    "Ar38": {
        "error": 0.022598417175044506, 
        "fit": "linear", 
        "value": 2.8470339902602246
    }, 
    "Ar39": {
        "error": 0.022685140267560987, 
        "fit": "parabolic", 
        "value": 230.25495573749083
    }, 
    "Ar40": {
        "error": 0.087025092806500406, 
        "fit": "parabolic", 
        "value": 1847.2251958402821
    }, 
    "Ar41": {
        "error": 0.0056392331391989141, 
        "fit": "average_SEM", 
        "value": -0.23338299970878312
    }
}