{
    "Ar36": {
        "error": 0.00033530298712264236, 
        "fit": "parabolic", 
        "value": 0.015857842425184274
    }, 
    "Ar37": {
        "error": 0.01125407316357439, 
        "fit": "linear", 
        "value": 0.54964457159739422
    }, 
    "Ar38": {
        "error": 0.018555889748253729, 
        "fit": "linear", 
        "value": 3.3746043203942788
    }, 
    "Ar39": {
        "error": 0.023415598088839685, 
        "fit": "parabolic", 
        "value": 279.58148967783575
    }, 
    "Ar40": {
        "error": 0.093235149871330691, 
        "fit": "parabolic", 
        "value": 2230.7850479187664
    }, 
    "Ar41": {
        "error": 0.0055022371302551028, 
        "fit": "average_SEM", 
        "value": -0.21168081889128579
    }
}