{
    "Ar36": {
        "error": 0.00026507564532337853, 
        "fit": "parabolic", 
        "value": 0.0140416358076806
    }, 
    "Ar37": {
        "error": 0.012330860588102338, 
        "fit": "linear", 
        "value": 0.29043596428116591
    }, 
    "Ar38": {
        "error": 0.017772751906566776, 
        "fit": "linear", 
        "value": 1.7176492195687902
    }, 
    "Ar39": {
        "error": 0.017589356017840077, 
        "fit": "parabolic", 
        "value": 139.48171117688702
    }, 
    "Ar40": {
        "error": 0.06735557774349428, 
        "fit": "parabolic", 
        "value": 1117.7629210688651
    }, 
    "Ar41": {
        "error": 0.0054570253307310509, 
        "fit": "average_SEM", 
        "value": -0.1864490728620464
    }
}