{
    "Ar36": {
        "error": 0.0003160532901028416, 
        "fit": "parabolic", 
        "value": 0.018382116267010768
    }, 
    "Ar37": {
        "error": 0.012893472037205523, 
        "fit": "linear", 
        "value": 0.64250162977077574
    }, 
    "Ar38": {
        "error": 0.018176996904198953, 
        "fit": "linear", 
        "value": 3.6694189432896058
    }, 
    "Ar39": {
        "error": 0.026442916512998162, 
        "fit": "parabolic", 
        "value": 292.30384585363993
    }, 
    "Ar40": {
        "error": 0.10256858972491822, 
        "fit": "parabolic", 
        "value": 2337.5030590734714
    }, 
    "Ar41": {
        "error": 0.0055218784379646255, 
        "fit": "average_SEM", 
        "value": -0.17142567973496625
    }
}