{
    "Ar36": {
        "error": 0.00036519390408775934, 
        "fit": "parabolic", 
        "value": 0.026352190423424002
    }, 
    "Ar37": {
        "error": 0.012778923443624135, 
        "fit": "linear", 
        "value": 0.45018756897988699
    }, 
    "Ar38": {
        "error": 0.022262269344133934, 
        "fit": "linear", 
        "value": 2.9652953160297062
    }, 
    "Ar39": {
        "error": 0.022275151515970645, 
        "fit": "parabolic", 
        "value": 233.16627887414185
    }, 
    "Ar40": {
        "error": 0.075405758688271693, 
        "fit": "parabolic", 
        "value": 1871.3922022455454
    }, 
    "Ar41": {
        "error": 0.0053216998299165479, 
        "fit": "average_SEM", 
        "value": -0.14060700535193674
    }
}