{
    "Ar36": {
        "error": 0.00027442992873101562, 
        "fit": "parabolic", 
        "value": 0.01102621597549705
    }, 
    "Ar37": {
        "error": 0.011786524604828201, 
        "fit": "linear", 
        "value": 0.40699891766548768
    }, 
    "Ar38": {
        "error": 0.018656368357914503, 
        "fit": "linear", 
        "value": 2.4427082412035785
    }, 
    "Ar39": {
        "error": 0.021562051924676244, 
        "fit": "parabolic", 
        "value": 192.10856227864727
    }, 
    "Ar40": {
        "error": 0.075932762846920215, 
        "fit": "parabolic", 
        "value": 1540.215761281735
    }, 
    "Ar41": {
        "error": 0.0056955196118859183, 
        "fit": "average_SEM", 
        "value": -0.15632856201311687
    }
}