{
    "Ar36": {
        "error": 0.0002748817096514512, 
        "fit": "parabolic", 
        "value": 0.013623675254674214
    }, 
    "Ar37": {
        "error": 0.012125691822678933, 
        "fit": "linear", 
        "value": 0.43525236565994008
    }, 
    "Ar38": {
        "error": 0.018378821277036248, 
        "fit": "linear", 
        "value": 2.0966847280102741
    }, 
    "Ar39": {
        "error": 0.018902905994081995, 
        "fit": "parabolic", 
        "value": 162.6784250820993
    }, 
    "Ar40": {
        "error": 0.07317579724364065, 
        "fit": "parabolic", 
        "value": 1305.9632436640304
    }, 
    "Ar41": {
        "error": 0.0048395490307934974, 
        "fit": "average_SEM", 
        "value": -0.13368607199243909
    }
}