{
    "Ar36": {
        "error": 0.00028641545371151664, 
        "fit": "parabolic", 
        "value": 0.013896429594632708
    }, 
    "Ar37": {
        "error": 0.012493624101016681, 
        "fit": "linear", 
        "value": 0.61207886964608971
    }, 
    "Ar38": {
        "error": 0.023639460004484317, 
        "fit": "linear", 
        "value": 2.9440553930560416
    }, 
    "Ar39": {
        "error": 0.021954811536472239, 
        "fit": "parabolic", 
        "value": 235.34712359882377
    }, 
    "Ar40": {
        "error": 0.081207398819099441, 
        "fit": "parabolic", 
        "value": 1887.3169001923602
    }, 
    "Ar41": {
        "error": 0.0050052350625564195, 
        "fit": "average_SEM", 
        "value": -0.12936285966737351
    }
}