{
    "Ar36": {
        "error": 0.00028183377743730447, 
        "fit": "parabolic", 
        "value": 0.012872773800252306
    }, 
    "Ar37": {
        "error": 0.012180539282131028, 
        "fit": "linear", 
        "value": 0.58154292153068687
    }, 
    "Ar38": {
        "error": 0.027267352272243903, 
        "fit": "linear", 
        "value": 2.5475060000840357
    }, 
    "Ar39": {
        "error": 0.02058637846899148, 
        "fit": "parabolic", 
        "value": 190.70766827821794
    }, 
    "Ar40": {
        "error": 0.069111778496495205, 
        "fit": "parabolic", 
        "value": 1530.0745994921454
    }, 
    "Ar41": {
        "error": 0.0056633197857770094, 
        "fit": "average_SEM", 
        "value": -0.079385537354807773
    }
}