{
    "Ar36": {
        "error": 0.00054704622125284876, 
        "fit": "parabolic", 
        "value": 0.087826567999843314
    }, 
    "Ar37": {
        "error": 0.012124937951043724, 
        "fit": "linear", 
        "value": 0.36721869940377483
    }, 
    "Ar38": {
        "error": 0.022539370425998122, 
        "fit": "linear", 
        "value": 1.6020251336916105
    }, 
    "Ar39": {
        "error": 0.017389157683035408, 
        "fit": "parabolic", 
        "value": 124.45759293763766
    }, 
    "Ar40": {
        "error": 0.065515841566479771, 
        "fit": "parabolic", 
        "value": 1021.6646295296769
    }, 
    "Ar41": {
        "error": 0.0054109125490268426, 
        "fit": "average_SEM", 
        "value": -0.1321159697232209
    }
}