{
    "Ar36": {
        "error": 0.00030367850073056101, 
        "fit": "parabolic", 
        "value": 0.01736274113022937
    }, 
    "Ar37": {
        "error": 0.012962518340725525, 
        "fit": "linear", 
        "value": 0.63178897844134552
    }, 
    "Ar38": {
        "error": 0.027628781950905339, 
        "fit": "linear", 
        "value": 2.9491053981440047
    }, 
    "Ar39": {
        "error": 0.021355490775997889, 
        "fit": "parabolic", 
        "value": 226.24988644726221
    }, 
    "Ar40": {
        "error": 0.088495516485245854, 
        "fit": "parabolic", 
        "value": 1818.5434341104724
    }, 
    "Ar41": {
        "error": 0.0053169787986543943, 
        "fit": "average_SEM", 
        "value": -0.051431163343238495
    }
}