{
    "Ar36": {
        "error": 0.00026432557958442612, 
        "fit": "parabolic", 
        "value": 0.011822170728660358
    }, 
    "Ar37": {
        "error": 0.012106553421789325, 
        "fit": "linear", 
        "value": 0.58761393485505686
    }, 
    "Ar38": {
        "error": 0.02717565550740136, 
        "fit": "linear", 
        "value": 2.6547820148358059
    }, 
    "Ar39": {
        "error": 0.022695316136547669, 
        "fit": "parabolic", 
        "value": 199.55211385391436
    }, 
    "Ar40": {
        "error": 0.072999150314414299, 
        "fit": "parabolic", 
        "value": 1601.6725168945472
    }, 
    "Ar41": {
        "error": 0.0050293631712908463, 
        "fit": "average_SEM", 
        "value": -0.051003580061603319
    }
}