{
    "Ar36": {
        "error": 0.00032451293773018652, 
        "fit": "parabolic", 
        "value": 0.020078115660176921
    }, 
    "Ar37": {
        "error": 0.01213019125034737, 
        "fit": "linear", 
        "value": 0.510235321868028
    }, 
    "Ar38": {
        "error": 0.025873195120257209, 
        "fit": "linear", 
        "value": 2.0423188822722267
    }, 
    "Ar39": {
        "error": 0.018352871184055205, 
        "fit": "parabolic", 
        "value": 143.05505437582266
    }, 
    "Ar40": {
        "error": 0.067052133629491917, 
        "fit": "parabolic", 
        "value": 1151.8543317699996
    }, 
    "Ar41": {
        "error": 0.0048518292977161176, 
        "fit": "average_SEM", 
        "value": -0.046689203960168492
    }
}