{
    "Ar36": {
        "error": 0.00026415041356107443, 
        "fit": "parabolic", 
        "value": 0.011561890271705363
    }, 
    "Ar37": {
        "error": 0.012751756633956319, 
        "fit": "linear", 
        "value": 0.68509121394984729
    }, 
    "Ar38": {
        "error": 0.024383069502896162, 
        "fit": "linear", 
        "value": 3.0409311843384552
    }, 
    "Ar39": {
        "error": 0.022195082768651946, 
        "fit": "parabolic", 
        "value": 225.74453556216196
    }, 
    "Ar40": {
        "error": 0.081324253082532452, 
        "fit": "parabolic", 
        "value": 1809.5800590284391
    }, 
    "Ar41": {
        "error": 0.0054663995929544219, 
        "fit": "average_SEM", 
        "value": -0.038143986256392579
    }
}