{
    "Ar36": {
        "error": 0.00028542097637828886, 
        "fit": "parabolic", 
        "value": 0.016342306001395121
    }, 
    "Ar37": {
        "error": 0.011726510273369375, 
        "fit": "linear", 
        "value": 0.66634059445441995
    }, 
    "Ar38": {
        "error": 0.021003389444596756, 
        "fit": "linear", 
        "value": 3.0378892879142469
    }, 
    "Ar39": {
        "error": 0.021156574739232235, 
        "fit": "parabolic", 
        "value": 210.38108797694048
    }, 
    "Ar40": {
        "error": 0.077146931887421097, 
        "fit": "parabolic", 
        "value": 1689.7498560945078
    }, 
    "Ar41": {
        "error": 0.0050714818398294803, 
        "fit": "average_SEM", 
        "value": -0.031023223494366543
    }
}