{
    "Ar36": {
        "error": 0.00030855564217433228, 
        "fit": "parabolic", 
        "value": 0.016864769195965988
    }, 
    "Ar37": {
        "error": 0.01281277524349546, 
        "fit": "linear", 
        "value": 0.99368455338412598
    }, 
    "Ar38": {
        "error": 0.016717499773953818, 
        "fit": "linear", 
        "value": 4.1135576009512942
    }, 
    "Ar39": {
        "error": 0.025806425098961736, 
        "fit": "parabolic", 
        "value": 330.87648708842448
    }, 
    "Ar40": {
        "error": 0.10331579556127667, 
        "fit": "parabolic", 
        "value": 2657.5104167643021
    }, 
    "Ar41": {
        "error": 0.0055639807772790029, 
        "fit": "average_SEM", 
        "value": -0.013094435012052682
    }
}