{
    "Ar36": {
        "error": 0.00031323911495569539, 
        "fit": "parabolic", 
        "value": 0.016257101213661175
    }, 
    "Ar37": {
        "error": 0.011839941682654325, 
        "fit": "linear", 
        "value": 0.79389140021706384
    }, 
    "Ar38": {
        "error": 0.020573137653464128, 
        "fit": "linear", 
        "value": 3.1274141249126761
    }, 
    "Ar39": {
        "error": 0.024838426347578504, 
        "fit": "parabolic", 
        "value": 246.76769091830784
    }, 
    "Ar40": {
        "error": 0.080128641220798658, 
        "fit": "parabolic", 
        "value": 1983.0043886049421
    }, 
    "Ar41": {
        "error": 0.0052093961674612973, 
        "fit": "average_SEM", 
        "value": -0.017353590109006972
    }
}