{
    "Ar36": {
        "error": 0.00022210033012259588, 
        "fit": "parabolic", 
        "value": 0.0080270949210140569
    }, 
    "Ar37": {
        "error": 0.012919658833123486, 
        "fit": "linear", 
        "value": 0.38273360907006659
    }, 
    "Ar38": {
        "error": 0.02748673158053333, 
        "fit": "linear", 
        "value": 0.9386740496872894
    }, 
    "Ar39": {
        "error": 0.013830654232440434, 
        "fit": "parabolic", 
        "value": 72.190200704597515
    }, 
    "Ar40": {
        "error": 0.051888653795032887, 
        "fit": "parabolic", 
        "value": 581.41065560429411
    }, 
    "Ar41": {
        "error": 0.0053331636184843966, 
        "fit": "average_SEM", 
        "value": -0.049034647928021424
    }
}