{
    "Ar36": {
        "error": 0.00034072139415312972, 
        "fit": "parabolic", 
        "value": 0.02374185355657249
    }, 
    "Ar37": {
        "error": 0.01205325599496151, 
        "fit": "linear", 
        "value": 0.69761376512852058
    }, 
    "Ar38": {
        "error": 0.024400748516554875, 
        "fit": "linear", 
        "value": 2.8910676852482387
    }, 
    "Ar39": {
        "error": 0.021234264543848649, 
        "fit": "parabolic", 
        "value": 233.18246079905771
    }, 
    "Ar40": {
        "error": 0.088086151655988376, 
        "fit": "parabolic", 
        "value": 1873.2191848468817
    }, 
    "Ar41": {
        "error": 0.0053499906492025864, 
        "fit": "average_SEM", 
        "value": -0.026904592196956401
    }
}