{
    "Ar36": {
        "error": 0.00026423810233787415, 
        "fit": "parabolic", 
        "value": 0.011767518659798425
    }, 
    "Ar37": {
        "error": 0.012166271729600046, 
        "fit": "linear", 
        "value": 0.40080742169857198
    }, 
    "Ar38": {
        "error": 0.016109065736251427, 
        "fit": "linear", 
        "value": 1.7980978273795549
    }, 
    "Ar39": {
        "error": 0.018429151188813737, 
        "fit": "parabolic", 
        "value": 133.0717935112707
    }, 
    "Ar40": {
        "error": 0.061683966480144195, 
        "fit": "parabolic", 
        "value": 1072.0765964409297
    }, 
    "Ar41": {
        "error": 0.0052939380207729812, 
        "fit": "average_SEM", 
        "value": -0.096251473356932987
    }
}