{
    "Ar36": {
        "error": 0.00040749944253218328, 
        "fit": "parabolic", 
        "value": 0.044547079625720867
    }, 
    "Ar37": {
        "error": 0.011774004687002291, 
        "fit": "linear", 
        "value": 0.41624704545403429
    }, 
    "Ar38": {
        "error": 0.013940146328031946, 
        "fit": "linear", 
        "value": 2.0199172211031984
    }, 
    "Ar39": {
        "error": 0.019804638431318529, 
        "fit": "parabolic", 
        "value": 153.51930620376751
    }, 
    "Ar40": {
        "error": 0.066825709006226156, 
        "fit": "parabolic", 
        "value": 1243.1975210617288
    }, 
    "Ar41": {
        "error": 0.0051976172590701307, 
        "fit": "average_SEM", 
        "value": -0.10293872859436209
    }
}