{
    "Ar36": {
        "error": 0.0016796148767531094, 
        "fit": "parabolic", 
        "value": 0.011580686279392394
    }, 
    "Ar37": {
        "error": 0.13301949576423611, 
        "fit": "linear", 
        "value": 0.25894040367045529
    }, 
    "Ar38": {
        "error": 0.15511137414281367, 
        "fit": "linear", 
        "value": 2.0138203613790626
    }, 
    "Ar39": {
        "error": 0.1201118981356471, 
        "fit": "parabolic", 
        "value": 162.83057354785362
    }, 
    "Ar40": {
        "error": 0.43543563452838252, 
        "fit": "parabolic", 
        "value": 1309.0931927733068
    }, 
    "Ar41": {
        "error": 0.12636184561499392, 
        "fit": "average_SEM", 
        "value": -0.20073882036027499
    }
}