{
    "Ar36": {
        "error": 0.00028949466447374637, 
        "fit": "parabolic", 
        "value": 0.015562022485889483
    }, 
    "Ar37": {
        "error": 0.01284910753355251, 
        "fit": "linear", 
        "value": 0.47952972982367525
    }, 
    "Ar38": {
        "error": 0.014207520884319296, 
        "fit": "linear", 
        "value": 3.1330603681413836
    }, 
    "Ar39": {
        "error": 0.024077804644510915, 
        "fit": "parabolic", 
        "value": 246.66347706192991
    }, 
    "Ar40": {
        "error": 0.091181345649512982, 
        "fit": "parabolic", 
        "value": 1981.5937649828279
    }, 
    "Ar41": {
        "error": 0.0056372199685742475, 
        "fit": "average_SEM", 
        "value": -0.12447794319167563
    }
}