{
    "Ar36": {
        "error": 0.0016737088997531018, 
        "fit": "parabolic", 
        "value": 0.011045805076842562
    }, 
    "Ar37": {
        "error": 0.1269865100480998, 
        "fit": "linear", 
        "value": 0.39404051443662108
    }, 
    "Ar38": {
        "error": 0.18491708703470128, 
        "fit": "linear", 
        "value": 2.6724149234033168
    }, 
    "Ar39": {
        "error": 0.14090666822513795, 
        "fit": "parabolic", 
        "value": 214.75011161815834
    }, 
    "Ar40": {
        "error": 0.52395596969370029, 
        "fit": "parabolic", 
        "value": 1724.9724314879957
    }, 
    "Ar41": {
        "error": 0.12685981757752954, 
        "fit": "average_SEM", 
        "value": -0.21546723531748285
    }
}