{
    "Ar36": {
        "error": 0.0019395065743687176, 
        "fit": "parabolic", 
        "value": 0.017913813286556623
    }, 
    "Ar37": {
        "error": 0.12089918725210337, 
        "fit": "linear", 
        "value": 0.33029315146891847
    }, 
    "Ar38": {
        "error": 0.16397388814771705, 
        "fit": "linear", 
        "value": 2.4183935965665202
    }, 
    "Ar39": {
        "error": 0.13589529102181402, 
        "fit": "parabolic", 
        "value": 194.3015145435605
    }, 
    "Ar40": {
        "error": 0.48985447669508825, 
        "fit": "parabolic", 
        "value": 1561.5460899609843
    }, 
    "Ar41": {
        "error": 0.12427382686248711, 
        "fit": "average_SEM", 
        "value": -0.22882768657436828
    }
}