{
    "Ar36": {
        "error": 0.0033737924192850056, 
        "fit": "parabolic", 
        "value": 0.063957972904981022
    }, 
    "Ar37": {
        "error": 0.12650193458397282, 
        "fit": "linear", 
        "value": 0.63528628271943477
    }, 
    "Ar38": {
        "error": 0.16095858970312721, 
        "fit": "linear", 
        "value": 3.812051230412965
    }, 
    "Ar39": {
        "error": 0.15105837661841709, 
        "fit": "parabolic", 
        "value": 306.88842913774914
    }, 
    "Ar40": {
        "error": 0.61678556663631257, 
        "fit": "parabolic", 
        "value": 2478.0532225357588
    }, 
    "Ar41": {
        "error": 0.11933482763321616, 
        "fit": "average_SEM", 
        "value": -0.20374702970613726
    }
}