{
    "Ar36": {
        "error": 0.001941553571287803, 
        "fit": "parabolic", 
        "value": 0.016148783509114754
    }, 
    "Ar37": {
        "error": 0.13163441796167286, 
        "fit": "linear", 
        "value": 0.30579432156531616
    }, 
    "Ar38": {
        "error": 0.14190283961767583, 
        "fit": "linear", 
        "value": 2.3792344759668715
    }, 
    "Ar39": {
        "error": 0.13846611063199682, 
        "fit": "parabolic", 
        "value": 192.04484983644701
    }, 
    "Ar40": {
        "error": 0.49009156166898865, 
        "fit": "parabolic", 
        "value": 1541.7479437636475
    }, 
    "Ar41": {
        "error": 0.13538311208697948, 
        "fit": "average_SEM", 
        "value": -0.21616293847240742
    }
}