{
    "Ar36": {
        "error": 0.0017496107236473048, 
        "fit": "parabolic", 
        "value": 0.010095555150643705
    }, 
    "Ar37": {
        "error": 0.13087705951636011, 
        "fit": "linear", 
        "value": 0.24997570502024591
    }, 
    "Ar38": {
        "error": 0.13601275755585843, 
        "fit": "linear", 
        "value": 1.9174458282419706
    }, 
    "Ar39": {
        "error": 0.12863735282180586, 
        "fit": "parabolic", 
        "value": 157.40163888668712
    }, 
    "Ar40": {
        "error": 0.44746657689921771, 
        "fit": "parabolic", 
        "value": 1263.3496646462304
    }, 
    "Ar41": {
        "error": 0.12973116927969905, 
        "fit": "average_SEM", 
        "value": -0.22294707433582517
    }
}