{
    "Ar36": {
        "error": 0.001407651732379439, 
        "fit": "parabolic", 
        "value": 0.0064620254634204267
    }, 
    "Ar37": {
        "error": 0.12089797360074019, 
        "fit": "linear", 
        "value": 0.10304197954852198
    }, 
    "Ar38": {
        "error": 0.17226211482510245, 
        "fit": "linear", 
        "value": 0.9512793614338606
    }, 
    "Ar39": {
        "error": 0.096056488896820322, 
        "fit": "parabolic", 
        "value": 81.569556020272529
    }, 
    "Ar40": {
        "error": 0.32605878161356383, 
        "fit": "parabolic", 
        "value": 654.66213136568342
    }, 
    "Ar41": {
        "error": 0.12693966964985773, 
        "fit": "average_SEM", 
        "value": -0.23742210446507669
    }
}