{
    "Ar36": {
        "error": 0.0014231760771702922, 
        "fit": "parabolic", 
        "value": 0.0073049712230395091
    }, 
    "Ar37": {
        "error": 0.12920388575905534, 
        "fit": "linear", 
        "value": 0.13700017198678571
    }, 
    "Ar38": {
        "error": 0.17051935426215034, 
        "fit": "linear", 
        "value": 1.0131397928752914
    }, 
    "Ar39": {
        "error": 0.091842702381405864, 
        "fit": "parabolic", 
        "value": 85.589605025881497
    }, 
    "Ar40": {
        "error": 0.34274752229609112, 
        "fit": "parabolic", 
        "value": 688.12329179487506
    }, 
    "Ar41": {
        "error": 0.1327648647461652, 
        "fit": "average_SEM", 
        "value": -0.23148758275754516
    }
}