{
    "Ar36": {
        "error": 0.0023155463217267268, 
        "fit": "parabolic", 
        "value": 0.025573832625165646
    }, 
    "Ar37": {
        "error": 0.13119120084964972, 
        "fit": "linear", 
        "value": 0.70375201307282886
    }, 
    "Ar38": {
        "error": 0.13442141039092698, 
        "fit": "linear", 
        "value": 4.0531841317580373
    }, 
    "Ar39": {
        "error": 0.1667370966756524, 
        "fit": "parabolic", 
        "value": 322.74425096438665
    }, 
    "Ar40": {
        "error": 0.62666111968710769, 
        "fit": "parabolic", 
        "value": 2587.0227201091438
    }, 
    "Ar41": {
        "error": 0.12839555604284852, 
        "fit": "average_SEM", 
        "value": -0.16374835966358658
    }
}