{
    "Ar36": {
        "error": 0.0020788169762171287, 
        "fit": "parabolic", 
        "value": 0.016961923356600472
    }, 
    "Ar37": {
        "error": 0.13152010226175131, 
        "fit": "linear", 
        "value": 0.67322390346142869
    }, 
    "Ar38": {
        "error": 0.1374752795326464, 
        "fit": "linear", 
        "value": 4.1025387643875675
    }, 
    "Ar39": {
        "error": 0.16249931858483266, 
        "fit": "parabolic", 
        "value": 318.70570133890021
    }, 
    "Ar40": {
        "error": 0.62667830023380999, 
        "fit": "parabolic", 
        "value": 2568.8625199581265
    }, 
    "Ar41": {
        "error": 0.13184163181722858, 
        "fit": "average_SEM", 
        "value": -0.16883674346143379
    }
}