{
    "Ar36": {
        "error": 0.0019400340201665334, 
        "fit": "parabolic", 
        "value": 0.014271840657057586
    }, 
    "Ar37": {
        "error": 0.12715100760008774, 
        "fit": "linear", 
        "value": 0.57428161958811585
    }, 
    "Ar38": {
        "error": 0.14081913399020757, 
        "fit": "linear", 
        "value": 3.1636969690027623
    }, 
    "Ar39": {
        "error": 0.14669345111599297, 
        "fit": "parabolic", 
        "value": 258.10085543660961
    }, 
    "Ar40": {
        "error": 0.56522516182054972, 
        "fit": "parabolic", 
        "value": 2069.6016008630595
    }, 
    "Ar41": {
        "error": 0.13076281901849268, 
        "fit": "average_SEM", 
        "value": -0.19771776883746497
    }
}