{
    "Ar36": {
        "error": 0.0028931113394797389, 
        "fit": "parabolic", 
        "value": 0.040077656040565554
    }, 
    "Ar37": {
        "error": 0.13505834584592463, 
        "fit": "linear", 
        "value": 1.3205274834807332
    }, 
    "Ar38": {
        "error": 0.13750341768887214, 
        "fit": "linear", 
        "value": 4.3774438605211063
    }, 
    "Ar39": {
        "error": 0.1649944039559241, 
        "fit": "parabolic", 
        "value": 346.04573450609178
    }, 
    "Ar40": {
        "error": 0.69102224439970483, 
        "fit": "parabolic", 
        "value": 2808.0971110034225
    }, 
    "Ar41": {
        "error": 0.15581216892740107, 
        "fit": "average_SEM", 
        "value": 0.030432729449239561
    }
}