{
    "Ar36": {
        "error": 0.0013705879841082135, 
        "fit": "parabolic", 
        "value": 0.0065251864957513311
    }, 
    "Ar37": {
        "error": 0.13214069485997654, 
        "fit": "linear", 
        "value": 0.27340912071628765
    }, 
    "Ar38": {
        "error": 0.1588455593399965, 
        "fit": "linear", 
        "value": 1.5088776883861854
    }, 
    "Ar39": {
        "error": 0.11736246171828323, 
        "fit": "parabolic", 
        "value": 122.20738509707172
    }, 
    "Ar40": {
        "error": 0.38658580844040702, 
        "fit": "parabolic", 
        "value": 976.64957528535206
    }, 
    "Ar41": {
        "error": 0.12751570087396144, 
        "fit": "average_SEM", 
        "value": -0.17062417492998067
    }
}