{
    "Ar36": {
        "error": 0.0017845238682355617, 
        "fit": "parabolic", 
        "value": 0.012489530153600565
    }, 
    "Ar37": {
        "error": 0.12695432471730334, 
        "fit": "linear", 
        "value": 0.6105656944509037
    }, 
    "Ar38": {
        "error": 0.22232707196402907, 
        "fit": "linear", 
        "value": 2.8457667088462859
    }, 
    "Ar39": {
        "error": 0.13865366722845554, 
        "fit": "parabolic", 
        "value": 218.20059500113933
    }, 
    "Ar40": {
        "error": 0.51251699153368691, 
        "fit": "parabolic", 
        "value": 1745.710539180481
    }, 
    "Ar41": {
        "error": 0.11808904692894927, 
        "fit": "average_SEM", 
        "value": 0.11436183555400931
    }
}