{
    "Ar36": {
        "error": 0.0020417668967014999, 
        "fit": "parabolic", 
        "value": 0.014942524500517166
    }, 
    "Ar37": {
        "error": 0.12951981145671473, 
        "fit": "linear", 
        "value": 0.79357821586435895
    }, 
    "Ar38": {
        "error": 0.18033906915373152, 
        "fit": "linear", 
        "value": 3.7586651905565729
    }, 
    "Ar39": {
        "error": 0.15501795602387172, 
        "fit": "parabolic", 
        "value": 291.25907726383764
    }, 
    "Ar40": {
        "error": 0.62126137725700337, 
        "fit": "parabolic", 
        "value": 2328.5291713827291
    }, 
    "Ar41": {
        "error": 0.13062666347009241, 
        "fit": "average_SEM", 
        "value": 0.11467554718488827
    }
}