{
    "Ar36": {
        "error": 0.0023017171302319246, 
        "fit": "parabolic", 
        "value": 0.025922080461903571
    }, 
    "Ar37": {
        "error": 0.1393572455579444, 
        "fit": "linear", 
        "value": 0.5601925392328837
    }, 
    "Ar38": {
        "error": 0.17319804743130138, 
        "fit": "linear", 
        "value": 2.8332028349328668
    }, 
    "Ar39": {
        "error": 0.14794611485894493, 
        "fit": "parabolic", 
        "value": 219.18184401370394
    }, 
    "Ar40": {
        "error": 0.53052704205356627, 
        "fit": "parabolic", 
        "value": 1754.0444940810517
    }, 
    "Ar41": {
        "error": 0.12162758158036148, 
        "fit": "average_SEM", 
        "value": 0.083419482348617749
    }
}