{
    "Ar36": {
        "error": 0.0023092369263470842, 
        "fit": "parabolic", 
        "value": 0.031644809691023464
    }, 
    "Ar37": {
        "error": 0.13416011566744349, 
        "fit": "linear", 
        "value": 0.13797391867442843
    }, 
    "Ar38": {
        "error": 0.21395707945541931, 
        "fit": "linear", 
        "value": 0.12007147154779924
    }, 
    "Ar39": {
        "error": 0.056389045140666859, 
        "fit": "parabolic", 
        "value": 0.12352746824234537
    }, 
    "Ar40": {
        "error": 0.1411866903861945, 
        "fit": "parabolic", 
        "value": 9.752105140814086
    }, 
    "Ar41": {
        "error": 0.11636092788888081, 
        "fit": "average_SEM", 
        "value": -0.094914762152438922
    }
}