{
    "Ar36": {
        "error": 0.002226505834670536, 
        "fit": "parabolic", 
        "value": 0.019943724311503284
    }, 
    "Ar37": {
        "error": 0.12041397575846181, 
        "fit": "linear", 
        "value": 0.87350361574923863
    }, 
    "Ar38": {
        "error": 0.28856701622802361, 
        "fit": "linear", 
        "value": 4.1269907111723381
    }, 
    "Ar39": {
        "error": 0.16942679457140725, 
        "fit": "parabolic", 
        "value": 324.97896438749365
    }, 
    "Ar40": {
        "error": 0.60736774920577019, 
        "fit": "parabolic", 
        "value": 2594.2965938781481
    }, 
    "Ar41": {
        "error": 0.1349027116768296, 
        "fit": "average_SEM", 
        "value": 0.010822062634833856
    }
}