{
    "Ar36": {
        "error": 0.0016036696767020209, 
        "fit": "parabolic", 
        "value": 0.011556681687222497
    }, 
    "Ar37": {
        "error": 0.12164394780010002, 
        "fit": "linear", 
        "value": 0.59416390596727442
    }, 
    "Ar38": {
        "error": 0.28568932736992547, 
        "fit": "linear", 
        "value": 2.1344392965565326
    }, 
    "Ar39": {
        "error": 0.11915354611760692, 
        "fit": "parabolic", 
        "value": 158.43732568972865
    }, 
    "Ar40": {
        "error": 0.42848747036183282, 
        "fit": "parabolic", 
        "value": 1263.3923874921893
    }, 
    "Ar41": {
        "error": 0.12138022866109438, 
        "fit": "average_SEM", 
        "value": -0.017199320211075245
    }
}