{
    "Ar36": {
        "error": 0.0038066842434470566, 
        "fit": "parabolic", 
        "value": 0.090990259673761675
    }, 
    "Ar37": {
        "error": 0.1339643928943513, 
        "fit": "linear", 
        "value": 0.92092027771576723
    }, 
    "Ar38": {
        "error": 0.31001816078315675, 
        "fit": "linear", 
        "value": 4.3584345473066417
    }, 
    "Ar39": {
        "error": 0.1645254643580164, 
        "fit": "parabolic", 
        "value": 333.92060503739685
    }, 
    "Ar40": {
        "error": 0.61870675955330112, 
        "fit": "parabolic", 
        "value": 2684.0506409693862
    }, 
    "Ar41": {
        "error": 0.12607462130709579, 
        "fit": "average_SEM", 
        "value": 0.20308048790175234
    }
}