{
    "Ar36": {
        "error": 0.0017732206631919253, 
        "fit": "parabolic", 
        "value": 0.0084760960889144268
    }, 
    "Ar37": {
        "error": 0.13510429941730978, 
        "fit": "linear", 
        "value": 0.8553717566636605
    }, 
    "Ar38": {
        "error": 0.2756667816394322, 
        "fit": "linear", 
        "value": 4.0777582052209578
    }, 
    "Ar39": {
        "error": 0.16823267963811775, 
        "fit": "parabolic", 
        "value": 320.41989511589179
    }, 
    "Ar40": {
        "error": 0.65268507942170217, 
        "fit": "parabolic", 
        "value": 2551.2112211545436
    }, 
    "Ar41": {
        "error": 0.1278626431157931, 
        "fit": "average_SEM", 
        "value": 0.20945862033287996
    }
}