{
    "Ar36": {
        "error": 0.0016345322826413758, 
        "fit": "parabolic", 
        "value": 0.008146693296093719
    }, 
    "Ar37": {
        "error": 0.12578963849562572, 
        "fit": "linear", 
        "value": 0.71892258460126457
    }, 
    "Ar38": {
        "error": 0.28287114177094791, 
        "fit": "linear", 
        "value": 3.5271023496041165
    }, 
    "Ar39": {
        "error": 0.15065913830360955, 
        "fit": "parabolic", 
        "value": 250.72650750889136
    }, 
    "Ar40": {
        "error": 0.55097134033375539, 
        "fit": "parabolic", 
        "value": 1999.0935747139024
    }, 
    "Ar41": {
        "error": 0.12349469961567328, 
        "fit": "average_SEM", 
        "value": 0.18499881716386882
    }
}