{
    "Ar36": {
        "error": 0.0021541753888175094, 
        "fit": "parabolic", 
        "value": 0.02174508486501895
    }, 
    "Ar37": {
        "error": 0.12521301417736472, 
        "fit": "linear", 
        "value": 0.53234489053970901
    }, 
    "Ar38": {
        "error": 0.21422743502257824, 
        "fit": "linear", 
        "value": 2.9051273984704817
    }, 
    "Ar39": {
        "error": 0.1409465306503199, 
        "fit": "parabolic", 
        "value": 209.8601151611374
    }, 
    "Ar40": {
        "error": 0.51485494096370399, 
        "fit": "parabolic", 
        "value": 1675.8307246117029
    }, 
    "Ar41": {
        "error": 0.12539234880080091, 
        "fit": "average_SEM", 
        "value": 0.14524881849391022
    }
}