{
    "Ar36": {
        "error": 0.0019139901958733182, 
        "fit": "parabolic", 
        "value": 0.012398746013235786
    }, 
    "Ar37": {
        "error": 0.133921687506212, 
        "fit": "linear", 
        "value": 0.76686235088000532
    }, 
    "Ar38": {
        "error": 0.20401655707477304, 
        "fit": "linear", 
        "value": 3.5846899866015343
    }, 
    "Ar39": {
        "error": 0.15275745794475487, 
        "fit": "parabolic", 
        "value": 269.35037969227255
    }, 
    "Ar40": {
        "error": 0.59546768291110386, 
        "fit": "parabolic", 
        "value": 2143.5979412894421
    }, 
    "Ar41": {
        "error": 0.12879264028280415, 
        "fit": "average_SEM", 
        "value": 0.15803320013283156
    }
}