{
    "Ar36": {
        "error": 0.0034467562640462706, 
        "fit": "parabolic", 
        "value": 0.067528952622233102
    }, 
    "Ar37": {
        "error": 0.13348056613275291, 
        "fit": "linear", 
        "value": 0.55255239237650344
    }, 
    "Ar38": {
        "error": 0.18752036293287325, 
        "fit": "linear", 
        "value": 2.0856903727442315
    }, 
    "Ar39": {
        "error": 0.12105433467907628, 
        "fit": "parabolic", 
        "value": 151.59352398279114
    }, 
    "Ar40": {
        "error": 0.44419135459265768, 
        "fit": "parabolic", 
        "value": 1225.1092424869557
    }, 
    "Ar41": {
        "error": 0.12790604943855372, 
        "fit": "average_SEM", 
        "value": 0.1412104237639869
    }
}