{
    "Ar36": {
        "error": 0.0024391936989204463, 
        "fit": "parabolic", 
        "value": 0.029392155526115529
    }, 
    "Ar37": {
        "error": 0.130105761898231, 
        "fit": "linear", 
        "value": 0.66172221752211824
    }, 
    "Ar38": {
        "error": 0.16375248290127814, 
        "fit": "linear", 
        "value": 3.1430054711220414
    }, 
    "Ar39": {
        "error": 0.15419959440427936, 
        "fit": "parabolic", 
        "value": 245.58632563335496
    }, 
    "Ar40": {
        "error": 0.53792650461763292, 
        "fit": "parabolic", 
        "value": 1960.9610733796401
    }, 
    "Ar41": {
        "error": 0.12744562485291508, 
        "fit": "average_SEM", 
        "value": -0.070404397910788244
    }
}