{
    "Ar36": {
        "error": 0.0019447440069529276, 
        "fit": "parabolic", 
        "value": 0.017501488933385594
    }, 
    "Ar37": {
        "error": 0.13355220670415632, 
        "fit": "linear", 
        "value": 0.4198615726774374
    }, 
    "Ar38": {
        "error": 0.15407908927749087, 
        "fit": "linear", 
        "value": 1.8029876573510055
    }, 
    "Ar39": {
        "error": 0.1210258630385694, 
        "fit": "parabolic", 
        "value": 137.33277701552069
    }, 
    "Ar40": {
        "error": 0.42243934598924576, 
        "fit": "parabolic", 
        "value": 1095.6667103822322
    }, 
    "Ar41": {
        "error": 0.1240029096467129, 
        "fit": "average_SEM", 
        "value": -0.095806157948973125
    }
}