{
    "Ar36": {
        "error": 0.0019673984305157623, 
        "fit": "parabolic", 
        "value": 0.018518782042923156
    }, 
    "Ar37": {
        "error": 0.13356545826385643, 
        "fit": "linear", 
        "value": 0.41656648647751943
    }, 
    "Ar38": {
        "error": 0.13101780875787966, 
        "fit": "linear", 
        "value": 1.9114733864707134
    }, 
    "Ar39": {
        "error": 0.12831812751598229, 
        "fit": "parabolic", 
        "value": 148.27057512034489
    }, 
    "Ar40": {
        "error": 0.43016972652903401, 
        "fit": "parabolic", 
        "value": 1185.2733498489661
    }, 
    "Ar41": {
        "error": 0.12684392432639499, 
        "fit": "average_SEM", 
        "value": 0.059057587123825216
    }
}