{
    "Ar36": {
        "error": 0.0014610262137422295, 
        "fit": "parabolic", 
        "value": 0.010042856404063195
    }, 
    "Ar37": {
        "error": 0.048345602442054131, 
        "fit": "linear", 
        "value": 0.040015145140311167
    }, 
    "Ar38": {
        "error": 0.092606019958325458, 
        "fit": "linear", 
        "value": 2.3527654311437289
    }, 
    "Ar39": {
        "error": 0.11798431403191573, 
        "fit": "parabolic", 
        "value": 191.43710450123859
    }, 
    "Ar40": {
        "error": 0.34657565167063553, 
        "fit": "parabolic", 
        "value": 1529.4170353836125
    }, 
    "Ar41": {
        "error": 0.10644804100514942, 
        "fit": "average_SEM", 
        "value": 0.012391659725044095
    }
}