{
    "Ar36": {
        "error": 0.0022828077950920091, 
        "fit": "parabolic", 
        "value": 0.025310842941965332
    }, 
    "Ar37": {
        "error": 0.12705210970026232, 
        "fit": "linear", 
        "value": 0.767864142915204
    }, 
    "Ar38": {
        "error": 0.15474042318969422, 
        "fit": "linear", 
        "value": 3.6811530251464264
    }, 
    "Ar39": {
        "error": 0.15053392047814876, 
        "fit": "parabolic", 
        "value": 286.1080102581135
    }, 
    "Ar40": {
        "error": 0.60447055705979214, 
        "fit": "parabolic", 
        "value": 2287.2885534213892
    }, 
    "Ar41": {
        "error": 0.13491052679684815, 
        "fit": "average_SEM", 
        "value": 0.074971103242569365
    }
}