{
    "Ar36": {
        "error": 0.0025742208690413266, 
        "fit": "parabolic", 
        "value": 0.033178724157431137
    }, 
    "Ar37": {
        "error": 0.12523544491884075, 
        "fit": "linear", 
        "value": 1.124269565449215
    }, 
    "Ar38": {
        "error": 0.14181772746202689, 
        "fit": "linear", 
        "value": 5.2149173190654254
    }, 
    "Ar39": {
        "error": 0.19588880888833218, 
        "fit": "parabolic", 
        "value": 412.38067030255462
    }, 
    "Ar40": {
        "error": 0.70079319353988689, 
        "fit": "parabolic", 
        "value": 3290.5987630185673
    }, 
    "Ar41": {
        "error": 0.12804705957552023, 
        "fit": "average_SEM", 
        "value": 0.10893583046334243
    }
}