{
    "Ar36": {
        "error": 0.0024507225293208868, 
        "fit": "parabolic", 
        "value": 0.033592556194083266
    }, 
    "Ar37": {
        "error": 0.13139544344639567, 
        "fit": "linear", 
        "value": 0.72003944382446161
    }, 
    "Ar38": {
        "error": 0.13722891507589335, 
        "fit": "linear", 
        "value": 3.2226928351064679
    }, 
    "Ar39": {
        "error": 0.15223180765951039, 
        "fit": "parabolic", 
        "value": 255.3935483167667
    }, 
    "Ar40": {
        "error": 0.53273812311869295, 
        "fit": "parabolic", 
        "value": 2047.1514706914274
    }, 
    "Ar41": {
        "error": 0.12619617563697585, 
        "fit": "average_SEM", 
        "value": 0.1085117506415736
    }
}