{
    "Ar36": {
        "error": 0.001367580004971068, 
        "fit": "Parabolic", 
        "value": 0.010487875492897982
    }, 
    "Ar37": {
        "error": 0.05070872010954066, 
        "fit": "linear", 
        "value": 0.046217017060203161
    }, 
    "Ar38": {
        "error": 0.088973754011781578, 
        "fit": "linear", 
        "value": 1.6240663207696096
    }, 
    "Ar39": {
        "error": 0.10274189597430528, 
        "fit": "Parabolic", 
        "value": 121.89956230989203
    }, 
    "Ar40": {
        "error": 0.23803773151361471, 
        "fit": "Parabolic", 
        "value": 978.36846131211519
    }, 
    "Ar41": {
        "error": 0.10098439977823274, 
        "fit": "linear", 
        "value": 0.48555804828406657
    }
}