{
    "Ar36": {
        "error": 0.0027579344032361134, 
        "fit": "parabolic", 
        "value": 0.042348060654544453
    }, 
    "Ar37": {
        "error": 0.12648787076301923, 
        "fit": "linear", 
        "value": 0.67624916152296732
    }, 
    "Ar38": {
        "error": 0.14981202285727155, 
        "fit": "linear", 
        "value": 3.1092956773966711
    }, 
    "Ar39": {
        "error": 0.14195092084495248, 
        "fit": "parabolic", 
        "value": 241.93856346580398
    }, 
    "Ar40": {
        "error": 0.54940559858208815, 
        "fit": "parabolic", 
        "value": 1945.5069533864048
    }, 
    "Ar41": {
        "error": 0.12570353172349821, 
        "fit": "average_SEM", 
        "value": 0.092644152151915474
    }
}