{
    "Ar36": {
        "error": 0.0013431060070476764, 
        "fit": "Parabolic", 
        "value": 0.0084987091645558448
    }, 
    "Ar37": {
        "error": 0.050229006240510646, 
        "fit": "linear", 
        "value": 0.058732474515113958
    }, 
    "Ar38": {
        "error": 0.093108340514226923, 
        "fit": "linear", 
        "value": 3.1111295584091705
    }, 
    "Ar39": {
        "error": 0.13901647527010719, 
        "fit": "Parabolic", 
        "value": 242.40075332945517
    }, 
    "Ar40": {
        "error": 0.41600665588973362, 
        "fit": "Parabolic", 
        "value": 1950.1744448111233
    }, 
    "Ar41": {
        "error": 0.10369183884321041, 
        "fit": "linear", 
        "value": 0.53303283657992684
    }
}