{
    "Ar36": {
        "error": 0.002940225185810769, 
        "fit": "parabolic", 
        "value": 0.045819830332556301
    }, 
    "Ar37": {
        "error": 0.14136723963242129, 
        "fit": "linear", 
        "value": 0.70861693123575265
    }, 
    "Ar38": {
        "error": 0.13892379616481931, 
        "fit": "linear", 
        "value": 2.7825622090536273
    }, 
    "Ar39": {
        "error": 0.142347841712824, 
        "fit": "parabolic", 
        "value": 211.61498310778808
    }, 
    "Ar40": {
        "error": 0.48803442820095133, 
        "fit": "parabolic", 
        "value": 1706.2661712665631
    }, 
    "Ar41": {
        "error": 0.12958848952033583, 
        "fit": "average_SEM", 
        "value": -0.08876517384494946
    }
}