{
    "Ar36": {
        "error": 0.0023167776176371757, 
        "fit": "parabolic", 
        "value": 0.026643313189117439
    }, 
    "Ar37": {
        "error": 0.1307639516061723, 
        "fit": "linear", 
        "value": 0.79892806245857939
    }, 
    "Ar38": {
        "error": 0.13911088322339218, 
        "fit": "linear", 
        "value": 3.2217491256000885
    }, 
    "Ar39": {
        "error": 0.16825765761981992, 
        "fit": "parabolic", 
        "value": 250.54165956866697
    }, 
    "Ar40": {
        "error": 0.5499388947314956, 
        "fit": "parabolic", 
        "value": 2009.7999898794665
    }, 
    "Ar41": {
        "error": 0.12478137565028544, 
        "fit": "average_SEM", 
        "value": -0.079489599462849586
    }
}