{
    "Ar36": {
        "error": 0.0012985338814211923, 
        "fit": "Parabolic", 
        "value": 0.0089983398440272172
    }, 
    "Ar37": {
        "error": 0.050464115632478677, 
        "fit": "linear", 
        "value": 0.051613657324442896
    }, 
    "Ar38": {
        "error": 0.091455054865202293, 
        "fit": "linear", 
        "value": 2.9371744736150371
    }, 
    "Ar39": {
        "error": 0.13313258126473518, 
        "fit": "Parabolic", 
        "value": 226.09848034740753
    }, 
    "Ar40": {
        "error": 0.35352844382484527, 
        "fit": "Parabolic", 
        "value": 1813.2900523265489
    }, 
    "Ar41": {
        "error": 0.10853755355212905, 
        "fit": "linear", 
        "value": 0.52576506371549436
    }
}