{
    "Ar36": {
        "error": 0.0014989070599064898, 
        "fit": "Parabolic", 
        "value": 0.010552191957310483
    }, 
    "Ar37": {
        "error": 0.052044258035486485, 
        "fit": "linear", 
        "value": 0.080607809009087567
    }, 
    "Ar38": {
        "error": 0.088213698973657717, 
        "fit": "linear", 
        "value": 6.2421383062631293
    }, 
    "Ar39": {
        "error": 0.18037704676396574, 
        "fit": "Parabolic", 
        "value": 488.84074441163381
    }, 
    "Ar40": {
        "error": 0.56087653913453628, 
        "fit": "Parabolic", 
        "value": 3921.7682676552854
    }, 
    "Ar41": {
        "error": 0.097903779163112645, 
        "fit": "linear", 
        "value": 0.62607663053116314
    }
}