{
    "Ar36": {
        "error": 0.0020790424689896632, 
        "fit": "parabolic", 
        "value": 0.020211114309395296
    }, 
    "Ar37": {
        "error": 0.13002321787829038, 
        "fit": "linear", 
        "value": 0.60910652712062896
    }, 
    "Ar38": {
        "error": 0.13471379194226624, 
        "fit": "linear", 
        "value": 2.7903288912292101
    }, 
    "Ar39": {
        "error": 0.13938315163328438, 
        "fit": "parabolic", 
        "value": 212.69007738746865
    }, 
    "Ar40": {
        "error": 0.52964977098019494, 
        "fit": "parabolic", 
        "value": 1706.4184057460734
    }, 
    "Ar41": {
        "error": 0.13800711435956264, 
        "fit": "average_SEM", 
        "value": -0.090688153827395576
    }
}