{
    "Ar36": {
        "error": 0.0024193545619875753, 
        "fit": "parabolic", 
        "value": 0.023955692032208219
    }, 
    "Ar37": {
        "error": 0.13201975664700225, 
        "fit": "linear", 
        "value": 0.89903712705884231
    }, 
    "Ar38": {
        "error": 0.13426689390692712, 
        "fit": "linear", 
        "value": 4.0337887620817598
    }, 
    "Ar39": {
        "error": 0.16234231705707269, 
        "fit": "parabolic", 
        "value": 312.39609440766947
    }, 
    "Ar40": {
        "error": 0.64825039910855897, 
        "fit": "parabolic", 
        "value": 2510.1249836826282
    }, 
    "Ar41": {
        "error": 0.13001602707618626, 
        "fit": "average_SEM", 
        "value": -0.065083800492138841
    }
}