{
    "Ar36": {
        "error": 0.0037834445838668389, 
        "fit": "parabolic", 
        "value": 0.08993113049317103
    }, 
    "Ar37": {
        "error": 0.13573483297030706, 
        "fit": "linear", 
        "value": 1.0311179853377093
    }, 
    "Ar38": {
        "error": 0.13965673097681816, 
        "fit": "linear", 
        "value": 4.8661982719877193
    }, 
    "Ar39": {
        "error": 0.17991452956590009, 
        "fit": "parabolic", 
        "value": 375.06624009177813
    }, 
    "Ar40": {
        "error": 0.67623341304418527, 
        "fit": "parabolic", 
        "value": 3030.0297337859588
    }, 
    "Ar41": {
        "error": 0.13338372198962883, 
        "fit": "average_SEM", 
        "value": -0.056487262855789595
    }
}