{
    "Ar36": {
        "error": 0.0015906639155126114, 
        "fit": "Parabolic", 
        "value": 0.0086546084139596247
    }, 
    "Ar37": {
        "error": 0.045836650391159077, 
        "fit": "linear", 
        "value": 0.091665045401103165
    }, 
    "Ar38": {
        "error": 0.094955388883253999, 
        "fit": "linear", 
        "value": 6.8406518977319966
    }, 
    "Ar39": {
        "error": 0.18249074576978677, 
        "fit": "Parabolic", 
        "value": 535.49342920211302
    }, 
    "Ar40": {
        "error": 0.67496062228010156, 
        "fit": "Parabolic", 
        "value": 4300.2746491338294
    }, 
    "Ar41": {
        "error": 0.11012574352755146, 
        "fit": "linear", 
        "value": 0.63936957300704145
    }
}