{
    "Ar36": {
        "error": 0.0012546426890231558, 
        "fit": "Parabolic", 
        "value": 0.0080534330095239359
    }, 
    "Ar37": {
        "error": 0.047101303762397885, 
        "fit": "linear", 
        "value": 0.043047168896428567
    }, 
    "Ar38": {
        "error": 0.097098311885868926, 
        "fit": "linear", 
        "value": 1.3213178218188002
    }, 
    "Ar39": {
        "error": 0.092039034535913611, 
        "fit": "Parabolic", 
        "value": 100.47869617513948
    }, 
    "Ar40": {
        "error": 0.22400021915629917, 
        "fit": "Parabolic", 
        "value": 810.00806335284119
    }, 
    "Ar41": {
        "error": 0.098183679714755792, 
        "fit": "linear", 
        "value": 0.46882869167050323
    }
}