{
    "Ar36": {
        "error": 0.0021272120963385897, 
        "fit": "parabolic", 
        "value": 0.016933093816800651
    }, 
    "Ar37": {
        "error": 0.13160746525718639, 
        "fit": "linear", 
        "value": 0.78834754969263643
    }, 
    "Ar38": {
        "error": 0.14090977893125156, 
        "fit": "linear", 
        "value": 3.3506184839938333
    }, 
    "Ar39": {
        "error": 0.15596111098204088, 
        "fit": "parabolic", 
        "value": 261.22372491777986
    }, 
    "Ar40": {
        "error": 0.58338081301520106, 
        "fit": "parabolic", 
        "value": 2097.8487154183713
    }, 
    "Ar41": {
        "error": 0.12270020130133762, 
        "fit": "average_SEM", 
        "value": -0.067142402217286873
    }
}