{
    "Ar36": {
        "error": 0.0022896990024686048, 
        "fit": "parabolic", 
        "value": 0.019860043104424935
    }, 
    "Ar37": {
        "error": 0.13194868529242243, 
        "fit": "linear", 
        "value": 0.9279023689481859
    }, 
    "Ar38": {
        "error": 0.12901369122511938, 
        "fit": "linear", 
        "value": 4.1001118383304398
    }, 
    "Ar39": {
        "error": 0.18090791109222376, 
        "fit": "parabolic", 
        "value": 311.27958337769553
    }, 
    "Ar40": {
        "error": 0.57858366006703643, 
        "fit": "parabolic", 
        "value": 2498.2043330900069
    }, 
    "Ar41": {
        "error": 0.1304120136660106, 
        "fit": "average_SEM", 
        "value": -0.059246550173775177
    }
}