{
    "Ar36": {
        "error": 0.0020675106437988123, 
        "fit": "parabolic", 
        "value": 0.017900057986533824
    }, 
    "Ar37": {
        "error": 0.13242533626512989, 
        "fit": "linear", 
        "value": 0.59840750556398281
    }, 
    "Ar38": {
        "error": 0.1325341285046196, 
        "fit": "linear", 
        "value": 2.6835121964220736
    }, 
    "Ar39": {
        "error": 0.1419837464616559, 
        "fit": "parabolic", 
        "value": 202.12018753858348
    }, 
    "Ar40": {
        "error": 0.48281377423676863, 
        "fit": "parabolic", 
        "value": 1625.4692912979335
    }, 
    "Ar41": {
        "error": 0.12294208741671257, 
        "fit": "average_SEM", 
        "value": -0.063406269050974517
    }
}