{
    "Ar36": {
        "error": 0.0023133128137415812, 
        "fit": "parabolic", 
        "value": 0.024175322915887823
    }, 
    "Ar37": {
        "error": 0.13085669043966039, 
        "fit": "linear", 
        "value": 0.78779485022732554
    }, 
    "Ar38": {
        "error": 0.1512171620167139, 
        "fit": "linear", 
        "value": 3.4307736952339667
    }, 
    "Ar39": {
        "error": 0.15425451466425347, 
        "fit": "parabolic", 
        "value": 266.83792101706297
    }, 
    "Ar40": {
        "error": 0.61464815232256487, 
        "fit": "parabolic", 
        "value": 2147.7921361628091
    }, 
    "Ar41": {
        "error": 0.1202964224349968, 
        "fit": "average_SEM", 
        "value": -0.049966514847474171
    }
}