{
    "Ar36": {
        "error": 0.0012697186315750761, 
        "fit": "Parabolic", 
        "value": 0.0074790932423877141
    }, 
    "Ar37": {
        "error": 0.045529608655992933, 
        "fit": "linear", 
        "value": 0.05034259823012846
    }, 
    "Ar38": {
        "error": 0.092593661460293478, 
        "fit": "linear", 
        "value": 2.7798709092772462
    }, 
    "Ar39": {
        "error": 0.1297120806626634, 
        "fit": "Parabolic", 
        "value": 215.91607106383179
    }, 
    "Ar40": {
        "error": 0.32409083837269953, 
        "fit": "Parabolic", 
        "value": 1733.5994559962187
    }, 
    "Ar41": {
        "error": 0.10390057566450864, 
        "fit": "linear", 
        "value": 0.55505923992681105
    }
}