{
    "Ar36": {
        "error": 0.0020894955755982325, 
        "fit": "parabolic", 
        "value": 0.018590155120627918
    }, 
    "Ar37": {
        "error": 0.12555264174271166, 
        "fit": "linear", 
        "value": 0.88645796440295277
    }, 
    "Ar38": {
        "error": 0.14360459695782443, 
        "fit": "linear", 
        "value": 3.5079055590600379
    }, 
    "Ar39": {
        "error": 0.15038645281772284, 
        "fit": "parabolic", 
        "value": 270.62268569998344
    }, 
    "Ar40": {
        "error": 0.59524964562513449, 
        "fit": "parabolic", 
        "value": 2171.9957659440788
    }, 
    "Ar41": {
        "error": 0.13311221009814447, 
        "fit": "average_SEM", 
        "value": -0.057415119344732375
    }
}