{
    "Ar36": {
        "error": 0.0019506559379958818, 
        "fit": "parabolic", 
        "value": 0.017670583492193692
    }, 
    "Ar37": {
        "error": 0.13490910533906775, 
        "fit": "linear", 
        "value": 0.61994541570919015
    }, 
    "Ar38": {
        "error": 0.13371046035649939, 
        "fit": "linear", 
        "value": 2.6044047733992235
    }, 
    "Ar39": {
        "error": 0.13681946442735612, 
        "fit": "parabolic", 
        "value": 197.05389680914641
    }, 
    "Ar40": {
        "error": 0.46345193497190579, 
        "fit": "parabolic", 
        "value": 1583.4912349354918
    }, 
    "Ar41": {
        "error": 0.12525597564116628, 
        "fit": "average_SEM", 
        "value": -0.061323175776778954
    }
}