{
    "Ar36": {
        "error": 0.0027403329557334414, 
        "fit": "parabolic", 
        "value": 0.04155735527596216
    }, 
    "Ar37": {
        "error": 0.13210980259541996, 
        "fit": "linear", 
        "value": 0.92909497363117555
    }, 
    "Ar38": {
        "error": 0.13791349559851432, 
        "fit": "linear", 
        "value": 4.1005167397944895
    }, 
    "Ar39": {
        "error": 0.16688070174373018, 
        "fit": "parabolic", 
        "value": 313.81475409458005
    }, 
    "Ar40": {
        "error": 0.62432863439971609, 
        "fit": "parabolic", 
        "value": 2521.3729414680556
    }, 
    "Ar41": {
        "error": 0.12012388180068355, 
        "fit": "average_SEM", 
        "value": 0.17576449644271633
    }
}