{
    "Ar36": {
        "error": 0.0013740954339050548, 
        "fit": "Parabolic", 
        "value": 0.010087238397748338
    }, 
    "Ar37": {
        "error": 0.045191362916261919, 
        "fit": "linear", 
        "value": 0.061326013687636419
    }, 
    "Ar38": {
        "error": 0.092318130444786636, 
        "fit": "linear", 
        "value": 3.7521787398774311
    }, 
    "Ar39": {
        "error": 0.14142309729936667, 
        "fit": "Parabolic", 
        "value": 291.70573815970079
    }, 
    "Ar40": {
        "error": 0.44353623937361136, 
        "fit": "Parabolic", 
        "value": 2337.3878531450009
    }, 
    "Ar41": {
        "error": 0.10525606847247913, 
        "fit": "linear", 
        "value": 0.56020719580580591
    }
}