{
    "Ar36": {
        "error": 0.0026240250237147696, 
        "fit": "parabolic", 
        "value": 0.03110643771224416
    }, 
    "Ar37": {
        "error": 0.13199841437092102, 
        "fit": "linear", 
        "value": 0.85546549164259389
    }, 
    "Ar38": {
        "error": 0.14465989967634363, 
        "fit": "linear", 
        "value": 3.904508994680659
    }, 
    "Ar39": {
        "error": 0.16135358490356261, 
        "fit": "parabolic", 
        "value": 298.89298886426195
    }, 
    "Ar40": {
        "error": 0.61152671341952847, 
        "fit": "parabolic", 
        "value": 2403.5427136358207
    }, 
    "Ar41": {
        "error": 0.12529631449623879, 
        "fit": "average_SEM", 
        "value": 0.16247452909301502
    }
}