{
    "Ar36": {
        "error": 0.0014537662132329077, 
        "fit": "Parabolic", 
        "value": 0.01136377381905939
    }, 
    "Ar37": {
        "error": 0.043682082708031762, 
        "fit": "linear", 
        "value": 0.069427610239040038
    }, 
    "Ar38": {
        "error": 0.092236615900882349, 
        "fit": "linear", 
        "value": 5.1026225520381603
    }, 
    "Ar39": {
        "error": 0.17159231508983439, 
        "fit": "Parabolic", 
        "value": 400.47017874029325
    }, 
    "Ar40": {
        "error": 0.50844450211525605, 
        "fit": "Parabolic", 
        "value": 3212.1477564895217
    }, 
    "Ar41": {
        "error": 0.11386231204193183, 
        "fit": "linear", 
        "value": 0.59051506176277546
    }
}