{
    "Ar36": {
        "error": 0.0020924776542616758, 
        "fit": "parabolic", 
        "value": 0.021201563790840761
    }, 
    "Ar37": {
        "error": 0.12875445397189, 
        "fit": "linear", 
        "value": 0.83969728089891893
    }, 
    "Ar38": {
        "error": 0.16719621109806296, 
        "fit": "linear", 
        "value": 3.3390864268333864
    }, 
    "Ar39": {
        "error": 0.14751339146124381, 
        "fit": "parabolic", 
        "value": 256.16002746876245
    }, 
    "Ar40": {
        "error": 0.58384056103076309, 
        "fit": "parabolic", 
        "value": 2048.6884333904009
    }, 
    "Ar41": {
        "error": 0.12514582564843196, 
        "fit": "average_SEM", 
        "value": 0.17030235558398998
    }
}