{
    "Ar36": {
        "error": 0.0022719923333667071, 
        "fit": "parabolic", 
        "value": 0.018630462428522766
    }, 
    "Ar37": {
        "error": 0.12783719616025943, 
        "fit": "linear", 
        "value": 1.0103917392516111
    }, 
    "Ar38": {
        "error": 0.14315839840121292, 
        "fit": "linear", 
        "value": 4.3518817106199386
    }, 
    "Ar39": {
        "error": 0.17843394860713796, 
        "fit": "parabolic", 
        "value": 335.16521301601358
    }, 
    "Ar40": {
        "error": 0.66047676159507607, 
        "fit": "parabolic", 
        "value": 2677.9799706026824
    }, 
    "Ar41": {
        "error": 0.12972982934868649, 
        "fit": "average_SEM", 
        "value": 0.17146194018343522
    }
}