{
    "Ar36": {
        "error": 0.0021396509439143099, 
        "fit": "parabolic", 
        "value": 0.021829029067766521
    }, 
    "Ar37": {
        "error": 0.13500837601980981, 
        "fit": "linear", 
        "value": 0.75731361433709887
    }, 
    "Ar38": {
        "error": 0.1786319632167486, 
        "fit": "linear", 
        "value": 2.9527100077183368
    }, 
    "Ar39": {
        "error": 0.15022630127535072, 
        "fit": "parabolic", 
        "value": 223.36893982400494
    }, 
    "Ar40": {
        "error": 0.53025821655004035, 
        "fit": "parabolic", 
        "value": 1790.0078081148331
    }, 
    "Ar41": {
        "error": 0.13101651903126399, 
        "fit": "average_SEM", 
        "value": 0.16145808719855267
    }
}