{
    "Ar36": {
        "error": 0.0019934144761275829, 
        "fit": "parabolic", 
        "value": 0.015533489933596892
    }, 
    "Ar37": {
        "error": 0.136801488656804, 
        "fit": "linear", 
        "value": 0.73677169004548659
    }, 
    "Ar38": {
        "error": 0.17857991448452959, 
        "fit": "linear", 
        "value": 2.9305825773198926
    }, 
    "Ar39": {
        "error": 0.15511057722785657, 
        "fit": "parabolic", 
        "value": 221.95037443036503
    }, 
    "Ar40": {
        "error": 0.54069217887189291, 
        "fit": "parabolic", 
        "value": 1774.2247889289092
    }, 
    "Ar41": {
        "error": 0.12434962363251441, 
        "fit": "average_SEM", 
        "value": 0.16177531058659952
    }
}