{
    "Ar36": {
        "error": 0.0020468399818319928, 
        "fit": "parabolic", 
        "value": 0.017449858615898858
    }, 
    "Ar37": {
        "error": 0.12474817807936847, 
        "fit": "linear", 
        "value": 0.7259945563473158
    }, 
    "Ar38": {
        "error": 0.16274697808125219, 
        "fit": "linear", 
        "value": 2.6700266910467634
    }, 
    "Ar39": {
        "error": 0.12894804295792506, 
        "fit": "parabolic", 
        "value": 201.67112235631933
    }, 
    "Ar40": {
        "error": 0.48069966963676952, 
        "fit": "parabolic", 
        "value": 1611.4612895650403
    }, 
    "Ar41": {
        "error": 0.1297895959574363, 
        "fit": "average_SEM", 
        "value": 0.16269062673800364
    }
}