{
    "Ar36": {
        "error": 0.0010696903537665489, 
        "fit": "Parabolic", 
        "value": 0.0047327121081313876
    }, 
    "Ar37": {
        "error": 0.049027709640285154, 
        "fit": "linear", 
        "value": 0.045879885048554184
    }, 
    "Ar38": {
        "error": 0.091180492899706728, 
        "fit": "linear", 
        "value": 2.6166875030527432
    }, 
    "Ar39": {
        "error": 0.11787160897451485, 
        "fit": "Parabolic", 
        "value": 201.35445166686435
    }, 
    "Ar40": {
        "error": 0.36715452895213258, 
        "fit": "Parabolic", 
        "value": 1609.6888602408835
    }, 
    "Ar41": {
        "error": 0.10836977908651876, 
        "fit": "linear", 
        "value": 0.54739875313709685
    }
}