{
    "Ar36": {
        "error": 0.0058747419275920667, 
        "fit": "parabolic", 
        "value": 0.1700989521026901
    }, 
    "Ar37": {
        "error": 0.12701274020968706, 
        "fit": "linear", 
        "value": 1.1855509243341664
    }, 
    "Ar38": {
        "error": 0.16806595300970348, 
        "fit": "linear", 
        "value": 5.2679248731502799
    }, 
    "Ar39": {
        "error": 0.17497569082519868, 
        "fit": "parabolic", 
        "value": 410.03776315777668
    }, 
    "Ar40": {
        "error": 0.72712006487137848, 
        "fit": "parabolic", 
        "value": 3313.6951803998504
    }, 
    "Ar41": {
        "error": 0.12443704314877362, 
        "fit": "average_SEM", 
        "value": 0.20160599614260719
    }
}