{
    "Ar36": {
        "error": 0.0012591384739191061, 
        "fit": "Parabolic", 
        "value": 0.0082613992475699151
    }, 
    "Ar37": {
        "error": 0.050417426023267237, 
        "fit": "linear", 
        "value": 0.058136061020405395
    }, 
    "Ar38": {
        "error": 0.095225847115028392, 
        "fit": "linear", 
        "value": 2.6187985399600446
    }, 
    "Ar39": {
        "error": 0.13034421217391159, 
        "fit": "Parabolic", 
        "value": 202.83934697858743
    }, 
    "Ar40": {
        "error": 0.34801341607722996, 
        "fit": "Parabolic", 
        "value": 1619.2399305097433
    }, 
    "Ar41": {
        "error": 0.10588200783636455, 
        "fit": "linear", 
        "value": 0.5195633001133918
    }
}