{
    "Ar36": {
        "error": 0.0025285678779206197, 
        "fit": "parabolic", 
        "value": 0.025987471060510511
    }, 
    "Ar37": {
        "error": 0.13216465180272607, 
        "fit": "linear", 
        "value": 0.64462401001977754
    }, 
    "Ar38": {
        "error": 0.15297929439992305, 
        "fit": "linear", 
        "value": 3.9819498747508528
    }, 
    "Ar39": {
        "error": 0.17023032995507401, 
        "fit": "parabolic", 
        "value": 313.50919485673001
    }, 
    "Ar40": {
        "error": 0.64154634256563681, 
        "fit": "parabolic", 
        "value": 2495.3229462141344
    }, 
    "Ar41": {
        "error": 0.12408860938484691, 
        "fit": "average_SEM", 
        "value": 0.10390503201284446
    }
}