{
    "Ar36": {
        "error": 0.0019373454542975135, 
        "fit": "parabolic", 
        "value": 0.01671399514566355
    }, 
    "Ar37": {
        "error": 0.13290412026548198, 
        "fit": "linear", 
        "value": 0.53205547911317685
    }, 
    "Ar38": {
        "error": 0.1319791929816316, 
        "fit": "linear", 
        "value": 2.8865280546150247
    }, 
    "Ar39": {
        "error": 0.14669155820133253, 
        "fit": "parabolic", 
        "value": 223.75456914594105
    }, 
    "Ar40": {
        "error": 0.51685493736993748, 
        "fit": "parabolic", 
        "value": 1779.0537510715174
    }, 
    "Ar41": {
        "error": 0.13159317955753394, 
        "fit": "average_SEM", 
        "value": 0.080101368821342472
    }
}