{
    "Ar36": {
        "error": 0.0019752645857434568, 
        "fit": "parabolic", 
        "value": 0.015206272605043206
    }, 
    "Ar37": {
        "error": 0.13112302798880085, 
        "fit": "linear", 
        "value": 0.50077040989650734
    }, 
    "Ar38": {
        "error": 0.13190331908984188, 
        "fit": "linear", 
        "value": 2.9791724537349982
    }, 
    "Ar39": {
        "error": 0.13811140251640655, 
        "fit": "parabolic", 
        "value": 233.05269733803388
    }, 
    "Ar40": {
        "error": 0.50557320755389923, 
        "fit": "parabolic", 
        "value": 1855.3008931061797
    }, 
    "Ar41": {
        "error": 0.12116132682840085, 
        "fit": "average_SEM", 
        "value": 0.082993884587485814
    }
}