{
    "Ar36": {
        "error": 0.0015582481356816579, 
        "fit": "parabolic", 
        "value": 0.007468068766535046
    }, 
    "Ar37": {
        "error": 0.13231105771412963, 
        "fit": "linear", 
        "value": 0.4777095666949337
    }, 
    "Ar38": {
        "error": 0.12663580497882398, 
        "fit": "linear", 
        "value": 2.9166519398064055
    }, 
    "Ar39": {
        "error": 0.14246637193896255, 
        "fit": "parabolic", 
        "value": 229.87228774454542
    }, 
    "Ar40": {
        "error": 0.52043420030948473, 
        "fit": "parabolic", 
        "value": 1829.0884241770714
    }, 
    "Ar41": {
        "error": 0.12518422957702832, 
        "fit": "average_SEM", 
        "value": 0.089712158983293197
    }
}