{
    "Ar36": {
        "error": 0.0056968945069335716, 
        "fit": "parabolic", 
        "value": 0.2169805416707008
    }, 
    "Ar37": {
        "error": 0.13265873069254963, 
        "fit": "linear", 
        "value": 0.42895769119211336
    }, 
    "Ar38": {
        "error": 0.12962826397598692, 
        "fit": "linear", 
        "value": 2.6112765392731863
    }, 
    "Ar39": {
        "error": 0.13544099041345825, 
        "fit": "parabolic", 
        "value": 200.9808121375799
    }, 
    "Ar40": {
        "error": 0.49296857909998065, 
        "fit": "parabolic", 
        "value": 1659.9600016938821
    }, 
    "Ar41": {
        "error": 0.12466350345116303, 
        "fit": "average_SEM", 
        "value": 0.076916208963593816
    }
}