{
    "Ar36": {
        "error": 0.0016888695474985046, 
        "fit": "parabolic", 
        "value": 0.011168306996983138
    }, 
    "Ar37": {
        "error": 0.12353381118033886, 
        "fit": "linear", 
        "value": 0.65728898090431165
    }, 
    "Ar38": {
        "error": 0.18005735307030363, 
        "fit": "linear", 
        "value": 3.4063874109430143
    }, 
    "Ar39": {
        "error": 0.1474827263100616, 
        "fit": "parabolic", 
        "value": 262.73456790266016
    }, 
    "Ar40": {
        "error": 0.56853658645352367, 
        "fit": "parabolic", 
        "value": 2091.6353850494015
    }, 
    "Ar41": {
        "error": 0.12551783933324479, 
        "fit": "average_SEM", 
        "value": 0.14570498277953448
    }
}