{
    "Ar36": {
        "error": 0.0015661478110540715, 
        "fit": "parabolic", 
        "value": 0.010058018384193091
    }, 
    "Ar37": {
        "error": 0.13539447279704256, 
        "fit": "linear", 
        "value": 0.31101011709433041
    }, 
    "Ar38": {
        "error": 0.16143036455404597, 
        "fit": "linear", 
        "value": 1.5290090206057965
    }, 
    "Ar39": {
        "error": 0.11368859851564871, 
        "fit": "parabolic", 
        "value": 118.49143747397682
    }, 
    "Ar40": {
        "error": 0.40433109587279364, 
        "fit": "parabolic", 
        "value": 945.97850454209754
    }, 
    "Ar41": {
        "error": 0.13595564364790796, 
        "fit": "average_SEM", 
        "value": 0.081318572354502974
    }
}