{
    "Ar36": {
        "error": 0.0017432928319622359, 
        "fit": "parabolic", 
        "value": 0.0090396102232377928
    }, 
    "Ar37": {
        "error": 0.13210796896573027, 
        "fit": "linear", 
        "value": 0.84562420480637868
    }, 
    "Ar38": {
        "error": 0.24420513495871018, 
        "fit": "linear", 
        "value": 4.7785557667704346
    }, 
    "Ar39": {
        "error": 0.1683038432623345, 
        "fit": "parabolic", 
        "value": 364.8311038200174
    }, 
    "Ar40": {
        "error": 0.70911987130044196, 
        "fit": "parabolic", 
        "value": 2909.9110213243484
    }, 
    "Ar41": {
        "error": 0.12065362692708574, 
        "fit": "average_SEM", 
        "value": 0.18580417964432855
    }
}