{
    "Ar36": {
        "error": 0.0014562230632393818, 
        "fit": "parabolic", 
        "value": 0.0080447626354385252
    }, 
    "Ar37": {
        "error": 0.13289935444541198, 
        "fit": "linear", 
        "value": 0.41790932949106613
    }, 
    "Ar38": {
        "error": 0.23308186509563605, 
        "fit": "linear", 
        "value": 1.7782598442498854
    }, 
    "Ar39": {
        "error": 0.11680161479995156, 
        "fit": "parabolic", 
        "value": 127.84546979464375
    }, 
    "Ar40": {
        "error": 0.39447684577473374, 
        "fit": "parabolic", 
        "value": 1021.6899255888188
    }, 
    "Ar41": {
        "error": 0.11331261843962925, 
        "fit": "average_SEM", 
        "value": 0.14000363884115358
    }
}