{
    "Ar36": {
        "error": 0.0020099047469813985, 
        "fit": "parabolic", 
        "value": 0.019638321403033759
    }, 
    "Ar37": {
        "error": 0.11766577314273334, 
        "fit": "linear", 
        "value": 0.69560046926153507
    }, 
    "Ar38": {
        "error": 0.27371937154925163, 
        "fit": "linear", 
        "value": 2.8205225395128499
    }, 
    "Ar39": {
        "error": 0.13276693557579305, 
        "fit": "parabolic", 
        "value": 209.09438285150645
    }, 
    "Ar40": {
        "error": 0.49012107208194033, 
        "fit": "parabolic", 
        "value": 1670.8889621745916
    }, 
    "Ar41": {
        "error": 0.11429101950390214, 
        "fit": "average_SEM", 
        "value": 0.17231256650877186
    }
}