{
    "Ar36": {
        "error": 0.0019124689560863733, 
        "fit": "parabolic", 
        "value": 0.012584048455600553
    }, 
    "Ar37": {
        "error": 0.13473734856459943, 
        "fit": "linear", 
        "value": 0.67603495168083183
    }, 
    "Ar38": {
        "error": 0.22734380101318916, 
        "fit": "linear", 
        "value": 3.3984207774731656
    }, 
    "Ar39": {
        "error": 0.14452389818847811, 
        "fit": "parabolic", 
        "value": 260.38998556553781
    }, 
    "Ar40": {
        "error": 0.59165960310611077, 
        "fit": "parabolic", 
        "value": 2078.6213468407077
    }, 
    "Ar41": {
        "error": 0.1186542802101142, 
        "fit": "average_SEM", 
        "value": 0.17832636963401455
    }
}