{
    "Ar36": {
        "error": 0.0014491598236883367, 
        "fit": "parabolic", 
        "value": 0.0069999415879618571
    }, 
    "Ar37": {
        "error": 0.12770959459847817, 
        "fit": "linear", 
        "value": 0.35683897006139342
    }, 
    "Ar38": {
        "error": 0.2528183443828449, 
        "fit": "linear", 
        "value": 1.1331389553193492
    }, 
    "Ar39": {
        "error": 0.096030616065350058, 
        "fit": "parabolic", 
        "value": 85.286545326857691
    }, 
    "Ar40": {
        "error": 0.34077455937944151, 
        "fit": "parabolic", 
        "value": 681.44080208982814
    }, 
    "Ar41": {
        "error": 0.1280587837231672, 
        "fit": "average_SEM", 
        "value": 0.1401115227941773
    }
}