{
    "Ar36": {
        "error": 0.001219545758952273, 
        "fit": "parabolic", 
        "value": 0.0049683807398389398
    }, 
    "Ar37": {
        "error": 0.1320139490880208, 
        "fit": "linear", 
        "value": 0.42524429206466063
    }, 
    "Ar38": {
        "error": 0.27594080611823774, 
        "fit": "linear", 
        "value": 1.5529659529606989
    }, 
    "Ar39": {
        "error": 0.10752630881235924, 
        "fit": "parabolic", 
        "value": 112.45535812359915
    }, 
    "Ar40": {
        "error": 0.3830583981500495, 
        "fit": "parabolic", 
        "value": 897.60758462466561
    }, 
    "Ar41": {
        "error": 0.1143558801124485, 
        "fit": "average_SEM", 
        "value": 0.15124911603952568
    }
}