{
    "Ar36": {
        "error": 0.0017595218018780173, 
        "fit": "parabolic", 
        "value": 0.0099834188234893054
    }, 
    "Ar37": {
        "error": 0.12704796261213669, 
        "fit": "linear", 
        "value": 0.82313759856695823
    }, 
    "Ar38": {
        "error": 0.26810470219283677, 
        "fit": "linear", 
        "value": 3.6145974922615003
    }, 
    "Ar39": {
        "error": 0.15760821864736682, 
        "fit": "parabolic", 
        "value": 275.77316806385465
    }, 
    "Ar40": {
        "error": 0.60258420823030612, 
        "fit": "parabolic", 
        "value": 2204.4575627445693
    }, 
    "Ar41": {
        "error": 0.12828401401729225, 
        "fit": "average_SEM", 
        "value": 0.19244075866765342
    }
}