{
    "Ar36": {
        "error": 0.0011791703364640318, 
        "fit": "parabolic", 
        "value": 0.0042060479721012321
    }, 
    "Ar37": {
        "error": 0.12606669428339173, 
        "fit": "linear", 
        "value": 0.21798525433408275
    }, 
    "Ar38": {
        "error": 0.24947961061656393, 
        "fit": "linear", 
        "value": 0.19062353659341474
    }, 
    "Ar39": {
        "error": 0.058401090882548357, 
        "fit": "parabolic", 
        "value": -0.00072619435554108214
    }, 
    "Ar40": {
        "error": 0.1248357085634819, 
        "fit": "parabolic", 
        "value": 1.2322875983813304
    }, 
    "Ar41": {
        "error": 0.12807608816233779, 
        "fit": "average_SEM", 
        "value": 0.13052738290949492
    }
}