{
    "Ar36": {
        "error": 0.0015599655666558485, 
        "fit": "parabolic", 
        "value": 0.011081246555818196
    }, 
    "Ar37": {
        "error": 0.12743872676536885, 
        "fit": "linear", 
        "value": 0.48246516608924672
    }, 
    "Ar38": {
        "error": 0.2731237059217726, 
        "fit": "linear", 
        "value": 1.8725979105182544
    }, 
    "Ar39": {
        "error": 0.11381399520451381, 
        "fit": "parabolic", 
        "value": 131.18110447321237
    }, 
    "Ar40": {
        "error": 0.41097595239601697, 
        "fit": "parabolic", 
        "value": 1050.2166995660191
    }, 
    "Ar41": {
        "error": 0.11742203050559948, 
        "fit": "average_SEM", 
        "value": 0.1593956329348839
    }
}