{
    "Ar36": {
        "error": 0.0013559934887792851, 
        "fit": "parabolic", 
        "value": 0.0053594788453891831
    }, 
    "Ar37": {
        "error": 0.13076934240476609, 
        "fit": "linear", 
        "value": 0.59644680852879239
    }, 
    "Ar38": {
        "error": 0.24995726723348294, 
        "fit": "linear", 
        "value": 2.4902317598981258
    }, 
    "Ar39": {
        "error": 0.12599156503066061, 
        "fit": "parabolic", 
        "value": 180.75162551688612
    }, 
    "Ar40": {
        "error": 0.48801556587837464, 
        "fit": "parabolic", 
        "value": 1445.9046822376463
    }, 
    "Ar41": {
        "error": 0.1204724569722125, 
        "fit": "average_SEM", 
        "value": 0.16006194983943714
    }
}