{
    "Ar36": {
        "error": 0.0015196958779368289, 
        "fit": "parabolic", 
        "value": 0.0092952978077388334
    }, 
    "Ar37": {
        "error": 0.12659252919753808, 
        "fit": "linear", 
        "value": 0.58407420912008523
    }, 
    "Ar38": {
        "error": 0.2108323141095936, 
        "fit": "linear", 
        "value": 1.3216730220739312
    }, 
    "Ar39": {
        "error": 0.10408189410604629, 
        "fit": "parabolic", 
        "value": 99.535905311588493
    }, 
    "Ar40": {
        "error": 0.3539020538382886, 
        "fit": "parabolic", 
        "value": 797.1723830468859
    }, 
    "Ar41": {
        "error": 0.12771026458502865, 
        "fit": "average_SEM", 
        "value": 0.13828003857792281
    }
}