{
    "Ar36": {
        "error": 0.0016776940221267301, 
        "fit": "parabolic", 
        "value": 0.0094748491487644249
    }, 
    "Ar37": {
        "error": 0.13160385874879937, 
        "fit": "linear", 
        "value": 0.62433191685308009
    }, 
    "Ar38": {
        "error": 0.20822769865835666, 
        "fit": "linear", 
        "value": 3.0571477932973821
    }, 
    "Ar39": {
        "error": 0.14620201938369151, 
        "fit": "parabolic", 
        "value": 232.85001810363462
    }, 
    "Ar40": {
        "error": 0.56051495005126906, 
        "fit": "parabolic", 
        "value": 1861.7095963217284
    }, 
    "Ar41": {
        "error": 0.1233607122407039, 
        "fit": "average_SEM", 
        "value": 0.16390905517968349
    }
}