{
    "Ar36": {
        "error": 0.0014767064473615746, 
        "fit": "parabolic", 
        "value": 0.0083818949382039737
    }, 
    "Ar37": {
        "error": 0.13433564728324326, 
        "fit": "linear", 
        "value": 0.40186595267289749
    }, 
    "Ar38": {
        "error": 0.17475893443740315, 
        "fit": "linear", 
        "value": 1.6999900801782979
    }, 
    "Ar39": {
        "error": 0.11295744577034056, 
        "fit": "parabolic", 
        "value": 124.8594435878498
    }, 
    "Ar40": {
        "error": 0.39212009126532016, 
        "fit": "parabolic", 
        "value": 1002.5999837900174
    }, 
    "Ar41": {
        "error": 0.14477523779997661, 
        "fit": "average_SEM", 
        "value": -0.024657203906008361
    }
}