{
    "Ar36": {
        "error": 0.0020527969973899982, 
        "fit": "parabolic", 
        "value": 0.019095971415244238
    }, 
    "Ar37": {
        "error": 0.12481471814859385, 
        "fit": "linear", 
        "value": 0.586584623852896
    }, 
    "Ar38": {
        "error": 0.14915683635014754, 
        "fit": "linear", 
        "value": 2.7584114842788705
    }, 
    "Ar39": {
        "error": 0.14273610298222206, 
        "fit": "parabolic", 
        "value": 208.33804837863693
    }, 
    "Ar40": {
        "error": 0.48315428496525792, 
        "fit": "parabolic", 
        "value": 1672.0309141247931
    }, 
    "Ar41": {
        "error": 0.12914608836336733, 
        "fit": "average_SEM", 
        "value": -0.061009770224736713
    }
}