{
    "Ar36": {
        "error": 0.0015254799178132516, 
        "fit": "parabolic", 
        "value": 0.0091486959391875664
    }, 
    "Ar37": {
        "error": 0.13349462729205183, 
        "fit": "linear", 
        "value": 0.36455522921663364
    }, 
    "Ar38": {
        "error": 0.14670615270427137, 
        "fit": "linear", 
        "value": 2.1090583056548469
    }, 
    "Ar39": {
        "error": 0.1322748785666378, 
        "fit": "parabolic", 
        "value": 163.16411315483253
    }, 
    "Ar40": {
        "error": 0.47180292847667743, 
        "fit": "parabolic", 
        "value": 1308.688690091933
    }, 
    "Ar41": {
        "error": 0.12294375128169777, 
        "fit": "average_SEM", 
        "value": -0.13809155366325285
    }
}