{
    "Ar36": {
        "error": 0.0018432320263645665, 
        "fit": "parabolic", 
        "value": 0.01414933733394916
    }, 
    "Ar37": {
        "error": 0.12658362604695819, 
        "fit": "linear", 
        "value": 0.63103093204506266
    }, 
    "Ar38": {
        "error": 0.16235014454953983, 
        "fit": "linear", 
        "value": 3.1613791212413185
    }, 
    "Ar39": {
        "error": 0.1497026544348927, 
        "fit": "parabolic", 
        "value": 246.55265092055998
    }, 
    "Ar40": {
        "error": 0.54696245077332672, 
        "fit": "parabolic", 
        "value": 1976.385235658531
    }, 
    "Ar41": {
        "error": 0.13518449573943411, 
        "fit": "average_SEM", 
        "value": -0.04330971687260899
    }
}