{
    "Ar36": {
        "error": 0.00237206464740155, 
        "fit": "parabolic", 
        "value": 0.027489369508193532
    }, 
    "Ar37": {
        "error": 0.13317566382078713, 
        "fit": "linear", 
        "value": 0.69417382864037269
    }, 
    "Ar38": {
        "error": 0.13715734261888191, 
        "fit": "linear", 
        "value": 4.7875875796726906
    }, 
    "Ar39": {
        "error": 0.18402828704325011, 
        "fit": "parabolic", 
        "value": 377.51472518684045
    }, 
    "Ar40": {
        "error": 0.74244663453259307, 
        "fit": "parabolic", 
        "value": 3031.4431222403668
    }, 
    "Ar41": {
        "error": 0.135011650689008, 
        "fit": "average_SEM", 
        "value": -0.11753513886971632
    }
}