{
    "Ar36": {
        "error": 0.0015071252899307524, 
        "fit": "parabolic", 
        "value": 0.0070626430130132567
    }, 
    "Ar37": {
        "error": 0.12974215140119716, 
        "fit": "linear", 
        "value": 0.40493639542059751
    }, 
    "Ar38": {
        "error": 0.12590155700814074, 
        "fit": "linear", 
        "value": 2.5551274725516717
    }, 
    "Ar39": {
        "error": 0.1221140725016783, 
        "fit": "parabolic", 
        "value": 198.24856389351129
    }, 
    "Ar40": {
        "error": 0.50547640684149231, 
        "fit": "parabolic", 
        "value": 1591.9065087506699
    }, 
    "Ar41": {
        "error": 0.12950857658842091, 
        "fit": "average_SEM", 
        "value": -0.14777691385163053
    }
}