{
    "Ar36": {
        "error": 0.0015769203535623965, 
        "fit": "parabolic", 
        "value": 0.0077674200631462683
    }, 
    "Ar37": {
        "error": 0.1362858865169897, 
        "fit": "linear", 
        "value": 0.36330174387821601
    }, 
    "Ar38": {
        "error": 0.12298803375479032, 
        "fit": "linear", 
        "value": 2.2524170674151236
    }, 
    "Ar39": {
        "error": 0.13003108333195387, 
        "fit": "parabolic", 
        "value": 180.23086819019164
    }, 
    "Ar40": {
        "error": 0.46955234812782032, 
        "fit": "parabolic", 
        "value": 1445.8027994347017
    }, 
    "Ar41": {
        "error": 0.13090818109889502, 
        "fit": "average_SEM", 
        "value": -0.17108800238096591
    }
}