{
    "Ar36": {
        "error": 0.0015775349944960918, 
        "fit": "parabolic", 
        "value": 0.0060629396679735279
    }, 
    "Ar37": {
        "error": 0.12621542008056427, 
        "fit": "linear", 
        "value": 0.34165348950996055
    }, 
    "Ar38": {
        "error": 0.17474032600810505, 
        "fit": "linear", 
        "value": 2.6614638860906772
    }, 
    "Ar39": {
        "error": 0.13482812862627971, 
        "fit": "parabolic", 
        "value": 216.05656433619794
    }, 
    "Ar40": {
        "error": 0.55702002383314397, 
        "fit": "parabolic", 
        "value": 1731.6186912172839
    }, 
    "Ar41": {
        "error": 0.12297067972391905, 
        "fit": "average_SEM", 
        "value": -0.22423535701818764
    }
}