{
    "Ar36": {
        "error": 0.002231642093482188, 
        "fit": "parabolic", 
        "value": 0.019259106111429954
    }, 
    "Ar37": {
        "error": 0.13638966011270409, 
        "fit": "linear", 
        "value": 0.57113724003114519
    }, 
    "Ar38": {
        "error": 0.14598277476236751, 
        "fit": "linear", 
        "value": 3.8364098229939252
    }, 
    "Ar39": {
        "error": 0.15781810004891267, 
        "fit": "parabolic", 
        "value": 306.4475793142999
    }, 
    "Ar40": {
        "error": 0.67279357761882541, 
        "fit": "parabolic", 
        "value": 2454.6369274181916
    }, 
    "Ar41": {
        "error": 0.12880526484276189, 
        "fit": "average_SEM", 
        "value": -0.194037293685833
    }
}