{
    "Ar36": {
        "error": 0.0016210824941450266, 
        "fit": "parabolic", 
        "value": 0.0073473729571823495
    }, 
    "Ar37": {
        "error": 0.13543093584819316, 
        "fit": "linear", 
        "value": 0.13130414884643227
    }, 
    "Ar38": {
        "error": 0.32417758300178412, 
        "fit": "linear", 
        "value": 2.0352904230163524
    }, 
    "Ar39": {
        "error": 0.13561375210036367, 
        "fit": "parabolic", 
        "value": 183.78252623228065
    }, 
    "Ar40": {
        "error": 0.47309331081061112, 
        "fit": "parabolic", 
        "value": 1472.0288003722303
    }, 
    "Ar41": {
        "error": 0.12975592631027036, 
        "fit": "average_SEM", 
        "value": -0.36191209709737449
    }
}