{
    "Ar36": {
        "error": 0.0015824762994626641, 
        "fit": "parabolic", 
        "value": 0.011205947368241632
    }, 
    "Ar37": {
        "error": 0.1326750965721096, 
        "fit": "linear", 
        "value": -0.036990692609730723
    }, 
    "Ar38": {
        "error": 0.33182498372430019, 
        "fit": "linear", 
        "value": 1.6625487743576466
    }, 
    "Ar39": {
        "error": 0.11826591721247301, 
        "fit": "parabolic", 
        "value": 151.77685583564096
    }, 
    "Ar40": {
        "error": 0.46921739148012503, 
        "fit": "parabolic", 
        "value": 1216.5608420544909
    }, 
    "Ar41": {
        "error": 0.13700090152832095, 
        "fit": "average_SEM", 
        "value": -0.40200462133740072
    }
}