{
    "Ar36": {
        "error": 0.0016427547336676995, 
        "fit": "parabolic", 
        "value": 0.011388270539182926
    }, 
    "Ar37": {
        "error": 0.1360921364088522, 
        "fit": "linear", 
        "value": -0.013921391881066664
    }, 
    "Ar38": {
        "error": 0.28135772279469001, 
        "fit": "linear", 
        "value": 1.2279706245777762
    }, 
    "Ar39": {
        "error": 0.10822212972168814, 
        "fit": "parabolic", 
        "value": 101.36408088383493
    }, 
    "Ar40": {
        "error": 0.37692567108709168, 
        "fit": "parabolic", 
        "value": 814.13218575533506
    }, 
    "Ar41": {
        "error": 0.13337611256048088, 
        "fit": "average_SEM", 
        "value": -0.36296935373917222
    }
}