{
    "Ar36": {
        "error": 0.0017344774951150404, 
        "fit": "parabolic", 
        "value": 0.013522967603131125
    }, 
    "Ar37": {
        "error": 0.13203887985832016, 
        "fit": "linear", 
        "value": 0.1074056871740427
    }, 
    "Ar38": {
        "error": 0.33861020300720956, 
        "fit": "linear", 
        "value": 2.2467947759003488
    }, 
    "Ar39": {
        "error": 0.13800853726448584, 
        "fit": "parabolic", 
        "value": 197.77898174708787
    }, 
    "Ar40": {
        "error": 0.51676379145800577, 
        "fit": "parabolic", 
        "value": 1585.9234909380098
    }, 
    "Ar41": {
        "error": 0.12995142168221374, 
        "fit": "average_SEM", 
        "value": -0.36795863707840909
    }
}