{
    "Ar36": {
        "error": 0.0032396941672256118, 
        "fit": "parabolic", 
        "value": 0.072415828852413239
    }, 
    "Ar37": {
        "error": 0.13771042718646123, 
        "fit": "linear", 
        "value": -0.27284653764910605
    }, 
    "Ar38": {
        "error": 0.33508757753217722, 
        "fit": "linear", 
        "value": 0.066826914806600426
    }, 
    "Ar39": {
        "error": 0.071430334648968391, 
        "fit": "parabolic", 
        "value": 25.62180495152446
    }, 
    "Ar40": {
        "error": 0.21412882676363268, 
        "fit": "parabolic", 
        "value": 226.60036360461038
    }, 
    "Ar41": {
        "error": 0.13996135591598269, 
        "fit": "average_SEM", 
        "value": -0.42064512347569688
    }
}