{
    "Ar36": {
        "error": 0.0013921460935448873, 
        "fit": "parabolic", 
        "value": 0.0066074036875443439
    }, 
    "Ar37": {
        "error": 0.13346744775672081, 
        "fit": "linear", 
        "value": -0.1467198601571269
    }, 
    "Ar38": {
        "error": 0.31633887378126713, 
        "fit": "linear", 
        "value": 1.484160255650278
    }, 
    "Ar39": {
        "error": 0.11927154402178138, 
        "fit": "parabolic", 
        "value": 141.65709929288701
    }, 
    "Ar40": {
        "error": 0.43052974589589516, 
        "fit": "parabolic", 
        "value": 1132.7992451788327
    }, 
    "Ar41": {
        "error": 0.12742536479261965, 
        "fit": "average_SEM", 
        "value": -0.46949479915201664
    }
}