{
    "Ar36": {
        "error": 0.0019072291556862368, 
        "fit": "parabolic", 
        "value": 0.01537290994667934
    }, 
    "Ar37": {
        "error": 0.12538637140729855, 
        "fit": "linear", 
        "value": -0.16062848003660904
    }, 
    "Ar38": {
        "error": 0.33825200884551293, 
        "fit": "linear", 
        "value": 1.5009347220524574
    }, 
    "Ar39": {
        "error": 0.1239306137061558, 
        "fit": "parabolic", 
        "value": 144.15574657174767
    }, 
    "Ar40": {
        "error": 0.44270803694079558, 
        "fit": "parabolic", 
        "value": 1156.4397743610332
    }, 
    "Ar41": {
        "error": 0.12593055881253373, 
        "fit": "average_SEM", 
        "value": -0.4676143954321742
    }
}