{
    "Ar36": {
        "error": 0.0015550745211320015, 
        "fit": "parabolic", 
        "value": 0.0093664990098735086
    }, 
    "Ar37": {
        "error": 0.13149768528145772, 
        "fit": "linear", 
        "value": -0.12457009827758068
    }, 
    "Ar38": {
        "error": 0.30877205000835245, 
        "fit": "linear", 
        "value": 1.2863195353509038
    }, 
    "Ar39": {
        "error": 0.1168982945131823, 
        "fit": "parabolic", 
        "value": 123.25683850383996
    }, 
    "Ar40": {
        "error": 0.41314356335923746, 
        "fit": "parabolic", 
        "value": 988.20128368213818
    }, 
    "Ar41": {
        "error": 0.1270039627478364, 
        "fit": "average_SEM", 
        "value": -0.42301067896187305
    }
}