{
    "Ar36": {
        "error": 0.0021536754072481947, 
        "fit": "parabolic", 
        "value": 0.027594155419158897
    }, 
    "Ar37": {
        "error": 0.13405938122676378, 
        "fit": "linear", 
        "value": -0.38462808224313155
    }, 
    "Ar38": {
        "error": 0.33833785308930786, 
        "fit": "linear", 
        "value": 0.036114733978620771
    }, 
    "Ar39": {
        "error": 0.081011985622108651, 
        "fit": "parabolic", 
        "value": 30.497935882652158
    }, 
    "Ar40": {
        "error": 0.22574945297782781, 
        "fit": "parabolic", 
        "value": 251.38762125334765
    }, 
    "Ar41": {
        "error": 0.13201736410847242, 
        "fit": "average_SEM", 
        "value": -0.49400195546448233
    }
}