{
    "Ar36": {
        "error": 0.0015052167718850051, 
        "fit": "parabolic", 
        "value": 0.0071230048541067762
    }, 
    "Ar37": {
        "error": 0.13715066971198234, 
        "fit": "linear", 
        "value": -0.040080659049041109
    }, 
    "Ar38": {
        "error": 0.28473341004139835, 
        "fit": "linear", 
        "value": 2.0834811918040215
    }, 
    "Ar39": {
        "error": 0.13938856222006565, 
        "fit": "parabolic", 
        "value": 198.23448513414382
    }, 
    "Ar40": {
        "error": 0.47678495360619633, 
        "fit": "parabolic", 
        "value": 1584.0862272039071
    }, 
    "Ar41": {
        "error": 0.12541700704071412, 
        "fit": "average_SEM", 
        "value": -0.44830694676376881
    }
}