{
    "Ar36": {
        "error": 0.0017115285592503354, 
        "fit": "parabolic", 
        "value": 0.010600002303615292
    }, 
    "Ar37": {
        "error": 0.13123626269728883, 
        "fit": "linear", 
        "value": 0.065654987626594788
    }, 
    "Ar38": {
        "error": 0.29671083615670857, 
        "fit": "linear", 
        "value": 2.5910455182863679
    }, 
    "Ar39": {
        "error": 0.15035417345627292, 
        "fit": "parabolic", 
        "value": 230.43468078690717
    }, 
    "Ar40": {
        "error": 0.54789407925010525, 
        "fit": "parabolic", 
        "value": 1842.3584817392775
    }, 
    "Ar41": {
        "error": 0.1338175028856626, 
        "fit": "average_SEM", 
        "value": -0.43092651320621372
    }
}