{
    "Ar36": {
        "error": 0.0019303824352089828, 
        "fit": "parabolic", 
        "value": 0.018653787238562106
    }, 
    "Ar37": {
        "error": 0.13731233090173431, 
        "fit": "linear", 
        "value": -0.11623608346358526
    }, 
    "Ar38": {
        "error": 0.29316283376101532, 
        "fit": "linear", 
        "value": 0.88268002981498661
    }, 
    "Ar39": {
        "error": 0.1014433603111632, 
        "fit": "parabolic", 
        "value": 86.491761092263616
    }, 
    "Ar40": {
        "error": 0.34306984354249548, 
        "fit": "parabolic", 
        "value": 693.53641032811993
    }, 
    "Ar41": {
        "error": 0.12738160159119782, 
        "fit": "average_SEM", 
        "value": -0.44802079256623983
    }
}