{
    "Ar36": {
        "error": 0.0020563091633483696, 
        "fit": "parabolic", 
        "value": 0.016757743037307753
    }, 
    "Ar37": {
        "error": 0.13195694468990157, 
        "fit": "linear", 
        "value": 0.012392312813350931
    }, 
    "Ar38": {
        "error": 0.26332910321876202, 
        "fit": "linear", 
        "value": 2.228989610942401
    }, 
    "Ar39": {
        "error": 0.13171779669527253, 
        "fit": "parabolic", 
        "value": 193.68842037813101
    }, 
    "Ar40": {
        "error": 0.52887383461093795, 
        "fit": "parabolic", 
        "value": 1544.98516761315
    }, 
    "Ar41": {
        "error": 0.1292546739524614, 
        "fit": "average_SEM", 
        "value": -0.426855855807662
    }
}