{
    "Ar36": {
        "error": 0.0061414937472772284, 
        "fit": "parabolic", 
        "value": 0.2258183594013233
    }, 
    "Ar37": {
        "error": 0.13421422294552016, 
        "fit": "linear", 
        "value": -0.13052542530978853
    }, 
    "Ar38": {
        "error": 0.25196030057363633, 
        "fit": "linear", 
        "value": 1.3266359311452769
    }, 
    "Ar39": {
        "error": 0.11321386897089507, 
        "fit": "parabolic", 
        "value": 126.16949529237341
    }, 
    "Ar40": {
        "error": 0.40410628260468739, 
        "fit": "parabolic", 
        "value": 1068.7519658511119
    }, 
    "Ar41": {
        "error": 0.12223999819489849, 
        "fit": "average_SEM", 
        "value": -0.44706356633454564
    }
}