{
    "Ar36": {
        "error": 0.0015385919379922899, 
        "fit": "parabolic", 
        "value": 0.0092976047355690164
    }, 
    "Ar37": {
        "error": 0.13731876435131674, 
        "fit": "linear", 
        "value": -0.08328176032880906
    }, 
    "Ar38": {
        "error": 0.27608946573986703, 
        "fit": "linear", 
        "value": 0.95787601749818996
    }, 
    "Ar39": {
        "error": 0.098644139853112447, 
        "fit": "parabolic", 
        "value": 97.562321146283523
    }, 
    "Ar40": {
        "error": 0.35388566789803161, 
        "fit": "parabolic", 
        "value": 778.7707507241455
    }, 
    "Ar41": {
        "error": 0.13180868268975482, 
        "fit": "average_SEM", 
        "value": -0.44626554532907903
    }
}