{
    "Ar36": {
        "error": 0.001743613674115259, 
        "fit": "parabolic", 
        "value": 0.012534454888559093
    }, 
    "Ar37": {
        "error": 0.13632317311218267, 
        "fit": "linear", 
        "value": -0.052256886770662536
    }, 
    "Ar38": {
        "error": 0.25828482322400409, 
        "fit": "linear", 
        "value": 2.0281018591443658
    }, 
    "Ar39": {
        "error": 0.12467881657016558, 
        "fit": "parabolic", 
        "value": 174.05555659063504
    }, 
    "Ar40": {
        "error": 0.4863680499606331, 
        "fit": "parabolic", 
        "value": 1387.9215559749034
    }, 
    "Ar41": {
        "error": 0.12233204559904665, 
        "fit": "average_SEM", 
        "value": -0.42853120120242238
    }
}