{
    "Ar36": {
        "error": 0.0021039017735480434, 
        "fit": "parabolic", 
        "value": 0.017929579115130857
    }, 
    "Ar37": {
        "error": 0.136892895687032, 
        "fit": "linear", 
        "value": 0.19772487630023516
    }, 
    "Ar38": {
        "error": 0.26891459574142934, 
        "fit": "linear", 
        "value": 3.2796637898570511
    }, 
    "Ar39": {
        "error": 0.1658865602194943, 
        "fit": "parabolic", 
        "value": 291.88226786913344
    }, 
    "Ar40": {
        "error": 0.61847875041093792, 
        "fit": "parabolic", 
        "value": 2326.2283859789441
    }, 
    "Ar41": {
        "error": 0.1263549625694475, 
        "fit": "average_SEM", 
        "value": -0.40453803210517436
    }
}