{
    "Ar36": {
        "error": 0.00156828510827717, 
        "fit": "parabolic", 
        "value": 0.01081143547546112
    }, 
    "Ar37": {
        "error": 0.13026467687996895, 
        "fit": "linear", 
        "value": -0.21150828466993743
    }, 
    "Ar38": {
        "error": 0.28289047743079154, 
        "fit": "linear", 
        "value": 0.89825138555353323
    }, 
    "Ar39": {
        "error": 0.10703868186466055, 
        "fit": "parabolic", 
        "value": 90.149825495445469
    }, 
    "Ar40": {
        "error": 0.36201778571176346, 
        "fit": "parabolic", 
        "value": 719.539618124801
    }, 
    "Ar41": {
        "error": 0.12756970365451772, 
        "fit": "average_SEM", 
        "value": -0.43965433226549067
    }
}