{
    "Ar36": {
        "error": 0.0027208642363164008, 
        "fit": "parabolic", 
        "value": 0.038723172764974778
    }, 
    "Ar37": {
        "error": 0.1313028612719073, 
        "fit": "linear", 
        "value": 0.25498635830754934
    }, 
    "Ar38": {
        "error": 0.23866461607568457, 
        "fit": "linear", 
        "value": 3.7389767332281005
    }, 
    "Ar39": {
        "error": 0.17807786819657442, 
        "fit": "parabolic", 
        "value": 316.84811546802587
    }, 
    "Ar40": {
        "error": 0.66478098932118967, 
        "fit": "parabolic", 
        "value": 2531.278406996219
    }, 
    "Ar41": {
        "error": 0.1168909628597161, 
        "fit": "average_SEM", 
        "value": -0.3748666740115732
    }
}