{
    "Ar36": {
        "error": 0.00081809980124874278, 
        "fit": "Parabolic", 
        "value": 0.0013768818993169585
    }, 
    "Ar37": {
        "error": 0.047712129769344289, 
        "fit": "linear", 
        "value": 0.027877105686915961
    }, 
    "Ar38": {
        "error": 0.094044011314155213, 
        "fit": "linear", 
        "value": 0.048032997607823383
    }, 
    "Ar39": {
        "error": 0.053017761142843373, 
        "fit": "Parabolic", 
        "value": 0.027340570728723094
    }, 
    "Ar40": {
        "error": 0.043180864587618745, 
        "fit": "Parabolic", 
        "value": 0.14038288561562118
    }, 
    "Ar41": {
        "error": 0.10258359166751412, 
        "fit": "linear", 
        "value": 0.46528489330264
    }
}