{
    "Ar36": {
        "error": 0.00075305501528489876, 
        "fit": "parabolic", 
        "value": 0.00069946161009310577
    }, 
    "Ar37": {
        "error": 0.14256909196267009, 
        "fit": "linear", 
        "value": 0.15424358404089322
    }, 
    "Ar38": {
        "error": 0.23962191715468051, 
        "fit": "linear", 
        "value": 0.1277013739056107
    }, 
    "Ar39": {
        "error": 0.054357400084510399, 
        "fit": "parabolic", 
        "value": 0.0049159496052851607
    }, 
    "Ar40": {
        "error": 0.12969134793457429, 
        "fit": "parabolic", 
        "value": 0.24028937259666788
    }, 
    "Ar41": {
        "error": 0.11969465524533024, 
        "fit": "average_SEM", 
        "value": -0.079637973371027335
    }
}