{
    "Ar36": {
        "error": 0.00082475828220487989, 
        "fit": "parabolic", 
        "value": 0.00072558541630927107
    }, 
    "Ar37": {
        "error": 0.13227802437145905, 
        "fit": "linear", 
        "value": -0.0072975961904871911
    }, 
    "Ar38": {
        "error": 0.12677797955338033, 
        "fit": "linear", 
        "value": -0.024036147356567304
    }, 
    "Ar39": {
        "error": 0.06053002400884358, 
        "fit": "parabolic", 
        "value": 0.026547666539546592
    }, 
    "Ar40": {
        "error": 0.14004285963392654, 
        "fit": "parabolic", 
        "value": 0.18492516874488854
    }, 
    "Ar41": {
        "error": 0.13311497490765939, 
        "fit": "average_SEM", 
        "value": -0.19614806963858428
    }
}