{
    "Ar36": {
        "error": 0.00079433043898069836, 
        "fit": "parabolic", 
        "value": 0.00075032646028084669
    }, 
    "Ar37": {
        "error": 0.13353840985610801, 
        "fit": "linear", 
        "value": 0.097061235279189986
    }, 
    "Ar38": {
        "error": 0.13489026555658479, 
        "fit": "linear", 
        "value": 0.072996915007916482
    }, 
    "Ar39": {
        "error": 0.05799260109035536, 
        "fit": "parabolic", 
        "value": -0.0047855264835919443
    }, 
    "Ar40": {
        "error": 0.12497814069753631, 
        "fit": "parabolic", 
        "value": 0.22672637921718056
    }, 
    "Ar41": {
        "error": 0.12881681755564919, 
        "fit": "average_SEM", 
        "value": -0.13515955509035849
    }
}