{
    "Ar36": {
        "error": 0.00080788998169032593, 
        "fit": "parabolic", 
        "value": 0.00055692216574668282
    }, 
    "Ar37": {
        "error": 0.12748144148806925, 
        "fit": "linear", 
        "value": -0.40074093032582969
    }, 
    "Ar38": {
        "error": 0.19372515395610074, 
        "fit": "linear", 
        "value": -0.32238424277928435
    }, 
    "Ar39": {
        "error": 0.058474950313072857, 
        "fit": "parabolic", 
        "value": 0.025131051668744932
    }, 
    "Ar40": {
        "error": 0.13844536035464899, 
        "fit": "parabolic", 
        "value": -0.15104827726319797
    }, 
    "Ar41": {
        "error": 0.12788683783014818, 
        "fit": "average_SEM", 
        "value": -0.46050314618274568
    }
}