{
    "Ar36": {
        "error": 0.00075214291227300456, 
        "fit": "parabolic", 
        "value": 0.00069875847513279276
    }, 
    "Ar37": {
        "error": 0.13878302804603082, 
        "fit": "linear", 
        "value": -0.38486801819582933
    }, 
    "Ar38": {
        "error": 0.33457383408422364, 
        "fit": "linear", 
        "value": -0.28590117586973574
    }, 
    "Ar39": {
        "error": 0.059049385894423469, 
        "fit": "parabolic", 
        "value": 0.022763452239655174
    }, 
    "Ar40": {
        "error": 0.12600419357663589, 
        "fit": "parabolic", 
        "value": -0.14025822569812341
    }, 
    "Ar41": {
        "error": 0.13188429145002833, 
        "fit": "average_SEM", 
        "value": -0.48590019365772608
    }
}