{
    "Ar36": {
        "error": 0.00076544547270773365, 
        "fit": "Parabolic", 
        "value": 0.0013078656780272637
    }, 
    "Ar37": {
        "error": 0.047906844840204611, 
        "fit": "linear", 
        "value": 0.036361404661976057
    }, 
    "Ar38": {
        "error": 0.09103425009587629, 
        "fit": "linear", 
        "value": 0.010028233848332433
    }, 
    "Ar39": {
        "error": 0.054186579208681314, 
        "fit": "Parabolic", 
        "value": 0.018900864883507847
    }, 
    "Ar40": {
        "error": 0.041874303355445779, 
        "fit": "Parabolic", 
        "value": 0.13897510192394058
    }, 
    "Ar41": {
        "error": 0.10154826261855063, 
        "fit": "linear", 
        "value": 0.43000244862684034
    }
}