{
    "Ar36": {
        "error": 0.00079868814726669708, 
        "fit": "parabolic", 
        "value": 0.00060052618464110307
    }, 
    "Ar37": {
        "error": 0.12424694800408387, 
        "fit": "linear", 
        "value": 0.21097400860695814
    }, 
    "Ar38": {
        "error": 0.26675926637643366, 
        "fit": "linear", 
        "value": 0.21290497159283994
    }, 
    "Ar39": {
        "error": 0.054379031092449355, 
        "fit": "parabolic", 
        "value": 0.013841995246707572
    }, 
    "Ar40": {
        "error": 0.13390977210827687, 
        "fit": "parabolic", 
        "value": 0.3635541256371414
    }, 
    "Ar41": {
        "error": 0.12031804434705834, 
        "fit": "average_SEM", 
        "value": 0.14329296905549199
    }
}