{
    "Ar36": {
        "error": 0.00085478300173422205, 
        "fit": "parabolic", 
        "value": 0.00073192617064549636
    }, 
    "Ar37": {
        "error": 0.13119013727538556, 
        "fit": "linear", 
        "value": 0.17361218539549972
    }, 
    "Ar38": {
        "error": 0.173197879603015, 
        "fit": "linear", 
        "value": 0.10774407099257666
    }, 
    "Ar39": {
        "error": 0.05874288394876246, 
        "fit": "parabolic", 
        "value": 0.018297521584310885
    }, 
    "Ar40": {
        "error": 0.13471307214152883, 
        "fit": "parabolic", 
        "value": 0.28223116868831366
    }, 
    "Ar41": {
        "error": 0.12356342274276763, 
        "fit": "average_SEM", 
        "value": -0.098659844758367393
    }
}