{
    "Ar36": {
        "error": 0.00018458338352568277, 
        "fit": "Parabolic", 
        "value": 0.00062720580455192447
    }, 
    "Ar37": {
        "error": 0.046115002273404572, 
        "fit": "linear", 
        "value": 0.029631040968627231
    }, 
    "Ar38": {
        "error": 0.091752743962583663, 
        "fit": "linear", 
        "value": 0.052194468582078608
    }, 
    "Ar39": {
        "error": 0.05445048994372656, 
        "fit": "Parabolic", 
        "value": 0.023505781457674142
    }, 
    "Ar40": {
        "error": 0.038243590352592609, 
        "fit": "Parabolic", 
        "value": 0.10888084295483946
    }, 
    "Ar41": {
        "error": 0.11209735453783598, 
        "fit": "linear", 
        "value": 0.14132572081050515
    }
}