{
    "Ar36": {
        "error": 0.00088561795808767116, 
        "fit": "parabolic", 
        "value": 0.00070450458651207513
    }, 
    "Ar37": {
        "error": 0.13374876011172829, 
        "fit": "linear", 
        "value": 0.16068700453011381
    }, 
    "Ar38": {
        "error": 0.12398744489234859, 
        "fit": "linear", 
        "value": 0.11608765002071714
    }, 
    "Ar39": {
        "error": 0.058607781818912873, 
        "fit": "parabolic", 
        "value": 0.021806288547560129
    }, 
    "Ar40": {
        "error": 0.13592560533268547, 
        "fit": "parabolic", 
        "value": 0.33599499761868262
    }, 
    "Ar41": {
        "error": 0.12601208005902978, 
        "fit": "average_SEM", 
        "value": -0.096648243114468638
    }
}