{
    "Ar36": {
        "error": 0.00079237399164506605, 
        "fit": "parabolic", 
        "value": 0.00061714072148673013
    }, 
    "Ar37": {
        "error": 0.13653608767899966, 
        "fit": "linear", 
        "value": 0.22001887952650323
    }, 
    "Ar38": {
        "error": 0.27192788969153298, 
        "fit": "linear", 
        "value": 0.17582069619034907
    }, 
    "Ar39": {
        "error": 0.058647495917480148, 
        "fit": "parabolic", 
        "value": 0.011350595720500397
    }, 
    "Ar40": {
        "error": 0.12580975822785123, 
        "fit": "parabolic", 
        "value": 0.36933335500638587
    }, 
    "Ar41": {
        "error": 0.12696809970123388, 
        "fit": "average_SEM", 
        "value": -0.050869479094326382
    }
}