{
    "Ar36": {
        "error": 0.00079024020610107273, 
        "fit": "parabolic", 
        "value": 0.00085182503195847066
    }, 
    "Ar37": {
        "error": 0.13623625703640524, 
        "fit": "linear", 
        "value": 0.17547465851033955
    }, 
    "Ar38": {
        "error": 0.14058828597141385, 
        "fit": "linear", 
        "value": 0.09808882324411014
    }, 
    "Ar39": {
        "error": 0.056526280214060989, 
        "fit": "parabolic", 
        "value": -0.012326150509619202
    }, 
    "Ar40": {
        "error": 0.13002206615892786, 
        "fit": "parabolic", 
        "value": 0.28062163588903577
    }, 
    "Ar41": {
        "error": 0.12159500736240596, 
        "fit": "average_SEM", 
        "value": 0.088994365435937653
    }
}