{
    "Ar36": {
        "error": 0.00077901715208134211, 
        "fit": "parabolic", 
        "value": 0.00096892931096507107
    }, 
    "Ar37": {
        "error": 0.12889515157223203, 
        "fit": "linear", 
        "value": -0.32904149908660896
    }, 
    "Ar38": {
        "error": 0.17726588207750438, 
        "fit": "linear", 
        "value": -0.29776048728299875
    }, 
    "Ar39": {
        "error": 0.055957701747713265, 
        "fit": "parabolic", 
        "value": 0.031960926977507666
    }, 
    "Ar40": {
        "error": 0.12454434404132098, 
        "fit": "parabolic", 
        "value": -0.072957054596035784
    }, 
    "Ar41": {
        "error": 0.14129535679741412, 
        "fit": "average_SEM", 
        "value": -0.42852721340954303
    }
}