{
    "Ar36": {
        "error": 0.00083312486511200013, 
        "fit": "parabolic", 
        "value": 0.00097306006901022243
    }, 
    "Ar37": {
        "error": 0.13153719371731545, 
        "fit": "linear", 
        "value": 0.22371444953828651
    }, 
    "Ar38": {
        "error": 0.27799678572583553, 
        "fit": "linear", 
        "value": 0.29309596468571697
    }, 
    "Ar39": {
        "error": 0.057309952325803305, 
        "fit": "parabolic", 
        "value": -0.0060471265106519278
    }, 
    "Ar40": {
        "error": 0.12731438189326505, 
        "fit": "parabolic", 
        "value": 0.29495749000284377
    }, 
    "Ar41": {
        "error": 0.12463834255648788, 
        "fit": "average_SEM", 
        "value": 0.14930003868154018
    }
}