{
    "Ar36": {
        "error": 0.00078918530969263056, 
        "fit": "parabolic", 
        "value": 0.00082835230288702121
    }, 
    "Ar37": {
        "error": 0.12972880002429832, 
        "fit": "linear", 
        "value": -0.42792997854680032
    }, 
    "Ar38": {
        "error": 0.34655174912238396, 
        "fit": "linear", 
        "value": -0.32038501147411746
    }, 
    "Ar39": {
        "error": 0.057565735047999278, 
        "fit": "parabolic", 
        "value": 0.017077206969137195
    }, 
    "Ar40": {
        "error": 0.12031533734967288, 
        "fit": "parabolic", 
        "value": -0.13263392262283946
    }, 
    "Ar41": {
        "error": 0.13774663984031979, 
        "fit": "average_SEM", 
        "value": -0.50437854979187247
    }
}