{
    "Ar36": {
        "error": 0.00071931804875115105, 
        "fit": "parabolic", 
        "value": 0.00077635595920020456
    }, 
    "Ar37": {
        "error": 0.11701486019063932, 
        "fit": "linear", 
        "value": 0.029218399526214116
    }, 
    "Ar38": {
        "error": 0.12495624958217125, 
        "fit": "linear", 
        "value": 0.042550668336046878
    }, 
    "Ar39": {
        "error": 0.059699936407990414, 
        "fit": "parabolic", 
        "value": 0.0031193403394759681
    }, 
    "Ar40": {
        "error": 0.12546109022333765, 
        "fit": "parabolic", 
        "value": 0.16080659107008941
    }, 
    "Ar41": {
        "error": 0.13753954879546365, 
        "fit": "average_SEM", 
        "value": 0.0326595422886021
    }
}