{
    "Ar36": {
        "error": 0.00081854153609256324, 
        "fit": "parabolic", 
        "value": 0.00071005016219670013
    }, 
    "Ar37": {
        "error": 0.12527979605039702, 
        "fit": "linear", 
        "value": 0.098008388500070875
    }, 
    "Ar38": {
        "error": 0.14575773127620933, 
        "fit": "linear", 
        "value": 0.063868732982103438
    }, 
    "Ar39": {
        "error": 0.056130179292880805, 
        "fit": "parabolic", 
        "value": 0.0083119234600730063
    }, 
    "Ar40": {
        "error": 0.12682034413472346, 
        "fit": "parabolic", 
        "value": 0.18801460329436931
    }, 
    "Ar41": {
        "error": 0.12830597692121029, 
        "fit": "average_SEM", 
        "value": -0.13987204423470756
    }
}