{
    "Ar36": {
        "error": 0.0008024184776759338, 
        "fit": "parabolic", 
        "value": 0.0011855095302728698
    }, 
    "Ar37": {
        "error": 0.12932687648264746, 
        "fit": "linear", 
        "value": -0.20349237383418028
    }, 
    "Ar38": {
        "error": 0.25465739585043073, 
        "fit": "linear", 
        "value": -0.13945207729285852
    }, 
    "Ar39": {
        "error": 0.061660452481425425, 
        "fit": "parabolic", 
        "value": 0.021011023478961673
    }, 
    "Ar40": {
        "error": 0.12798269317260147, 
        "fit": "parabolic", 
        "value": 0.056844979597226855
    }, 
    "Ar41": {
        "error": 0.11942044184040823, 
        "fit": "average_SEM", 
        "value": -0.12168196865532081
    }
}