{
    "Ar36": {
        "error": 0.00077511154231098137, 
        "fit": "parabolic", 
        "value": 0.00075439205628201312
    }, 
    "Ar37": {
        "error": 0.13552740674974439, 
        "fit": "linear", 
        "value": 0.063797878981953243
    }, 
    "Ar38": {
        "error": 0.18777419341633592, 
        "fit": "linear", 
        "value": 0.096635016481847469
    }, 
    "Ar39": {
        "error": 0.057027278315735959, 
        "fit": "parabolic", 
        "value": -0.0013055424907045896
    }, 
    "Ar40": {
        "error": 0.12602717692159998, 
        "fit": "parabolic", 
        "value": 0.21869105791460464
    }, 
    "Ar41": {
        "error": 0.11630820280562273, 
        "fit": "average_SEM", 
        "value": -0.1386372508002387
    }
}