{
    "AX": {
        "error": 0.057155740157914955, 
        "fit": "average_SEM", 
        "value": -0.016369560370731052
    }, 
    "CDD": {
        "error": 5.020770050005797e-05, 
        "fit": "average_SEM", 
        "value": 1.1700693721650169e-05
    }, 
    "H1": {
        "error": 0.1335728127625556, 
        "fit": "average_SEM", 
        "value": 0.07150366282633816
    }, 
    "H2": {
        "error": 0.1295274269870916, 
        "fit": "average_SEM", 
        "value": -0.14267990529006055
    }, 
    "L1": {
        "error": 0.11725434448197045, 
        "fit": "average_SEM", 
        "value": 0.05466485296977529
    }, 
    "L2": {
        "error": 0.12895619184019194, 
        "fit": "average_SEM", 
        "value": 0.08442230806103908
    }
}