{
    "AX": {
        "error": 0.058547085506120915, 
        "fit": "average_SEM", 
        "value": 0.005068634601290493
    }, 
    "CDD": {
        "error": 5.116604542976224e-05, 
        "fit": "average_SEM", 
        "value": 1.5600924962200223e-05
    }, 
    "H1": {
        "error": 0.1421109674978668, 
        "fit": "average_SEM", 
        "value": -0.2774749011868456
    }, 
    "H2": {
        "error": 0.13394380524909927, 
        "fit": "average_SEM", 
        "value": -0.4955895305300752
    }, 
    "L1": {
        "error": 0.3180388812454842, 
        "fit": "average_SEM", 
        "value": -0.3157650853662441
    }, 
    "L2": {
        "error": 0.139078839930412, 
        "fit": "average_SEM", 
        "value": -0.4203562226922562
    }
}