{
    "AX": {
        "error": 0.060375540890076226, 
        "fit": "average_SEM", 
        "value": -0.00031948761716193985
    }, 
    "CDD": {
        "error": 2.8121937230029727e-05, 
        "fit": "average_SEM", 
        "value": 5.200308320733408e-06
    }, 
    "H1": {
        "error": 0.11901644944111206, 
        "fit": "average_SEM", 
        "value": -0.12474427557899617
    }, 
    "H2": {
        "error": 0.12011683409657634, 
        "fit": "average_SEM", 
        "value": -0.13201319304595624
    }, 
    "L1": {
        "error": 0.24430354810831753, 
        "fit": "average_SEM", 
        "value": -0.13255136456767408
    }, 
    "L2": {
        "error": 0.14593656276807984, 
        "fit": "average_SEM", 
        "value": -0.19904606572915023
    }
}