{
    "AX": {
        "error": 0.05597879440437578, 
        "fit": "average_SEM", 
        "value": 0.003167061690085878
    }, 
    "CDD": {
        "error": 4.4521469994519014e-05, 
        "fit": "average_SEM", 
        "value": 1.3867488855289089e-05
    }, 
    "H1": {
        "error": 0.12369767896308766, 
        "fit": "average_SEM", 
        "value": -0.25539409375697786
    }, 
    "H2": {
        "error": 0.13905216044633445, 
        "fit": "average_SEM", 
        "value": -0.20836830923928776
    }, 
    "L1": {
        "error": 0.18560434994933955, 
        "fit": "average_SEM", 
        "value": -0.2965801945279559
    }, 
    "L2": {
        "error": 0.146643850735038, 
        "fit": "average_SEM", 
        "value": -0.3703485322340081
    }
}