{
    "AX": {
        "error": 0.05599307126770704, 
        "fit": "average_SEM", 
        "value": -0.012733527414169287
    }, 
    "CDD": {
        "error": 4.3299470633826744e-05, 
        "fit": "average_SEM", 
        "value": 1.300077080183352e-05
    }, 
    "H1": {
        "error": 0.12045372665619337, 
        "fit": "average_SEM", 
        "value": 0.08510073691019594
    }, 
    "H2": {
        "error": 0.12692066883062333, 
        "fit": "average_SEM", 
        "value": -0.14339550552006888
    }, 
    "L1": {
        "error": 0.13489912096408693, 
        "fit": "average_SEM", 
        "value": 0.042459314106963575
    }, 
    "L2": {
        "error": 0.12424153801651948, 
        "fit": "average_SEM", 
        "value": 0.08595598732354119
    }
}