{
    "AX": {
        "error": 0.059204589450460164, 
        "fit": "average_SEM", 
        "value": 0.011699694302094738
    }, 
    "CDD": {
        "error": 4.7952350937590475e-05, 
        "fit": "average_SEM", 
        "value": 1.2134052748377953e-05
    }, 
    "H1": {
        "error": 0.13218813963014486, 
        "fit": "average_SEM", 
        "value": -0.2635376965290763
    }, 
    "H2": {
        "error": 0.11805610410199732, 
        "fit": "average_SEM", 
        "value": -0.45943021376927695
    }, 
    "L1": {
        "error": 0.17791346286158521, 
        "fit": "average_SEM", 
        "value": -0.3033019859990519
    }, 
    "L2": {
        "error": 0.1430045768488921, 
        "fit": "average_SEM", 
        "value": -0.3862572313596805
    }
}