{
    "AX": {
        "error": 0.0592035273129528, 
        "fit": "average_SEM", 
        "value": -0.013672447610103215
    }, 
    "CDD": {
        "error": 3.414399193128502e-05, 
        "fit": "average_SEM", 
        "value": 7.800462481100112e-06
    }, 
    "H1": {
        "error": 0.12800201089556085, 
        "fit": "average_SEM", 
        "value": 0.1050615249449038
    }, 
    "H2": {
        "error": 0.1389839537255979, 
        "fit": "average_SEM", 
        "value": -0.09941089764470235
    }, 
    "L1": {
        "error": 0.15634319442177305, 
        "fit": "average_SEM", 
        "value": 0.12615112754283472
    }, 
    "L2": {
        "error": 0.12485159220437485, 
        "fit": "average_SEM", 
        "value": 0.13317267823731527
    }
}