{
    "AX": {
        "error": 0.06084274429483937, 
        "fit": "average_SEM", 
        "value": -0.008277012893813662
    }, 
    "CDD": {
        "error": 3.414399193128503e-05, 
        "fit": "average_SEM", 
        "value": 7.800462481100112e-06
    }, 
    "H1": {
        "error": 0.1171722518084475, 
        "fit": "average_SEM", 
        "value": -0.02599414408711406
    }, 
    "H2": {
        "error": 0.11605744403698019, 
        "fit": "average_SEM", 
        "value": -0.24846652493191262
    }, 
    "L1": {
        "error": 0.15404625520904427, 
        "fit": "average_SEM", 
        "value": -0.04000043300135682
    }, 
    "L2": {
        "error": 0.14006631646721351, 
        "fit": "average_SEM", 
        "value": -0.06251086128371147
    }
}