{
    "AX": {
        "error": 0.05824351664776037, 
        "fit": "average_SEM", 
        "value": 0.0064449802976014325
    }, 
    "CDD": {
        "error": 4.126377800766511e-05, 
        "fit": "average_SEM", 
        "value": 1.1700693721650169e-05
    }, 
    "H1": {
        "error": 0.11131434710517764, 
        "fit": "average_SEM", 
        "value": -0.2429600740976942
    }, 
    "H2": {
        "error": 0.11683631956687895, 
        "fit": "average_SEM", 
        "value": -0.44683158695697783
    }, 
    "L1": {
        "error": 0.24683262497254066, 
        "fit": "average_SEM", 
        "value": -0.3469863897577549
    }, 
    "L2": {
        "error": 0.12182874830199031, 
        "fit": "average_SEM", 
        "value": -0.38132802620530126
    }
}