{
    "AX": {
        "error": 0.05676313568554433, 
        "fit": "average_SEM", 
        "value": 0.006699262864034002
    }, 
    "CDD": {
        "error": 4.126377800766512e-05, 
        "fit": "average_SEM", 
        "value": 1.1700693721650169e-05
    }, 
    "H1": {
        "error": 0.12527746450152366, 
        "fit": "average_SEM", 
        "value": -0.26711942489103724
    }, 
    "H2": {
        "error": 0.11573876117806352, 
        "fit": "average_SEM", 
        "value": -0.4938468443850676
    }, 
    "L1": {
        "error": 0.327235629189028, 
        "fit": "average_SEM", 
        "value": -0.3236202831942743
    }, 
    "L2": {
        "error": 0.14599106340595422, 
        "fit": "average_SEM", 
        "value": -0.4352517260548969
    }
}