{
    "AX": {
        "error": 0.05785311060659778, 
        "fit": "average_SEM", 
        "value": -0.017846900648146403
    }, 
    "CDD": {
        "error": 3.90787126989058e-05, 
        "fit": "average_SEM", 
        "value": 1.0400616641466816e-05
    }, 
    "H1": {
        "error": 0.1332941043749799, 
        "fit": "average_SEM", 
        "value": 0.09423481816975254
    }, 
    "H2": {
        "error": 0.13556753233737692, 
        "fit": "average_SEM", 
        "value": -0.11869441122010661
    }, 
    "L1": {
        "error": 0.13708046037713062, 
        "fit": "average_SEM", 
        "value": 0.06551006830413826
    }, 
    "L2": {
        "error": 0.1428705691040605, 
        "fit": "average_SEM", 
        "value": 0.1242210835252384
    }
}