{
    "AX": {
        "error": 0.05381321853183524, 
        "fit": "average_SEM", 
        "value": -0.011517578291629131
    }, 
    "CDD": {
        "error": 4.6999013797117754e-05, 
        "fit": "average_SEM", 
        "value": 1.5600924962200223e-05
    }, 
    "H1": {
        "error": 0.12283451689513435, 
        "fit": "average_SEM", 
        "value": 0.10741785967256874
    }, 
    "H2": {
        "error": 0.1282966511727321, 
        "fit": "average_SEM", 
        "value": 0.04686686585955613
    }, 
    "L1": {
        "error": 0.12927976555264337, 
        "fit": "average_SEM", 
        "value": 0.07516911593805466
    }, 
    "L2": {
        "error": 0.12297760569433121, 
        "fit": "average_SEM", 
        "value": 0.08694112810590013
    }
}