{
    "AX": {
        "error": 0.05255905353103308, 
        "fit": "average_SEM", 
        "value": 0.011109422534031587
    }, 
    "CDD": {
        "error": 5.185761975258528e-05, 
        "fit": "average_SEM", 
        "value": 1.733436106911136e-05
    }, 
    "H1": {
        "error": 0.12932919859720582, 
        "fit": "average_SEM", 
        "value": -0.24498955477029086
    }, 
    "H2": {
        "error": 0.12300882179413453, 
        "fit": "average_SEM", 
        "value": -0.4397473495867517
    }, 
    "L1": {
        "error": 0.1752523866658286, 
        "fit": "average_SEM", 
        "value": -0.2820535540546795
    }, 
    "L2": {
        "error": 0.11845764943907693, 
        "fit": "average_SEM", 
        "value": -0.3378196714238988
    }
}