{
    "AX": {
        "error": 0.05091627141848314, 
        "fit": "average_SEM", 
        "value": 0.005170475851627998
    }, 
    "CDD": {
        "error": 4.1263778007665116e-05, 
        "fit": "average_SEM", 
        "value": 1.1700693721650169e-05
    }, 
    "H1": {
        "error": 0.13664535262108832, 
        "fit": "average_SEM", 
        "value": -0.24849256398156286
    }, 
    "H2": {
        "error": 0.12567405292547298, 
        "fit": "average_SEM", 
        "value": -0.45592331178486345
    }, 
    "L1": {
        "error": 0.26215901316932655, 
        "fit": "average_SEM", 
        "value": -0.34076047894583705
    }, 
    "L2": {
        "error": 0.13198636690078389, 
        "fit": "average_SEM", 
        "value": -0.37239460262159507
    }
}