{
    "AX": {
        "error": 0.05623314387131876, 
        "fit": "average_SEM", 
        "value": -0.006008239703563353
    }, 
    "CDD": {
        "error": 3.583538218773595e-05, 
        "fit": "average_SEM", 
        "value": 8.66718053455568e-06
    }, 
    "H1": {
        "error": 0.12038187612193006, 
        "fit": "average_SEM", 
        "value": 0.03968331611592172
    }, 
    "H2": {
        "error": 0.12126082137611034, 
        "fit": "average_SEM", 
        "value": -0.166010420318182
    }, 
    "L1": {
        "error": 0.20817021246431264, 
        "fit": "average_SEM", 
        "value": 0.006973997682669304
    }, 
    "L2": {
        "error": 0.1256585985345581, 
        "fit": "average_SEM", 
        "value": 0.04010520948666251
    }
}