{
    "AX": {
        "error": 0.0562528656893564, 
        "fit": "average_SEM", 
        "value": -0.014793088691658341
    }, 
    "CDD": {
        "error": 5.719047868632829e-05, 
        "fit": "average_SEM", 
        "value": 1.4300847882016872e-05
    }, 
    "H1": {
        "error": 0.1363673302374145, 
        "fit": "average_SEM", 
        "value": 0.0978841283833996
    }, 
    "H2": {
        "error": 0.13448390595344614, 
        "fit": "average_SEM", 
        "value": 0.07205454944632947
    }, 
    "L1": {
        "error": 0.13204439668612403, 
        "fit": "average_SEM", 
        "value": 0.08718133468840582
    }, 
    "L2": {
        "error": 0.11896693399099952, 
        "fit": "average_SEM", 
        "value": 0.12375417079310864
    }
}