{
    "AX": {
        "error": 0.06676405271514216, 
        "fit": "average_SEM", 
        "value": -0.011906949164889132
    }, 
    "CDD": {
        "error": 4.520597450907224e-05, 
        "fit": "average_SEM", 
        "value": 1.4300847882016872e-05
    }, 
    "H1": {
        "error": 0.11949244187718187, 
        "fit": "average_SEM", 
        "value": 0.05153683733806247
    }, 
    "H2": {
        "error": 0.1311961623469402, 
        "fit": "average_SEM", 
        "value": 0.016885866461901364
    }, 
    "L1": {
        "error": 0.12761548229805517, 
        "fit": "average_SEM", 
        "value": 0.03000316765489212
    }, 
    "L2": {
        "error": 0.1372810097464243, 
        "fit": "average_SEM", 
        "value": 0.03798294926721913
    }
}