{
    "AX": {
        "error": 0.060944517206319195, 
        "fit": "average_SEM", 
        "value": -0.013940402898394192
    }, 
    "CDD": {
        "error": 3.907871269890579e-05, 
        "fit": "average_SEM", 
        "value": 1.0400616641466816e-05
    }, 
    "H1": {
        "error": 0.1314521860265972, 
        "fit": "average_SEM", 
        "value": 0.16886792575824075
    }, 
    "H2": {
        "error": 0.11499788677212253, 
        "fit": "average_SEM", 
        "value": -0.04304949189536274
    }, 
    "L1": {
        "error": 0.26728370486774755, 
        "fit": "average_SEM", 
        "value": 0.186675443968367
    }, 
    "L2": {
        "error": 0.137410164079911, 
        "fit": "average_SEM", 
        "value": 0.2068078616267788
    }
}