{
    "AX": {
        "error": 0.051470862787252894, 
        "fit": "average_SEM", 
        "value": -0.0139771795894679
    }, 
    "CDD": {
        "error": 5.116604542976224e-05, 
        "fit": "average_SEM", 
        "value": 1.5600924962200223e-05
    }, 
    "H1": {
        "error": 0.13679350916044938, 
        "fit": "average_SEM", 
        "value": 0.08687984839392206
    }, 
    "H2": {
        "error": 0.1230525764082173, 
        "fit": "average_SEM", 
        "value": -0.14443793215129214
    }, 
    "L1": {
        "error": 0.14945174023206037, 
        "fit": "average_SEM", 
        "value": 0.06231484621336373
    }, 
    "L2": {
        "error": 0.13117106300000786, 
        "fit": "average_SEM", 
        "value": 0.10632828606358088
    }
}