{
    "AX": {
        "error": 0.05388806562786475, 
        "fit": "average_SEM", 
        "value": -0.018648557279084342
    }, 
    "CDD": {
        "error": 3.907871269890579e-05, 
        "fit": "average_SEM", 
        "value": 1.0400616641466816e-05
    }, 
    "H1": {
        "error": 0.11765183132296667, 
        "fit": "average_SEM", 
        "value": 0.1378033236755679
    }, 
    "H2": {
        "error": 0.11262823498593522, 
        "fit": "average_SEM", 
        "value": -0.07946704081550707
    }, 
    "L1": {
        "error": 0.25451185826528105, 
        "fit": "average_SEM", 
        "value": 0.15393225693381585
    }, 
    "L2": {
        "error": 0.12526505261564186, 
        "fit": "average_SEM", 
        "value": 0.1570183954492677
    }
}