{
    "AX": {
        "error": 0.05185489264229284, 
        "fit": "average_SEM", 
        "value": -0.010992506760521792
    }, 
    "CDD": {
        "error": 4.3299470633826744e-05, 
        "fit": "average_SEM", 
        "value": 1.300077080183352e-05
    }, 
    "H1": {
        "error": 0.147551753547906, 
        "fit": "average_SEM", 
        "value": 0.094039279166221
    }, 
    "H2": {
        "error": 0.13530527733729514, 
        "fit": "average_SEM", 
        "value": 0.08323272790100116
    }, 
    "L1": {
        "error": 0.13127308760157272, 
        "fit": "average_SEM", 
        "value": 0.05779944055199546
    }, 
    "L2": {
        "error": 0.13295092561262867, 
        "fit": "average_SEM", 
        "value": 0.11673287447968808
    }
}