{
    "AX": {
        "error": 0.05762107322489408, 
        "fit": "average_SEM", 
        "value": -0.015842324107810175
    }, 
    "CDD": {
        "error": 4.699901379711776e-05, 
        "fit": "average_SEM", 
        "value": 1.5600924962200223e-05
    }, 
    "H1": {
        "error": 0.12384901586832862, 
        "fit": "average_SEM", 
        "value": 0.16640124922851102
    }, 
    "H2": {
        "error": 0.12665781052989816, 
        "fit": "average_SEM", 
        "value": 0.13543791028205304
    }, 
    "L1": {
        "error": 0.2653971743365072, 
        "fit": "average_SEM", 
        "value": 0.15561510761423658
    }, 
    "L2": {
        "error": 0.14368233417518084, 
        "fit": "average_SEM", 
        "value": 0.19146213087563713
    }
}