{
    "AX": {
        "error": 0.046540749597666915, 
        "fit": "average", 
        "value": -0.02413292855265338
    }, 
    "CDD": {
        "error": 0.0, 
        "fit": "average", 
        "value": 0.0
    }, 
    "H1": {
        "error": 0.03782140858554372, 
        "fit": "average", 
        "value": 0.01130528650637957
    }, 
    "H2": {
        "error": 0.0955622714351415, 
        "fit": "average", 
        "value": 0.437344975377384
    }, 
    "L1": {
        "error": 0.09131351492653494, 
        "fit": "average", 
        "value": 0.04981193253972932
    }, 
    "L2": {
        "error": 0.04009489270798247, 
        "fit": "average", 
        "value": 0.005097826082419488
    }
}