{
    "AX": {
        "error": 0.059432808528396455, 
        "fit": "average_SEM", 
        "value": -0.00929766233231122
    }, 
    "CDD": {
        "error": 7.449613041028367e-05, 
        "fit": "average_SEM", 
        "value": 3.310568281449378e-05
    }, 
    "H1": {
        "error": 0.12421941400931728, 
        "fit": "average_SEM", 
        "value": -0.5234041741324795
    }, 
    "H2": {
        "error": 0.11312663087055568, 
        "fit": "average_SEM", 
        "value": -0.3663887020200491
    }, 
    "L1": {
        "error": 0.12166473906922093, 
        "fit": "average_SEM", 
        "value": -0.39397345963451597
    }, 
    "L2": {
        "error": 0.24852770509232885, 
        "fit": "average_SEM", 
        "value": -0.4584815174418812
    }
}