{
    "AX": {
        "error": 0.05366400629670347, 
        "fit": "average_SEM", 
        "value": -0.011504487090941337
    }, 
    "CDD": {
        "error": 6.689618072101112e-05, 
        "fit": "average_SEM", 
        "value": 2.7163637181123098e-05
    }, 
    "H1": {
        "error": 0.11649522181429453, 
        "fit": "average_SEM", 
        "value": -0.5014303733905157
    }, 
    "H2": {
        "error": 0.11274996150093887, 
        "fit": "average_SEM", 
        "value": -0.34874183521088625
    }, 
    "L1": {
        "error": 0.11431000478772087, 
        "fit": "average_SEM", 
        "value": -0.3644085373108586
    }, 
    "L2": {
        "error": 0.23409113464342637, 
        "fit": "average_SEM", 
        "value": -0.34358967940400664
    }
}