{
    "AX": {
        "error": 0.05783902406118949, 
        "fit": "average_SEM", 
        "value": -0.022397753311088307
    }, 
    "CDD": {
        "error": 4.1919450096604454e-05, 
        "fit": "average_SEM", 
        "value": 9.100539561283464e-06
    }, 
    "H1": {
        "error": 0.1186518684212399, 
        "fit": "average_SEM", 
        "value": 0.158350209852991
    }, 
    "H2": {
        "error": 0.13351386143995966, 
        "fit": "average_SEM", 
        "value": 0.1266361166111892
    }, 
    "L1": {
        "error": 0.23738983803198946, 
        "fit": "average_SEM", 
        "value": 0.16902868276714192
    }, 
    "L2": {
        "error": 0.12764059365795313, 
        "fit": "average_SEM", 
        "value": 0.18733128668973223
    }
}