{
    "AX": {
        "error": 0.06125688638060173, 
        "fit": "average_SEM", 
        "value": -0.00894241200973435
    }, 
    "CDD": {
        "error": 2.8121937230029724e-05, 
        "fit": "average_SEM", 
        "value": 5.200308320733408e-06
    }, 
    "H1": {
        "error": 0.13570205333232013, 
        "fit": "average_SEM", 
        "value": -0.030783346987785384
    }, 
    "H2": {
        "error": 0.12428035900336536, 
        "fit": "average_SEM", 
        "value": -0.2548442626284668
    }, 
    "L1": {
        "error": 0.16619032786854743, 
        "fit": "average_SEM", 
        "value": -0.05595989579305751
    }, 
    "L2": {
        "error": 0.1271469282402837, 
        "fit": "average_SEM", 
        "value": -0.07928684081804628
    }
}