{
    "AX": {
        "error": 0.05568851746206071, 
        "fit": "average_SEM", 
        "value": -0.0018154700810555369
    }, 
    "CDD": {
        "error": 3.671761688049599e-05, 
        "fit": "average_SEM", 
        "value": 9.100539561283464e-06
    }, 
    "H1": {
        "error": 0.1092899031823381, 
        "fit": "average_SEM", 
        "value": 0.015918424029950983
    }, 
    "H2": {
        "error": 0.1374044554306122, 
        "fit": "average_SEM", 
        "value": -0.19648141703025127
    }, 
    "L1": {
        "error": 0.25065521137016966, 
        "fit": "average_SEM", 
        "value": -0.03076378915187282
    }, 
    "L2": {
        "error": 0.13880447754673575, 
        "fit": "average_SEM", 
        "value": 0.02890411806559617
    }
}