{
    "AX": {
        "error": 0.059645125607907565, 
        "fit": "average_SEM", 
        "value": 0.011873913137727262
    }, 
    "CDD": {
        "error": 3.414399193128503e-05, 
        "fit": "average_SEM", 
        "value": 7.800462481100112e-06
    }, 
    "H1": {
        "error": 0.13313175964767845, 
        "fit": "average_SEM", 
        "value": -0.16312080300413073
    }, 
    "H2": {
        "error": 0.12942197903170344, 
        "fit": "average_SEM", 
        "value": -0.3664675590582192
    }, 
    "L1": {
        "error": 0.14292374225874377, 
        "fit": "average_SEM", 
        "value": -0.22176169549929908
    }, 
    "L2": {
        "error": 0.14801297850627648, 
        "fit": "average_SEM", 
        "value": -0.2558675858192146
    }
}