{
    "AX": {
        "error": 0.05516568548559852, 
        "fit": "average_SEM", 
        "value": -0.003324711331515573
    }, 
    "CDD": {
        "error": 3.90787126989058e-05, 
        "fit": "average_SEM", 
        "value": 1.0400616641466816e-05
    }, 
    "H1": {
        "error": 0.13362685837881885, 
        "fit": "average_SEM", 
        "value": -0.06111464917194098
    }, 
    "H2": {
        "error": 0.1303449156851215, 
        "fit": "average_SEM", 
        "value": -0.2571491340272284
    }, 
    "L1": {
        "error": 0.32023710664406235, 
        "fit": "average_SEM", 
        "value": -0.11483551024769743
    }, 
    "L2": {
        "error": 0.12972775088474595, 
        "fit": "average_SEM", 
        "value": -0.08040358791671072
    }
}