{
    "AX": {
        "error": 0.0594434721155513, 
        "fit": "average_SEM", 
        "value": -0.0049520562951026175
    }, 
    "CDD": {
        "error": 3.414399193128503e-05, 
        "fit": "average_SEM", 
        "value": 7.800462481100112e-06
    }, 
    "H1": {
        "error": 0.12784807218098304, 
        "fit": "average_SEM", 
        "value": -0.11182865363856156
    }, 
    "H2": {
        "error": 0.12617384537486745, 
        "fit": "average_SEM", 
        "value": -0.12169486958397707
    }, 
    "L1": {
        "error": 0.20430853587935782, 
        "fit": "average_SEM", 
        "value": -0.13314610845312322
    }, 
    "L2": {
        "error": 0.12637441864761312, 
        "fit": "average_SEM", 
        "value": -0.205173293070402
    }
}