{
    "AX": {
        "error": 0.05650722779248462, 
        "fit": "average_SEM", 
        "value": -0.01220135262265103
    }, 
    "CDD": {
        "error": 3.130546554622594e-05, 
        "fit": "average_SEM", 
        "value": 6.50038540091676e-06
    }, 
    "H1": {
        "error": 0.1254594426218411, 
        "fit": "average_SEM", 
        "value": 0.06119682359082314
    }, 
    "H2": {
        "error": 0.11635989284653013, 
        "fit": "average_SEM", 
        "value": -0.17183609945350325
    }, 
    "L1": {
        "error": 0.12130654960214307, 
        "fit": "average_SEM", 
        "value": 0.022849128392711766
    }, 
    "L2": {
        "error": 0.12721636884960452, 
        "fit": "average_SEM", 
        "value": 0.040544560127697575
    }
}