{
    "AX": {
        "error": 0.05667543999674208, 
        "fit": "average_SEM", 
        "value": -0.014860246509518523
    }, 
    "CDD": {
        "error": 2.8121937230029727e-05, 
        "fit": "average_SEM", 
        "value": 5.200308320733408e-06
    }, 
    "H1": {
        "error": 0.11944038496834113, 
        "fit": "average_SEM", 
        "value": 0.17812286525537882
    }, 
    "H2": {
        "error": 0.12550123911716546, 
        "fit": "average_SEM", 
        "value": 0.15290624310534137
    }, 
    "L1": {
        "error": 0.19990967328357448, 
        "fit": "average_SEM", 
        "value": 0.43846923714348424
    }, 
    "L2": {
        "error": 0.11607237645019443, 
        "fit": "average_SEM", 
        "value": 0.21051920108341923
    }
}