{
    "AX": {
        "error": 0.05266028007377279, 
        "fit": "average_SEM", 
        "value": 0.003814058500089838
    }, 
    "CDD": {
        "error": 3.130546554622594e-05, 
        "fit": "average_SEM", 
        "value": 6.50038540091676e-06
    }, 
    "H1": {
        "error": 0.13160623399799184, 
        "fit": "average_SEM", 
        "value": -0.24718563173276684
    }, 
    "H2": {
        "error": 0.12295398133755416, 
        "fit": "average_SEM", 
        "value": -0.40964768153304854
    }, 
    "L1": {
        "error": 0.1899543874393534, 
        "fit": "average_SEM", 
        "value": -0.2647300501024195
    }, 
    "L2": {
        "error": 0.13300009782520125, 
        "fit": "average_SEM", 
        "value": -0.32666707035774983
    }
}