{
    "AX": {
        "error": 0.06070892935117631, 
        "fit": "average_SEM", 
        "value": -0.006648896888752157
    }, 
    "CDD": {
        "error": 4.3299470633826744e-05, 
        "fit": "average_SEM", 
        "value": 1.300077080183352e-05
    }, 
    "H1": {
        "error": 0.12039487828600218, 
        "fit": "average_SEM", 
        "value": 0.02056187546804722
    }, 
    "H2": {
        "error": 0.12950236743738247, 
        "fit": "average_SEM", 
        "value": -0.20195945460970202
    }, 
    "L1": {
        "error": 0.15885208940149614, 
        "fit": "average_SEM", 
        "value": -0.008181320134705553
    }, 
    "L2": {
        "error": 0.12694454250057327, 
        "fit": "average_SEM", 
        "value": 0.0006389006404788234
    }
}