{
    "AX": {
        "error": 0.06242838802625533, 
        "fit": "average_SEM", 
        "value": -0.011178682492027293
    }, 
    "CDD": {
        "error": 2.4459062257474926e-05, 
        "fit": "average_SEM", 
        "value": 3.900231240550056e-06
    }, 
    "H1": {
        "error": 0.12338044431895838, 
        "fit": "average_SEM", 
        "value": 0.1406305435981873
    }, 
    "H2": {
        "error": 0.12539089917510174, 
        "fit": "average_SEM", 
        "value": -0.07476694479507083
    }, 
    "L1": {
        "error": 0.22173441414664188, 
        "fit": "average_SEM", 
        "value": 0.16246570992674
    }, 
    "L2": {
        "error": 0.12704379166966348, 
        "fit": "average_SEM", 
        "value": 0.1793327163036641
    }
}