{
    "AX": {
        "error": 0.056297170605873886, 
        "fit": "average_SEM", 
        "value": -0.018974779220782997
    }, 
    "CDD": {
        "error": 4.1919450096604454e-05, 
        "fit": "average_SEM", 
        "value": 9.100539561283464e-06
    }, 
    "H1": {
        "error": 0.12379657162803544, 
        "fit": "average_SEM", 
        "value": 0.13560936364034812
    }, 
    "H2": {
        "error": 0.13411800613686325, 
        "fit": "average_SEM", 
        "value": -0.0945074276435965
    }, 
    "L1": {
        "error": 0.21095400292104435, 
        "fit": "average_SEM", 
        "value": 0.11895519690830648
    }, 
    "L2": {
        "error": 0.11484301650939208, 
        "fit": "average_SEM", 
        "value": 0.15486343422574766
    }
}