{
    "AX": {
        "error": 0.062247576012858095, 
        "fit": "average_SEM", 
        "value": -0.013595313315454405
    }, 
    "CDD": {
        "error": 2.4459062257474926e-05, 
        "fit": "average_SEM", 
        "value": 3.900231240550056e-06
    }, 
    "H1": {
        "error": 0.121375372084795, 
        "fit": "average_SEM", 
        "value": 0.0743401667268093
    }, 
    "H2": {
        "error": 0.11449243058198391, 
        "fit": "average_SEM", 
        "value": -0.17534676735134175
    }, 
    "L1": {
        "error": 0.1723093430901609, 
        "fit": "average_SEM", 
        "value": 0.060948380338110536
    }, 
    "L2": {
        "error": 0.13838211566862754, 
        "fit": "average_SEM", 
        "value": 0.06210709068885383
    }
}