{
    "AX": {
        "error": 0.04983569163808536, 
        "fit": "average_SEM", 
        "value": -0.01426126779988408
    }, 
    "CDD": {
        "error": 3.130546554622594e-05, 
        "fit": "average_SEM", 
        "value": 6.50038540091676e-06
    }, 
    "H1": {
        "error": 0.12247139489680305, 
        "fit": "average_SEM", 
        "value": 0.12562647200053714
    }, 
    "H2": {
        "error": 0.1289782149938923, 
        "fit": "average_SEM", 
        "value": -0.1123302230456223
    }, 
    "L1": {
        "error": 0.18376996004939572, 
        "fit": "average_SEM", 
        "value": 0.12681376612672465
    }, 
    "L2": {
        "error": 0.1130161247245174, 
        "fit": "average_SEM", 
        "value": 0.13732975155799068
    }
}