{
    "AX": {
        "error": 0.04895452342393209, 
        "fit": "average_SEM", 
        "value": -0.009563883252925365
    }, 
    "CDD": {
        "error": 3.671761688049599e-05, 
        "fit": "average_SEM", 
        "value": 9.100539561283464e-06
    }, 
    "H1": {
        "error": 0.12539927278952012, 
        "fit": "average_SEM", 
        "value": 0.0358230276828787
    }, 
    "H2": {
        "error": 0.11735580134105877, 
        "fit": "average_SEM", 
        "value": 0.03223378683129947
    }, 
    "L1": {
        "error": 0.15304869617350775, 
        "fit": "average_SEM", 
        "value": 0.020935952762374654
    }, 
    "L2": {
        "error": 0.12774658962359933, 
        "fit": "average_SEM", 
        "value": 0.0355245787271997
    }
}