{
    "AX": {
        "error": 0.058766626255282575, 
        "fit": "average_SEM", 
        "value": -0.018106517263610535
    }, 
    "CDD": {
        "error": 3.414399193128503e-05, 
        "fit": "average_SEM", 
        "value": 7.800462481100112e-06
    }, 
    "H1": {
        "error": 0.12839284537404125, 
        "fit": "average_SEM", 
        "value": 0.16955510600237175
    }, 
    "H2": {
        "error": 0.12701806277140068, 
        "fit": "average_SEM", 
        "value": -0.06702692631236763
    }, 
    "L1": {
        "error": 0.2571136575759117, 
        "fit": "average_SEM", 
        "value": 0.19665368884501125
    }, 
    "L2": {
        "error": 0.1396477398092122, 
        "fit": "average_SEM", 
        "value": 0.20606057142916445
    }
}