{
    "AX": {
        "error": 0.06565160423560758, 
        "fit": "average_SEM", 
        "value": -0.01924398393584852
    }, 
    "CDD": {
        "error": 3.130546554622594e-05, 
        "fit": "average_SEM", 
        "value": 6.50038540091676e-06
    }, 
    "H1": {
        "error": 0.1314215107440559, 
        "fit": "average_SEM", 
        "value": 0.1626445106056053
    }, 
    "H2": {
        "error": 0.131051736268939, 
        "fit": "average_SEM", 
        "value": 0.1349688245652942
    }, 
    "L1": {
        "error": 0.20301666813648261, 
        "fit": "average_SEM", 
        "value": 0.1397686924416727
    }, 
    "L2": {
        "error": 0.13637045227612296, 
        "fit": "average_SEM", 
        "value": 0.17510433273540305
    }
}