{
    "AX": {
        "error": 0.06432911705141674, 
        "fit": "average_SEM", 
        "value": -0.017449015384772792
    }, 
    "CDD": {
        "error": 2.4459062257474926e-05, 
        "fit": "average_SEM", 
        "value": 3.900231240550056e-06
    }, 
    "H1": {
        "error": 0.12069714922249641, 
        "fit": "average_SEM", 
        "value": 0.15068253514230795
    }, 
    "H2": {
        "error": 0.13665551962698402, 
        "fit": "average_SEM", 
        "value": 0.10067377753633384
    }, 
    "L1": {
        "error": 0.15364707038260633, 
        "fit": "average_SEM", 
        "value": 0.13017359605728415
    }, 
    "L2": {
        "error": 0.12166664354324928, 
        "fit": "average_SEM", 
        "value": 0.1592646361658505
    }
}