{
    "AX": {
        "error": 0.05464125677463016, 
        "fit": "average_SEM", 
        "value": -0.007565696046124989
    }, 
    "CDD": {
        "error": 2.445906225747493e-05, 
        "fit": "average_SEM", 
        "value": 3.900231240550056e-06
    }, 
    "H1": {
        "error": 0.13363868721957178, 
        "fit": "average_SEM", 
        "value": -0.10400752122703429
    }, 
    "H2": {
        "error": 0.11538563423427489, 
        "fit": "average_SEM", 
        "value": -0.11838844247783224
    }, 
    "L1": {
        "error": 0.26578497475824814, 
        "fit": "average_SEM", 
        "value": -0.1379115192219615
    }, 
    "L2": {
        "error": 0.13903443023978818, 
        "fit": "average_SEM", 
        "value": -0.19534115795637869
    }
}