{
    "AX": {
        "error": 0.06543645570833223, 
        "fit": "average_SEM", 
        "value": -0.00819583082702593
    }, 
    "CDD": {
        "error": 2.8121937230029727e-05, 
        "fit": "average_SEM", 
        "value": 5.200308320733408e-06
    }, 
    "H1": {
        "error": 0.1261089647364244, 
        "fit": "average_SEM", 
        "value": 0.056819572188639235
    }, 
    "H2": {
        "error": 0.11498401711282123, 
        "fit": "average_SEM", 
        "value": 0.03280314297632382
    }, 
    "L1": {
        "error": 0.1321776875958351, 
        "fit": "average_SEM", 
        "value": 0.032404629254597236
    }, 
    "L2": {
        "error": 0.1278416392535105, 
        "fit": "average_SEM", 
        "value": 0.05060657948294344
    }
}