{
    "AX": {
        "error": 0.06043373050125167, 
        "fit": "average_SEM", 
        "value": -0.016176931046599445
    }, 
    "CDD": {
        "error": 3.1305465546225945e-05, 
        "fit": "average_SEM", 
        "value": 6.50038540091676e-06
    }, 
    "H1": {
        "error": 0.12474576998299412, 
        "fit": "average_SEM", 
        "value": 0.13902379956125516
    }, 
    "H2": {
        "error": 0.14126098223819608, 
        "fit": "average_SEM", 
        "value": 0.09148050979905141
    }, 
    "L1": {
        "error": 0.13758849271828535, 
        "fit": "average_SEM", 
        "value": 0.11449906849496377
    }, 
    "L2": {
        "error": 0.13784592772457196, 
        "fit": "average_SEM", 
        "value": 0.1504629093920812
    }
}