{
    "AX": {
        "error": 0.05368536034522668, 
        "fit": "average_SEM", 
        "value": 0.00790434860731087
    }, 
    "CDD": {
        "error": 2.8121937230029724e-05, 
        "fit": "average_SEM", 
        "value": 5.200308320733408e-06
    }, 
    "H1": {
        "error": 0.122877090166334, 
        "fit": "average_SEM", 
        "value": -0.2738987890925879
    }, 
    "H2": {
        "error": 0.14487192431938645, 
        "fit": "average_SEM", 
        "value": -0.477404577160875
    }, 
    "L1": {
        "error": 0.3329720868588836, 
        "fit": "average_SEM", 
        "value": -0.31302437495129803
    }, 
    "L2": {
        "error": 0.13201520179234705, 
        "fit": "average_SEM", 
        "value": -0.4180287507052223
    }
}