{
    "AX": {
        "error": 0.05280685458257511, 
        "fit": "average_SEM", 
        "value": -0.02399794839147944
    }, 
    "CDD": {
        "error": 3.9078712698905786e-05, 
        "fit": "average_SEM", 
        "value": 1.0400616641466816e-05
    }, 
    "H1": {
        "error": 0.12472002729361094, 
        "fit": "average_SEM", 
        "value": 0.15901798733393663
    }, 
    "H2": {
        "error": 0.12824728758394785, 
        "fit": "average_SEM", 
        "value": -0.06277584490211059
    }, 
    "L1": {
        "error": 0.2509543611111498, 
        "fit": "average_SEM", 
        "value": 0.15310466355294922
    }, 
    "L2": {
        "error": 0.12937366315794388, 
        "fit": "average_SEM", 
        "value": 0.18194553212561004
    }
}