{
    "AX": {
        "error": 0.05417778069216687, 
        "fit": "average_SEM", 
        "value": 0.001365907562285429
    }, 
    "CDD": {
        "error": 3.130546554622594e-05, 
        "fit": "average_SEM", 
        "value": 6.50038540091676e-06
    }, 
    "H1": {
        "error": 0.1274111310613312, 
        "fit": "average_SEM", 
        "value": -0.2674641978461295
    }, 
    "H2": {
        "error": 0.13721766026369048, 
        "fit": "average_SEM", 
        "value": -0.49004349547127884
    }, 
    "L1": {
        "error": 0.3237264963241655, 
        "fit": "average_SEM", 
        "value": -0.27064075449792047
    }, 
    "L2": {
        "error": 0.12194973284725541, 
        "fit": "average_SEM", 
        "value": -0.44825684055686
    }
}