{
    "AX": {
        "error": 0.06263846050061453, 
        "fit": "average_SEM", 
        "value": 0.010457499242814567
    }, 
    "CDD": {
        "error": 2.4459062257474926e-05, 
        "fit": "average_SEM", 
        "value": 3.900231240550056e-06
    }, 
    "H1": {
        "error": 0.11748151842349888, 
        "fit": "average_SEM", 
        "value": -0.23415032116075357
    }, 
    "H2": {
        "error": 0.13051246248959092, 
        "fit": "average_SEM", 
        "value": -0.21304930227731045
    }, 
    "L1": {
        "error": 0.18929271607917053, 
        "fit": "average_SEM", 
        "value": -0.2841244941887756
    }, 
    "L2": {
        "error": 0.1272606367462961, 
        "fit": "average_SEM", 
        "value": -0.3455695873747269
    }
}