{
    "AX": {
        "error": 0.05290401212820231, 
        "fit": "average_SEM", 
        "value": 0.006767522264271975
    }, 
    "CDD": {
        "error": 3.130546554622594e-05, 
        "fit": "average_SEM", 
        "value": 6.50038540091676e-06
    }, 
    "H1": {
        "error": 0.11354212275712451, 
        "fit": "average_SEM", 
        "value": -0.25884336517968526
    }, 
    "H2": {
        "error": 0.13489977036300427, 
        "fit": "average_SEM", 
        "value": -0.499766888966163
    }, 
    "L1": {
        "error": 0.33441797567399334, 
        "fit": "average_SEM", 
        "value": -0.3374963814683724
    }, 
    "L2": {
        "error": 0.14712025710190654, 
        "fit": "average_SEM", 
        "value": -0.4675800735441347
    }
}