{
    "AX": {
        "error": 0.05238392351911643, 
        "fit": "average_SEM", 
        "value": -0.013634166551249412
    }, 
    "CDD": {
        "error": 3.1305465546225945e-05, 
        "fit": "average_SEM", 
        "value": 6.50038540091676e-06
    }, 
    "H1": {
        "error": 0.12612693834949795, 
        "fit": "average_SEM", 
        "value": 0.10099769383814419
    }, 
    "H2": {
        "error": 0.13234521231233776, 
        "fit": "average_SEM", 
        "value": -0.13556599973623332
    }, 
    "L1": {
        "error": 0.12909440071634345, 
        "fit": "average_SEM", 
        "value": 0.05517628342155755
    }, 
    "L2": {
        "error": 0.12137045384434995, 
        "fit": "average_SEM", 
        "value": 0.08295169885338206
    }
}