{
    "AX": {
        "error": 0.052935593093070867, 
        "fit": "average_SEM", 
        "value": -0.019408687034547255
    }, 
    "CDD": {
        "error": 2.8121937230029724e-05, 
        "fit": "average_SEM", 
        "value": 5.200308320733408e-06
    }, 
    "H1": {
        "error": 0.10996715366273828, 
        "fit": "average_SEM", 
        "value": 0.13025595721123864
    }, 
    "H2": {
        "error": 0.13633754758558814, 
        "fit": "average_SEM", 
        "value": -0.09808642154966947
    }, 
    "L1": {
        "error": 0.15744393333934362, 
        "fit": "average_SEM", 
        "value": 0.11725030458668091
    }, 
    "L2": {
        "error": 0.11642629984753013, 
        "fit": "average_SEM", 
        "value": 0.1369173873080096
    }
}