{
    "AX": {
        "error": 0.060302598407258066, 
        "fit": "average_SEM", 
        "value": -0.0009766209450390306
    }, 
    "CDD": {
        "error": 2.812193723002973e-05, 
        "fit": "average_SEM", 
        "value": 5.200308320733408e-06
    }, 
    "H1": {
        "error": 0.13672319732484772, 
        "fit": "average_SEM", 
        "value": -0.009598461911082268
    }, 
    "H2": {
        "error": 0.11941043273100825, 
        "fit": "average_SEM", 
        "value": -0.23186594534975788
    }, 
    "L1": {
        "error": 0.1309938257969187, 
        "fit": "average_SEM", 
        "value": -0.02858706851839088
    }, 
    "L2": {
        "error": 0.12791573062143288, 
        "fit": "average_SEM", 
        "value": -0.06099355068969695
    }
}