{
    "AX": {
        "error": 0.05511382584785938, 
        "fit": "average_SEM", 
        "value": -0.015501280955504626
    }, 
    "CDD": {
        "error": 3.130546554622594e-05, 
        "fit": "average_SEM", 
        "value": 6.50038540091676e-06
    }, 
    "H1": {
        "error": 0.12465328878423473, 
        "fit": "average_SEM", 
        "value": 0.059068685913128624
    }, 
    "H2": {
        "error": 0.13155419748828362, 
        "fit": "average_SEM", 
        "value": 0.0504414322184554
    }, 
    "L1": {
        "error": 0.15710672309625726, 
        "fit": "average_SEM", 
        "value": 0.015548997042545427
    }, 
    "L2": {
        "error": 0.11735790405653555, 
        "fit": "average_SEM", 
        "value": 0.0675884282720896
    }
}