{
    "AX": {
        "error": 0.05479785292519101, 
        "fit": "average_SEM", 
        "value": -0.010750411713403688
    }, 
    "CDD": {
        "error": 2.0055904165652732e-05, 
        "fit": "average_SEM", 
        "value": 2.600154160366704e-06
    }, 
    "H1": {
        "error": 0.12481691139837967, 
        "fit": "average_SEM", 
        "value": -0.006190126740451282
    }, 
    "H2": {
        "error": 0.1148163274787849, 
        "fit": "average_SEM", 
        "value": -0.2342623774893582
    }, 
    "L1": {
        "error": 0.11613477036521551, 
        "fit": "average_SEM", 
        "value": -0.04324170072892836
    }, 
    "L2": {
        "error": 0.11939449532229568, 
        "fit": "average_SEM", 
        "value": -0.056780562811763954
    }
}