{
    "AX": {
        "error": 0.05794862504141358, 
        "fit": "average_SEM", 
        "value": 0.006382659781957045
    }, 
    "CDD": {
        "error": 3.6717616880496e-05, 
        "fit": "average_SEM", 
        "value": 9.100539561283464e-06
    }, 
    "H1": {
        "error": 0.11380570427350216, 
        "fit": "average_SEM", 
        "value": -0.24267069060200205
    }, 
    "H2": {
        "error": 0.11711855406565108, 
        "fit": "average_SEM", 
        "value": -0.4668294034898281
    }, 
    "L1": {
        "error": 0.2738832963321762, 
        "fit": "average_SEM", 
        "value": -0.3304818405866778
    }, 
    "L2": {
        "error": 0.12927406316150775, 
        "fit": "average_SEM", 
        "value": -0.3958010978996754
    }
}