{
    "AX": {
        "error": 0.05988498735513971, 
        "fit": "average_SEM", 
        "value": 0.012640853241706888
    }, 
    "CDD": {
        "error": 3.414399193128503e-05, 
        "fit": "average_SEM", 
        "value": 7.800462481100112e-06
    }, 
    "H1": {
        "error": 0.13984285839869415, 
        "fit": "average_SEM", 
        "value": -0.2673320903132359
    }, 
    "H2": {
        "error": 0.12867831062545185, 
        "fit": "average_SEM", 
        "value": -0.24885587736110512
    }, 
    "L1": {
        "error": 0.16943027932054247, 
        "fit": "average_SEM", 
        "value": -0.318936030085509
    }, 
    "L2": {
        "error": 0.12129391117940579, 
        "fit": "average_SEM", 
        "value": -0.3757832817112406
    }
}