{
    "AX": {
        "error": 0.05869613992361507, 
        "fit": "average_SEM", 
        "value": -0.01867513996937002
    }, 
    "CDD": {
        "error": 3.414399193128503e-05, 
        "fit": "average_SEM", 
        "value": 7.800462481100112e-06
    }, 
    "H1": {
        "error": 0.11815118831937915, 
        "fit": "average_SEM", 
        "value": 0.15088957478874362
    }, 
    "H2": {
        "error": 0.11681866683504835, 
        "fit": "average_SEM", 
        "value": 0.11059778843191452
    }, 
    "L1": {
        "error": 0.14674190976066, 
        "fit": "average_SEM", 
        "value": 0.11749332540784962
    }, 
    "L2": {
        "error": 0.11274360407061293, 
        "fit": "average_SEM", 
        "value": 0.16606663660083237
    }
}