{
    "AX": {
        "error": 0.06206482577962793, 
        "fit": "average_SEM", 
        "value": -0.0026437185182051812
    }, 
    "CDD": {
        "error": 2.445906225747493e-05, 
        "fit": "average_SEM", 
        "value": 3.900231240550056e-06
    }, 
    "H1": {
        "error": 0.12622822150138296, 
        "fit": "average_SEM", 
        "value": -0.14333851646709567
    }, 
    "H2": {
        "error": 0.14747118482564425, 
        "fit": "average_SEM", 
        "value": -0.38184850852315627
    }, 
    "L1": {
        "error": 0.3422106961879333, 
        "fit": "average_SEM", 
        "value": -0.2164169661545505
    }, 
    "L2": {
        "error": 0.13476640441726462, 
        "fit": "average_SEM", 
        "value": -0.24026846383155012
    }
}