{
    "AX": {
        "error": 0.054068335339933465, 
        "fit": "average_SEM", 
        "value": -0.004841781739863412
    }, 
    "CDD": {
        "error": 3.414399193128503e-05, 
        "fit": "average_SEM", 
        "value": 7.800462481100112e-06
    }, 
    "H1": {
        "error": 0.12388567476205238, 
        "fit": "average_SEM", 
        "value": -0.041188366923112577
    }, 
    "H2": {
        "error": 0.12331927167645244, 
        "fit": "average_SEM", 
        "value": -0.2527236297668424
    }, 
    "L1": {
        "error": 0.14190551250935396, 
        "fit": "average_SEM", 
        "value": -0.07183463285667434
    }, 
    "L2": {
        "error": 0.12119364637539286, 
        "fit": "average_SEM", 
        "value": -0.1171085754642263
    }
}