{
    "AX": {
        "error": 0.05653985261230505, 
        "fit": "average_SEM", 
        "value": -0.007105071913732293
    }, 
    "CDD": {
        "error": 4.6543497971473286e-05, 
        "fit": "average_SEM", 
        "value": 9.100539561283464e-06
    }, 
    "H1": {
        "error": 0.12056667381152832, 
        "fit": "average_SEM", 
        "value": -0.07651029161497717
    }, 
    "H2": {
        "error": 0.13112410744762595, 
        "fit": "average_SEM", 
        "value": -0.27508029679302126
    }, 
    "L1": {
        "error": 0.14721289348765856, 
        "fit": "average_SEM", 
        "value": -0.08482766538594054
    }, 
    "L2": {
        "error": 0.13141086626410978, 
        "fit": "average_SEM", 
        "value": -0.1305704306345433
    }
}