{
    "AX": {
        "error": 0.056253060959182685, 
        "fit": "average_SEM", 
        "value": -0.02129365022810816
    }, 
    "CDD": {
        "error": 3.130546554622594e-05, 
        "fit": "average_SEM", 
        "value": 6.50038540091676e-06
    }, 
    "H1": {
        "error": 0.14286212660033967, 
        "fit": "average_SEM", 
        "value": 0.02847722181274245
    }, 
    "H2": {
        "error": 0.13013070456692624, 
        "fit": "average_SEM", 
        "value": -0.18707411364496995
    }, 
    "L1": {
        "error": 0.1297715896419333, 
        "fit": "average_SEM", 
        "value": -0.012515848701999252
    }, 
    "L2": {
        "error": 0.13550591461187048, 
        "fit": "average_SEM", 
        "value": 0.01931343633089758
    }
}