{
    "AX": {
        "error": 0.06414023974224245, 
        "fit": "average_SEM", 
        "value": -0.01221986956394782
    }, 
    "CDD": {
        "error": 3.968462034620571e-05, 
        "fit": "average_SEM", 
        "value": 7.800462481100112e-06
    }, 
    "H1": {
        "error": 0.1241033965040681, 
        "fit": "average_SEM", 
        "value": 0.15937098812428302
    }, 
    "H2": {
        "error": 0.11387480442921029, 
        "fit": "average_SEM", 
        "value": 0.1321067129249665
    }, 
    "L1": {
        "error": 0.2238549164539077, 
        "fit": "average_SEM", 
        "value": 0.17155107712120904
    }, 
    "L2": {
        "error": 0.13782452220854766, 
        "fit": "average_SEM", 
        "value": 0.19723313168700163
    }
}