{
    "AX": {
        "error": 0.05622297500332165, 
        "fit": "average_SEM", 
        "value": -0.016923869988204387
    }, 
    "CDD": {
        "error": 4.126377800766511e-05, 
        "fit": "average_SEM", 
        "value": 1.1700693721650169e-05
    }, 
    "H1": {
        "error": 0.12579312999793685, 
        "fit": "average_SEM", 
        "value": 0.07410600394553815
    }, 
    "H2": {
        "error": 0.13333000363050654, 
        "fit": "average_SEM", 
        "value": 0.04608451711222491
    }, 
    "L1": {
        "error": 0.1336802918440278, 
        "fit": "average_SEM", 
        "value": 0.062233704552939646
    }, 
    "L2": {
        "error": 0.12508375551332146, 
        "fit": "average_SEM", 
        "value": 0.07159109649946913
    }
}