{
    "AX": {
        "error": 0.05858107808547317, 
        "fit": "average_SEM", 
        "value": -0.017683772340145273
    }, 
    "CDD": {
        "error": 2.005590416565273e-05, 
        "fit": "average_SEM", 
        "value": 2.600154160366704e-06
    }, 
    "H1": {
        "error": 0.12390848936636585, 
        "fit": "average_SEM", 
        "value": 0.06937044030831506
    }, 
    "H2": {
        "error": 0.12619619047805483, 
        "fit": "average_SEM", 
        "value": 0.014006564698259656
    }, 
    "L1": {
        "error": 0.11753398052564873, 
        "fit": "average_SEM", 
        "value": 0.016882081884735573
    }, 
    "L2": {
        "error": 0.12432612100403628, 
        "fit": "average_SEM", 
        "value": 0.05364044112987661
    }
}