{
    "AX": {
        "error": 0.05505770855201996, 
        "fit": "average_SEM", 
        "value": 0.010171939100534171
    }, 
    "CDD": {
        "error": 3.7270485374955425e-05, 
        "fit": "average_SEM", 
        "value": 6.50038540091676e-06
    }, 
    "H1": {
        "error": 0.14502730240349768, 
        "fit": "average_SEM", 
        "value": -0.2582483217105619
    }, 
    "H2": {
        "error": 0.12385572231434946, 
        "fit": "average_SEM", 
        "value": -0.45787479703625045
    }, 
    "L1": {
        "error": 0.3083998828345169, 
        "fit": "average_SEM", 
        "value": -0.36575899442541415
    }, 
    "L2": {
        "error": 0.13370981536694812, 
        "fit": "average_SEM", 
        "value": -0.4044263393773387
    }
}