{
    "AX": {
        "error": 0.05597048776924121, 
        "fit": "average_SEM", 
        "value": -0.007528847717427804
    }, 
    "CDD": {
        "error": 1.4241630866237486e-05, 
        "fit": "average_SEM", 
        "value": 1.300077080183352e-06
    }, 
    "H1": {
        "error": 0.1334038047434034, 
        "fit": "average_SEM", 
        "value": -0.035652447416214275
    }, 
    "H2": {
        "error": 0.12942677638533828, 
        "fit": "average_SEM", 
        "value": -0.2710652923114443
    }, 
    "L1": {
        "error": 0.1246143042196361, 
        "fit": "average_SEM", 
        "value": -0.07624659528955817
    }, 
    "L2": {
        "error": 0.11220397660769815, 
        "fit": "average_SEM", 
        "value": -0.09691222103040976
    }
}