{
    "AX": {
        "error": 0.06000971953219774, 
        "fit": "average_SEM", 
        "value": 0.011384270627604564
    }, 
    "CDD": {
        "error": 2.0055904165652732e-05, 
        "fit": "average_SEM", 
        "value": 2.600154160366704e-06
    }, 
    "H1": {
        "error": 0.1157615615796599, 
        "fit": "average_SEM", 
        "value": -0.2628993331299474
    }, 
    "H2": {
        "error": 0.1348280920988976, 
        "fit": "average_SEM", 
        "value": -0.4772962416211764
    }, 
    "L1": {
        "error": 0.17971341830547874, 
        "fit": "average_SEM", 
        "value": -0.35704444103951877
    }, 
    "L2": {
        "error": 0.13783931282929499, 
        "fit": "average_SEM", 
        "value": -0.3752106270539419
    }
}