{
    "AX": {
        "error": 0.0595157416853633, 
        "fit": "average_SEM", 
        "value": 0.00929466219143554
    }, 
    "CDD": {
        "error": 2.005590416565273e-05, 
        "fit": "average_SEM", 
        "value": 2.600154160366704e-06
    }, 
    "H1": {
        "error": 0.12410006350944305, 
        "fit": "average_SEM", 
        "value": -0.2494775163475424
    }, 
    "H2": {
        "error": 0.11015232365120659, 
        "fit": "average_SEM", 
        "value": -0.4549620925138394
    }, 
    "L1": {
        "error": 0.21680442266818015, 
        "fit": "average_SEM", 
        "value": -0.3205457968908983
    }, 
    "L2": {
        "error": 0.11965684203552178, 
        "fit": "average_SEM", 
        "value": -0.38924776878363143
    }
}