{
    "AX": {
        "error": 0.059938090697416214, 
        "fit": "average_SEM", 
        "value": -0.005378880174854809
    }, 
    "CDD": {
        "error": 3.130546554622594e-05, 
        "fit": "average_SEM", 
        "value": 6.50038540091676e-06
    }, 
    "H1": {
        "error": 0.1359082544089381, 
        "fit": "average_SEM", 
        "value": -0.24211310495835883
    }, 
    "H2": {
        "error": 0.12429886875369596, 
        "fit": "average_SEM", 
        "value": -0.4566880341619253
    }, 
    "L1": {
        "error": 0.2373089948325962, 
        "fit": "average_SEM", 
        "value": -0.32238232519399995
    }, 
    "L2": {
        "error": 0.12764665857218999, 
        "fit": "average_SEM", 
        "value": -0.3782170454505831
    }
}