{
    "AX": {
        "error": 0.04130768217215, 
        "fit": "average", 
        "value": -0.013912641810237434
    }, 
    "CDD": {
        "error": 0.0, 
        "fit": "average", 
        "value": 0.0
    }, 
    "H1": {
        "error": 0.03708746119149377, 
        "fit": "average", 
        "value": 0.014695954894066969
    }, 
    "H2": {
        "error": 0.10865881445406234, 
        "fit": "average", 
        "value": 0.42120346100183953
    }, 
    "L1": {
        "error": 0.06639606081316687, 
        "fit": "average", 
        "value": 0.04499678738293764
    }, 
    "L2": {
        "error": 0.038399812857265535, 
        "fit": "average", 
        "value": 0.008817832063112421
    }
}