{
    "AX": {
        "error": 0.048905405712526696, 
        "fit": "average", 
        "value": -0.02221335921001256
    }, 
    "CDD": {
        "error": 0.0, 
        "fit": "average", 
        "value": 0.0
    }, 
    "H1": {
        "error": 0.0321050853106673, 
        "fit": "average", 
        "value": 0.011940784290313424
    }, 
    "H2": {
        "error": 0.11757798492793464, 
        "fit": "average", 
        "value": 0.44577630169880694
    }, 
    "L1": {
        "error": 0.09514128298910894, 
        "fit": "average", 
        "value": 0.040394417311733544
    }, 
    "L2": {
        "error": 0.04623055774583902, 
        "fit": "average", 
        "value": 0.00482451973021426
    }
}