{
    "AX": {
        "error": 0.05395803984370331, 
        "fit": "average", 
        "value": -0.012975966271232717
    }, 
    "CDD": {
        "error": 0.0, 
        "fit": "average", 
        "value": 0.0
    }, 
    "H1": {
        "error": 0.03598520167335083, 
        "fit": "average", 
        "value": 0.007945801472827873
    }, 
    "H2": {
        "error": 0.10098589986690977, 
        "fit": "average", 
        "value": 0.4415833265644259
    }, 
    "L1": {
        "error": 0.07798470709152751, 
        "fit": "average", 
        "value": 0.061302799204018266
    }, 
    "L2": {
        "error": 0.047646406910798085, 
        "fit": "average", 
        "value": 0.000546249736655961
    }
}