{
    "AX": {
        "error": 0.04887845159968566, 
        "fit": "average", 
        "value": -0.005340937579764606
    }, 
    "CDD": {
        "error": 0.0, 
        "fit": "average", 
        "value": 0.0
    }, 
    "H1": {
        "error": 0.03171827629493082, 
        "fit": "average", 
        "value": 0.015760242729893518
    }, 
    "H2": {
        "error": 0.08822304493682438, 
        "fit": "average", 
        "value": 0.4256823666785893
    }, 
    "L1": {
        "error": 0.09949984801018678, 
        "fit": "average", 
        "value": 0.06851361899920819
    }, 
    "L2": {
        "error": 0.04249995137035884, 
        "fit": "average", 
        "value": 0.004710511001552233
    }
}