{
    "AX": {
        "error": 0.05393481560080195, 
        "fit": "average", 
        "value": -0.017614700302460574
    }, 
    "CDD": {
        "error": 0.0, 
        "fit": "average", 
        "value": 0.0
    }, 
    "H1": {
        "error": 0.038897078123872116, 
        "fit": "average", 
        "value": 0.027483571708485807
    }, 
    "H2": {
        "error": 0.1019560835429934, 
        "fit": "average", 
        "value": 0.45397671046903576
    }, 
    "L1": {
        "error": 0.08744398765901978, 
        "fit": "average", 
        "value": 0.04126318954538716
    }, 
    "L2": {
        "error": 0.04257951359214632, 
        "fit": "average", 
        "value": 0.012565100329147913
    }
}