{
    "AX": {
        "error": 0.06221902354380586, 
        "fit": "average", 
        "value": -0.01326239031777343
    }, 
    "CDD": {
        "error": 0.0, 
        "fit": "average", 
        "value": 0.0
    }, 
    "H1": {
        "error": 0.04169366770333817, 
        "fit": "average", 
        "value": 0.005430199693053618
    }, 
    "H2": {
        "error": 0.10202567386128643, 
        "fit": "average", 
        "value": 0.4300508820696881
    }, 
    "L1": {
        "error": 0.07362641661626278, 
        "fit": "average", 
        "value": 0.06333420573399685
    }, 
    "L2": {
        "error": 0.04333400890666653, 
        "fit": "average", 
        "value": 0.00623839227280215
    }
}