{
    "CDD": {
        "error": 4.103606808044736e-05, 
        "fit": "average_SEM", 
        "value": 1.1884091266741355e-05
    }, 
    "H1": {
        "error": 0.11834409723453221, 
        "fit": "average_SEM", 
        "value": -0.48691427525546815
    }, 
    "H2": {
        "error": 0.12937132359921288, 
        "fit": "average_SEM", 
        "value": -0.32874133702781466
    }, 
    "L1": {
        "error": 0.11822556934808666, 
        "fit": "average_SEM", 
        "value": -0.34923531371686195
    }, 
    "L2": {
        "error": 0.27129796756228025, 
        "fit": "average_SEM", 
        "value": -0.5120715033573409
    }
}