{
    "CDD": {
        "error": 4.360432773090416e-05, 
        "fit": "average_SEM", 
        "value": 1.3581818590561549e-05
    }, 
    "H1": {
        "error": 0.12610023798866418, 
        "fit": "average_SEM", 
        "value": -0.578671434852812
    }, 
    "H2": {
        "error": 0.1243209506983784, 
        "fit": "average_SEM", 
        "value": -0.3988369791044129
    }, 
    "L1": {
        "error": 0.12782749436571086, 
        "fit": "average_SEM", 
        "value": -0.4330141070816252
    }, 
    "L2": {
        "error": 0.2556974325280945, 
        "fit": "average_SEM", 
        "value": -0.4294766967702243
    }
}