{
    "CDD": {
        "error": 4.596650030042304e-05, 
        "fit": "average_SEM", 
        "value": 1.527954591438174e-05
    }, 
    "H1": {
        "error": 0.10624946789126291, 
        "fit": "average_SEM", 
        "value": -0.5213349842362933
    }, 
    "H2": {
        "error": 0.11747688337093194, 
        "fit": "average_SEM", 
        "value": -0.3146622415425049
    }, 
    "L1": {
        "error": 0.12175626121651105, 
        "fit": "average_SEM", 
        "value": -0.37284183162781925
    }, 
    "L2": {
        "error": 0.2578026872874508, 
        "fit": "average_SEM", 
        "value": -0.37423199182376266
    }
}