{
    "AX": {
        "error": 0.05413339847287659, 
        "fit": "average", 
        "value": -0.014934038894463573
    }, 
    "CDD": {
        "error": 0.0, 
        "fit": "average", 
        "value": 0.0
    }, 
    "H1": {
        "error": 0.03246528468252834, 
        "fit": "average", 
        "value": 0.001021447317486347
    }, 
    "H2": {
        "error": 0.09029037746594912, 
        "fit": "average", 
        "value": 0.4369242575404973
    }, 
    "L1": {
        "error": 0.09300853006068786, 
        "fit": "average", 
        "value": 0.05265957884694217
    }, 
    "L2": {
        "error": 0.047122011090842554, 
        "fit": "average", 
        "value": -0.0001126227904120419
    }
}