{
    "AX": {
        "error": 0.05867364012118447, 
        "fit": "average_SEM", 
        "value": -0.016866073899048692
    }, 
    "CDD": {
        "error": 4.1919450096604454e-05, 
        "fit": "average_SEM", 
        "value": 9.100539561283464e-06
    }, 
    "H1": {
        "error": 0.10941050546569919, 
        "fit": "average_SEM", 
        "value": 0.13434405736576688
    }, 
    "H2": {
        "error": 0.14008741418459822, 
        "fit": "average_SEM", 
        "value": -0.09956313023382488
    }, 
    "L1": {
        "error": 0.12590286605475592, 
        "fit": "average_SEM", 
        "value": 0.1019141835529202
    }, 
    "L2": {
        "error": 0.12218487789942478, 
        "fit": "average_SEM", 
        "value": 0.14483227467947776
    }
}