{
    "AX": {
        "error": 0.05520308419728161, 
        "fit": "average_SEM", 
        "value": 0.006373488397609132
    }, 
    "CDD": {
        "error": 3.414399193128503e-05, 
        "fit": "average_SEM", 
        "value": 7.800462481100112e-06
    }, 
    "H1": {
        "error": 0.14368234314055067, 
        "fit": "average_SEM", 
        "value": -0.2765906054448957
    }, 
    "H2": {
        "error": 0.1319567398134969, 
        "fit": "average_SEM", 
        "value": -0.5052926614880562
    }, 
    "L1": {
        "error": 0.3096984586346153, 
        "fit": "average_SEM", 
        "value": -0.28700749114116964
    }, 
    "L2": {
        "error": 0.1348827495371741, 
        "fit": "average_SEM", 
        "value": -0.4202934414769212
    }
}