{
    "AX": {
        "error": 0.05708386355797506, 
        "fit": "average_SEM", 
        "value": -0.020297513551607457
    }, 
    "CDD": {
        "error": 3.6717616880496e-05, 
        "fit": "average_SEM", 
        "value": 9.100539561283464e-06
    }, 
    "H1": {
        "error": 0.12629420504492583, 
        "fit": "average_SEM", 
        "value": 0.16470951021959385
    }, 
    "H2": {
        "error": 0.12202856574199386, 
        "fit": "average_SEM", 
        "value": 0.11445287932680609
    }, 
    "L1": {
        "error": 0.18302636787198487, 
        "fit": "average_SEM", 
        "value": 0.13131595097947865
    }, 
    "L2": {
        "error": 0.12357423906072636, 
        "fit": "average_SEM", 
        "value": 0.17336768688013157
    }
}