{
    "AX": {
        "error": 0.05103585708000165, 
        "fit": "average", 
        "value": -0.01820992499164402
    }, 
    "CDD": {
        "error": 0.00011120777382793726, 
        "fit": "average", 
        "value": 0.00015095701382961124
    }, 
    "H1": {
        "error": 0.03487783880567384, 
        "fit": "average", 
        "value": 0.0007755804128879518
    }, 
    "H2": {
        "error": 0.09685224667559737, 
        "fit": "average", 
        "value": 0.15529198358577173
    }, 
    "L1": {
        "error": 0.08286209034688576, 
        "fit": "average", 
        "value": 0.07168949228096672
    }, 
    "L2": {
        "error": 0.044114489644823875, 
        "fit": "average", 
        "value": 0.0003092837683527313
    }
}