{
    "AX": {
        "error": 0.05673254801762792, 
        "fit": "average_SEM", 
        "value": -0.013690910184110786
    }, 
    "CDD": {
        "error": 3.414399193128503e-05, 
        "fit": "average_SEM", 
        "value": 7.800462481100112e-06
    }, 
    "H1": {
        "error": 0.13421034918042654, 
        "fit": "average_SEM", 
        "value": 0.11483654631180494
    }, 
    "H2": {
        "error": 0.14106821127268923, 
        "fit": "average_SEM", 
        "value": 0.06210831926437095
    }, 
    "L1": {
        "error": 0.1283477920908663, 
        "fit": "average_SEM", 
        "value": 0.05830706585353861
    }, 
    "L2": {
        "error": 0.12932059756286582, 
        "fit": "average_SEM", 
        "value": 0.12477042307533945
    }
}