{
    "AX": {
        "error": 0.05858106319031878, 
        "fit": "average_SEM", 
        "value": 0.011714955028704328
    }, 
    "CDD": {
        "error": 2.812193723002973e-05, 
        "fit": "average_SEM", 
        "value": 5.200308320733408e-06
    }, 
    "H1": {
        "error": 0.11107392292175045, 
        "fit": "average_SEM", 
        "value": -0.2395164712991876
    }, 
    "H2": {
        "error": 0.12485275998956337, 
        "fit": "average_SEM", 
        "value": -0.4635097419222196
    }, 
    "L1": {
        "error": 0.19883874360504805, 
        "fit": "average_SEM", 
        "value": -0.3348952810745686
    }, 
    "L2": {
        "error": 0.1209065847790167, 
        "fit": "average_SEM", 
        "value": -0.39105735678846637
    }
}