{
    "AX": {
        "error": 0.0528379636266447, 
        "fit": "average_SEM", 
        "value": -0.01467672169674188
    }, 
    "CDD": {
        "error": 3.7270485374955425e-05, 
        "fit": "average_SEM", 
        "value": 6.50038540091676e-06
    }, 
    "H1": {
        "error": 0.12596911793525634, 
        "fit": "average_SEM", 
        "value": 0.17330959926427264
    }, 
    "H2": {
        "error": 0.11699086371968036, 
        "fit": "average_SEM", 
        "value": -0.04942813784964528
    }, 
    "L1": {
        "error": 0.257109472789017, 
        "fit": "average_SEM", 
        "value": 0.18149048446600016
    }, 
    "L2": {
        "error": 0.12211620364644345, 
        "fit": "average_SEM", 
        "value": 0.2197020289526942
    }
}