{
    "AX": {
        "error": 0.05553189997016847, 
        "fit": "average_SEM", 
        "value": 0.0035558620843706497
    }, 
    "CDD": {
        "error": 2.4459062257474926e-05, 
        "fit": "average_SEM", 
        "value": 3.900231240550056e-06
    }, 
    "H1": {
        "error": 0.12565357143946343, 
        "fit": "average_SEM", 
        "value": -0.2224006444021749
    }, 
    "H2": {
        "error": 0.13696978738331625, 
        "fit": "average_SEM", 
        "value": -0.46267224351565045
    }, 
    "L1": {
        "error": 0.2500388514482044, 
        "fit": "average_SEM", 
        "value": -0.3449422479607165
    }, 
    "L2": {
        "error": 0.13209945699499498, 
        "fit": "average_SEM", 
        "value": -0.3808273195909957
    }
}