{
    "AX": {
        "error": 0.04184348603109077, 
        "fit": "average", 
        "value": -0.008819966653071899
    }, 
    "CDD": {
        "error": 0.0, 
        "fit": "average", 
        "value": 0.0
    }, 
    "H1": {
        "error": 0.03461742309373138, 
        "fit": "average", 
        "value": 0.004693053404927221
    }, 
    "H2": {
        "error": 0.09812722679295299, 
        "fit": "average", 
        "value": 0.42893606618694635
    }, 
    "L1": {
        "error": 0.0800593097455632, 
        "fit": "average", 
        "value": 0.06201840595418491
    }, 
    "L2": {
        "error": 0.04297954218722551, 
        "fit": "average", 
        "value": 0.011636055945944189
    }
}