{
    "AX": {
        "error": 0.05246027645016764, 
        "fit": "average_SEM", 
        "value": -0.013213451054616599
    }, 
    "CDD": {
        "error": 3.130546554622594e-05, 
        "fit": "average_SEM", 
        "value": 6.50038540091676e-06
    }, 
    "H1": {
        "error": 0.11754246787994352, 
        "fit": "average_SEM", 
        "value": 0.07049530678195878
    }, 
    "H2": {
        "error": 0.14108624853319318, 
        "fit": "average_SEM", 
        "value": -0.13557428813461836
    }, 
    "L1": {
        "error": 0.1140091090203278, 
        "fit": "average_SEM", 
        "value": 0.05622892917356997
    }, 
    "L2": {
        "error": 0.13395554181276978, 
        "fit": "average_SEM", 
        "value": 0.07230794640284634
    }
}