{
    "AX": {
        "error": 0.054855772899463286, 
        "fit": "average_SEM", 
        "value": -0.021610520120960784
    }, 
    "CDD": {
        "error": 4.329947063382674e-05, 
        "fit": "average_SEM", 
        "value": 1.300077080183352e-05
    }, 
    "H1": {
        "error": 0.11872391626570594, 
        "fit": "average_SEM", 
        "value": 0.16508415147958053
    }, 
    "H2": {
        "error": 0.13689690280558842, 
        "fit": "average_SEM", 
        "value": -0.04821585561827912
    }, 
    "L1": {
        "error": 0.26473268179604037, 
        "fit": "average_SEM", 
        "value": 0.18969753821147606
    }, 
    "L2": {
        "error": 0.11957163320027549, 
        "fit": "average_SEM", 
        "value": 0.18439894907642157
    }
}