{
    "AX": {
        "error": 0.06007276053355108, 
        "fit": "average_SEM", 
        "value": -0.019569278203804667
    }, 
    "CDD": {
        "error": 3.130546554622594e-05, 
        "fit": "average_SEM", 
        "value": 6.50038540091676e-06
    }, 
    "H1": {
        "error": 0.11574421990314547, 
        "fit": "average_SEM", 
        "value": 0.17764219302140796
    }, 
    "H2": {
        "error": 0.1212837989984596, 
        "fit": "average_SEM", 
        "value": 0.1266411736762772
    }, 
    "L1": {
        "error": 0.27975565254419893, 
        "fit": "average_SEM", 
        "value": 0.19399449737587324
    }, 
    "L2": {
        "error": 0.12269282140897521, 
        "fit": "average_SEM", 
        "value": 0.19210301964728085
    }
}