{
    "AX": {
        "error": 0.054021753417012985, 
        "fit": "average_SEM", 
        "value": -0.012239068740746007
    }, 
    "CDD": {
        "error": 4.191945009660445e-05, 
        "fit": "average_SEM", 
        "value": 9.100539561283464e-06
    }, 
    "H1": {
        "error": 0.12383358908872158, 
        "fit": "average_SEM", 
        "value": 0.06696170255502996
    }, 
    "H2": {
        "error": 0.13831840942747525, 
        "fit": "average_SEM", 
        "value": -0.15900464373989961
    }, 
    "L1": {
        "error": 0.13474365535412297, 
        "fit": "average_SEM", 
        "value": 0.045086079110175585
    }, 
    "L2": {
        "error": 0.1420563871441308, 
        "fit": "average_SEM", 
        "value": 0.04167515161292006
    }
}