{
    "AX": {
        "error": 0.05685086801383073, 
        "fit": "average_SEM", 
        "value": -0.016629470613528003
    }, 
    "CDD": {
        "error": 2.8121937230029724e-05, 
        "fit": "average_SEM", 
        "value": 5.200308320733408e-06
    }, 
    "H1": {
        "error": 0.12682156802544667, 
        "fit": "average_SEM", 
        "value": 0.1611132500411865
    }, 
    "H2": {
        "error": 0.12582425115454646, 
        "fit": "average_SEM", 
        "value": -0.07002452652426049
    }, 
    "L1": {
        "error": 0.20288576377383227, 
        "fit": "average_SEM", 
        "value": 0.16308125055123432
    }, 
    "L2": {
        "error": 0.13777916352085015, 
        "fit": "average_SEM", 
        "value": 0.20033242826660475
    }
}