{
    "Ar36": {
        "error": 0.015510695065767136, 
        "fit": "parabolic", 
        "value": 1.4561853045332265
    }, 
    "Ar37": {
        "error": 0.13052805070322501, 
        "fit": "linear", 
        "value": -0.20331964818191811
    }, 
    "Ar38": {
        "error": 0.25991234954944475, 
        "fit": "linear", 
        "value": 0.93167202102353053
    }, 
    "Ar39": {
        "error": 0.093093196913956705, 
        "fit": "parabolic", 
        "value": 72.694070197184431
    }, 
    "Ar40": {
        "error": 0.37802403126444761, 
        "fit": "parabolic", 
        "value": 1006.0986416153694
    }, 
    "Ar41": {
        "error": 0.12009047177448008, 
        "fit": "average_SEM", 
        "value": -0.42055029235780239
    }
}