{
    "Ar36": {
        "error": 0.0049276739248255421, 
        "fit": "parabolic", 
        "value": 0.15321605970481922
    }, 
    "Ar37": {
        "error": 0.12784475313398824, 
        "fit": "linear", 
        "value": 0.054792537196231048
    }, 
    "Ar38": {
        "error": 0.20892205536316175, 
        "fit": "linear", 
        "value": 2.4282451574026123
    }, 
    "Ar39": {
        "error": 0.14555260527399413, 
        "fit": "parabolic", 
        "value": 208.20400982177063
    }, 
    "Ar40": {
        "error": 0.53716894781936342, 
        "fit": "parabolic", 
        "value": 1697.6953974775665
    }, 
    "Ar41": {
        "error": 0.12037596494594131, 
        "fit": "average_SEM", 
        "value": -0.40237527389079331
    }
}