{
    "Ar36": {
        "error": 0.0022310582577743602, 
        "fit": "parabolic", 
        "value": 0.017385123110350467
    }, 
    "Ar37": {
        "error": 0.13390175311406283, 
        "fit": "linear", 
        "value": 0.24331285473022599
    }, 
    "Ar38": {
        "error": 0.20761923710709057, 
        "fit": "linear", 
        "value": 4.0725145884659888
    }, 
    "Ar39": {
        "error": 0.17286261287947619, 
        "fit": "parabolic", 
        "value": 345.99426006671104
    }, 
    "Ar40": {
        "error": 0.68689265484861861, 
        "fit": "parabolic", 
        "value": 2752.6426182666805
    }, 
    "Ar41": {
        "error": 0.12257741601330874, 
        "fit": "average_SEM", 
        "value": -0.37847753521287814
    }
}