{
    "Ar36": {
        "error": 0.0019773282618325153, 
        "fit": "parabolic", 
        "value": 0.013942188629321482
    }, 
    "Ar37": {
        "error": 0.13743328114878442, 
        "fit": "linear", 
        "value": 0.18232690294800102
    }, 
    "Ar38": {
        "error": 0.23942876941447699, 
        "fit": "linear", 
        "value": 2.9845905518586595
    }, 
    "Ar39": {
        "error": 0.14509786681332959, 
        "fit": "parabolic", 
        "value": 262.11724766592499
    }, 
    "Ar40": {
        "error": 0.55850389071395212, 
        "fit": "parabolic", 
        "value": 2083.367894895352
    }, 
    "Ar41": {
        "error": 0.12380458300731026, 
        "fit": "average_SEM", 
        "value": -0.39464313969016074
    }
}