{
    "Ar36": {
        "error": 0.001886073652378981, 
        "fit": "linear", 
        "value": 0.013997598083952126
    }, 
    "Ar37": {
        "error": 0.24672441964833136, 
        "fit": "linear", 
        "value": 0.010838497545825623
    }, 
    "Ar38": {
        "error": 0.10882259640050457, 
        "fit": "linear", 
        "value": 1.1902097009036101
    }, 
    "Ar39": {
        "error": 0.13089138687663163, 
        "fit": "linear", 
        "value": 124.15029283104276
    }, 
    "Ar40": {
        "error": 0.34017275411495418, 
        "fit": "linear", 
        "value": 989.40878671766541
    }, 
    "Ar41": {
        "error": 0.099972569561240829, 
        "fit": "average_SEM", 
        "value": -0.34404908228537134
    }
}