{
    "Ar36": {
        "error": 0.0020917354914487237, 
        "fit": "linear", 
        "value": 0.02272582350132827
    }, 
    "Ar37": {
        "error": 0.23019444310245363, 
        "fit": "linear", 
        "value": 0.10206358006036956
    }, 
    "Ar38": {
        "error": 0.12048124149502741, 
        "fit": "linear", 
        "value": 1.6910056411158714
    }, 
    "Ar39": {
        "error": 0.12862726631510732, 
        "fit": "linear", 
        "value": 163.04584306999237
    }, 
    "Ar40": {
        "error": 0.40006672688341105, 
        "fit": "linear", 
        "value": 1301.304639124528
    }, 
    "Ar41": {
        "error": 0.097245467315554446, 
        "fit": "average_SEM", 
        "value": -0.339646024288426
    }
}