{
    "Ar36": {
        "error": 0.0019796872125642778, 
        "fit": "linear", 
        "value": 0.021302562438338009
    }, 
    "Ar37": {
        "error": 0.2757616107968851, 
        "fit": "linear", 
        "value": 0.3774178347445617
    }, 
    "Ar38": {
        "error": 0.1175392552987745, 
        "fit": "linear", 
        "value": 1.6080978046466576
    }, 
    "Ar39": {
        "error": 0.14318938627631891, 
        "fit": "linear", 
        "value": 159.25458618527352
    }, 
    "Ar40": {
        "error": 0.40461688957684433, 
        "fit": "linear", 
        "value": 1275.8266373345014
    }, 
    "Ar41": {
        "error": 0.090519069305745714, 
        "fit": "average_SEM", 
        "value": -0.36486127888652642
    }
}