{
    "Ar36": {
        "error": 0.0016121081222675647, 
        "fit": "linear", 
        "value": 0.010168396796613643
    }, 
    "Ar37": {
        "error": 0.25420167628592399, 
        "fit": "linear", 
        "value": -0.0050414099980231296
    }, 
    "Ar38": {
        "error": 0.10260882306764299, 
        "fit": "linear", 
        "value": 1.1092623521314264
    }, 
    "Ar39": {
        "error": 0.12129925043193317, 
        "fit": "linear", 
        "value": 119.67985038906312
    }, 
    "Ar40": {
        "error": 0.35296153476018705, 
        "fit": "linear", 
        "value": 954.30700277808774
    }, 
    "Ar41": {
        "error": 0.092021614785218697, 
        "fit": "average_SEM", 
        "value": -0.3660730946231896
    }
}