{
    "Ar36": {
        "error": 0.0016101158455282, 
        "fit": "linear", 
        "value": 0.015181093636605062
    }, 
    "Ar37": {
        "error": 0.26605392818424067, 
        "fit": "linear", 
        "value": 0.083899260429232903
    }, 
    "Ar38": {
        "error": 0.11518906364371011, 
        "fit": "linear", 
        "value": 1.1150691436867364
    }, 
    "Ar39": {
        "error": 0.11449484265309491, 
        "fit": "linear", 
        "value": 120.69504289534123
    }, 
    "Ar40": {
        "error": 0.3333862236005255, 
        "fit": "linear", 
        "value": 963.65427985915062
    }, 
    "Ar41": {
        "error": 0.099812177216265022, 
        "fit": "average_SEM", 
        "value": -0.34857577623592484
    }
}