{
    "Ar36": {
        "error": 0.0014929229521140064, 
        "fit": "linear", 
        "value": 0.0062761616079913306
    }, 
    "Ar37": {
        "error": 0.22517467544209011, 
        "fit": "linear", 
        "value": -0.61109363776731407
    }, 
    "Ar38": {
        "error": 0.10847907225194091, 
        "fit": "linear", 
        "value": -0.17286729296684622
    }, 
    "Ar39": {
        "error": 0.072033900693484434, 
        "fit": "linear", 
        "value": 19.454969546411498
    }, 
    "Ar40": {
        "error": 0.16431652058862906, 
        "fit": "linear", 
        "value": 155.86880955636661
    }, 
    "Ar41": {
        "error": 0.096381953265850903, 
        "fit": "average_SEM", 
        "value": -0.38238934672450364
    }
}