{
    "Ar36": {
        "error": 0.00152713550471767, 
        "fit": "linear", 
        "value": 0.0084245852218188706
    }, 
    "Ar37": {
        "error": 0.24629181222729543, 
        "fit": "linear", 
        "value": -0.17880170436249176
    }, 
    "Ar38": {
        "error": 0.11637163008652641, 
        "fit": "linear", 
        "value": 0.46677283766970146
    }, 
    "Ar39": {
        "error": 0.10261096788686697, 
        "fit": "linear", 
        "value": 70.866729127653343
    }, 
    "Ar40": {
        "error": 0.27697126937896044, 
        "fit": "linear", 
        "value": 565.74295659489007
    }, 
    "Ar41": {
        "error": 0.088003123401982353, 
        "fit": "average_SEM", 
        "value": -0.36592593883544627
    }
}