{
    "Ar36": {
        "error": 0.0040304010172993584, 
        "fit": "linear", 
        "value": 0.10976807514765478
    }, 
    "Ar37": {
        "error": 0.25698487617789501, 
        "fit": "linear", 
        "value": -0.24385228544819315
    }, 
    "Ar38": {
        "error": 0.13527859001657269, 
        "fit": "linear", 
        "value": 0.55743622237383583
    }, 
    "Ar39": {
        "error": 0.10415882025475151, 
        "fit": "linear", 
        "value": 77.264913840392978
    }, 
    "Ar40": {
        "error": 0.25532033535603915, 
        "fit": "linear", 
        "value": 648.78131927897903
    }, 
    "Ar41": {
        "error": 0.084638603964689529, 
        "fit": "average_SEM", 
        "value": -0.35622473441539926
    }
}