{
    "Ar36": {
        "error": 0.0015218329739643329, 
        "fit": "linear", 
        "value": 0.0099411301509881884
    }, 
    "Ar37": {
        "error": 0.25267188967453763, 
        "fit": "linear", 
        "value": -0.21558695290188679
    }, 
    "Ar38": {
        "error": 0.12030791285913096, 
        "fit": "linear", 
        "value": 0.81283327719340281
    }, 
    "Ar39": {
        "error": 0.11180233979585574, 
        "fit": "linear", 
        "value": 94.511452801317205
    }, 
    "Ar40": {
        "error": 0.32033850984393464, 
        "fit": "linear", 
        "value": 754.64698594679226
    }, 
    "Ar41": {
        "error": 0.10267612510710426, 
        "fit": "average_SEM", 
        "value": -0.34284768233152285
    }
}