{
    "Ar36": {
        "error": 0.0014419933853622039, 
        "fit": "linear", 
        "value": 0.0091408225535756227
    }, 
    "Ar37": {
        "error": 0.22426455985356061, 
        "fit": "linear", 
        "value": -0.41490369246825348
    }, 
    "Ar38": {
        "error": 0.12172784218915494, 
        "fit": "linear", 
        "value": 0.038221021045536624
    }, 
    "Ar39": {
        "error": 0.081191604016072699, 
        "fit": "linear", 
        "value": 38.433755196553072
    }, 
    "Ar40": {
        "error": 0.21153785723640028, 
        "fit": "linear", 
        "value": 308.71688091353712
    }, 
    "Ar41": {
        "error": 0.098570920320311367, 
        "fit": "average_SEM", 
        "value": -0.35048577955056881
    }
}