{
    "Ar36": {
        "error": 0.0013534046956503378, 
        "fit": "linear", 
        "value": 0.0055540754143198938
    }, 
    "Ar37": {
        "error": 0.23087392496903142, 
        "fit": "linear", 
        "value": -0.021295310087196921
    }, 
    "Ar38": {
        "error": 0.12731317488243343, 
        "fit": "linear", 
        "value": 1.1095024139306915
    }, 
    "Ar39": {
        "error": 0.1284173115710974, 
        "fit": "linear", 
        "value": 120.83676039067976
    }, 
    "Ar40": {
        "error": 0.34246443647674596, 
        "fit": "linear", 
        "value": 966.62458852787256
    }, 
    "Ar41": {
        "error": 0.09703162494174028, 
        "fit": "average_SEM", 
        "value": -0.33712916427724798
    }
}