{
    "Ar36": {
        "error": 0.0015536115870056675, 
        "fit": "linear", 
        "value": 0.0064978949564616813
    }, 
    "Ar37": {
        "error": 0.23483477985351031, 
        "fit": "linear", 
        "value": 0.12509050661473778
    }, 
    "Ar38": {
        "error": 0.12159707650076287, 
        "fit": "linear", 
        "value": 1.0644667447916305
    }, 
    "Ar39": {
        "error": 0.10817378031335466, 
        "fit": "linear", 
        "value": 120.09665435678704
    }, 
    "Ar40": {
        "error": 0.29515592759796616, 
        "fit": "linear", 
        "value": 960.7288594397387
    }, 
    "Ar41": {
        "error": 0.095423350369505361, 
        "fit": "average_SEM", 
        "value": -0.33835023516541596
    }
}