{
    "Ar36": {
        "error": 0.0013112572362791168, 
        "fit": "linear", 
        "value": 0.0051240951533857272
    }, 
    "Ar37": {
        "error": 0.26767731840860498, 
        "fit": "linear", 
        "value": -0.10397958767544194
    }, 
    "Ar38": {
        "error": 0.1226848254810408, 
        "fit": "linear", 
        "value": 0.73285919453968462
    }, 
    "Ar39": {
        "error": 0.11129115101286506, 
        "fit": "linear", 
        "value": 91.58440314167845
    }, 
    "Ar40": {
        "error": 0.294822310241251, 
        "fit": "linear", 
        "value": 732.41387621855949
    }, 
    "Ar41": {
        "error": 0.097364037482029236, 
        "fit": "average_SEM", 
        "value": -0.36356093422740909
    }
}