{
    "Ar36": {
        "error": 0.0011726403511265547, 
        "fit": "linear", 
        "value": 0.0040492018438576223
    }, 
    "Ar37": {
        "error": 0.2696533341047983, 
        "fit": "linear", 
        "value": -0.28324067342734327
    }, 
    "Ar38": {
        "error": 0.11386966917462002, 
        "fit": "linear", 
        "value": 0.37192514196719761
    }, 
    "Ar39": {
        "error": 0.090599484798332533, 
        "fit": "linear", 
        "value": 66.012993321199559
    }, 
    "Ar40": {
        "error": 0.24571480807161983, 
        "fit": "linear", 
        "value": 528.30545206401371
    }, 
    "Ar41": {
        "error": 0.10891982642953416, 
        "fit": "average_SEM", 
        "value": -0.36678360882278993
    }
}