{
    "Ar36": {
        "error": 0.0013067637468933704, 
        "fit": "linear", 
        "value": 0.0056861193513708056
    }, 
    "Ar37": {
        "error": 0.24294705453556284, 
        "fit": "linear", 
        "value": -0.28706973628145871
    }, 
    "Ar38": {
        "error": 0.12177423332785195, 
        "fit": "linear", 
        "value": 0.12297084558076343
    }, 
    "Ar39": {
        "error": 0.08649642434952283, 
        "fit": "linear", 
        "value": 44.273362286845405
    }, 
    "Ar40": {
        "error": 0.19475334097466887, 
        "fit": "linear", 
        "value": 354.50637489894103
    }, 
    "Ar41": {
        "error": 0.086478904609194093, 
        "fit": "average_SEM", 
        "value": -0.35677324485528722
    }
}