{
    "Ar36": {
        "error": 0.0016575494805805826, 
        "fit": "linear", 
        "value": 0.010960046166215719
    }, 
    "Ar37": {
        "error": 0.24724312705647825, 
        "fit": "linear", 
        "value": -0.13893886281359968
    }, 
    "Ar38": {
        "error": 0.1121416950679486, 
        "fit": "linear", 
        "value": 0.48954389269198983
    }, 
    "Ar39": {
        "error": 0.10190593342975092, 
        "fit": "linear", 
        "value": 73.041565961594529
    }, 
    "Ar40": {
        "error": 0.26529749808243364, 
        "fit": "linear", 
        "value": 586.23585071767309
    }, 
    "Ar41": {
        "error": 0.10038437275400701, 
        "fit": "average_SEM", 
        "value": -0.3473607910176118
    }
}