{
    "Ar36": {
        "error": 0.0011193718469932174, 
        "fit": "linear", 
        "value": 0.0037518795824838837
    }, 
    "Ar37": {
        "error": 0.24142345348058367, 
        "fit": "linear", 
        "value": -0.13626158105010469
    }, 
    "Ar38": {
        "error": 0.11010987946638254, 
        "fit": "linear", 
        "value": 0.38740924397332321
    }, 
    "Ar39": {
        "error": 0.090911838473358444, 
        "fit": "linear", 
        "value": 62.99324521880007
    }, 
    "Ar40": {
        "error": 0.2453480333492512, 
        "fit": "linear", 
        "value": 503.52925933989331
    }, 
    "Ar41": {
        "error": 0.091191672329157661, 
        "fit": "average_SEM", 
        "value": -0.3509115187542422
    }
}