{
    "Ar36": {
        "error": 0.0012089040104028513, 
        "fit": "linear", 
        "value": 0.0037316146313560324
    }, 
    "Ar37": {
        "error": 0.28115248319848302, 
        "fit": "linear", 
        "value": -0.28115186157619998
    }, 
    "Ar38": {
        "error": 0.10789420866844011, 
        "fit": "linear", 
        "value": 0.042048997064837522
    }, 
    "Ar39": {
        "error": 0.082181529834203654, 
        "fit": "linear", 
        "value": 35.906032973120972
    }, 
    "Ar40": {
        "error": 0.18156451129642662, 
        "fit": "linear", 
        "value": 287.79406690060375
    }, 
    "Ar41": {
        "error": 0.091022557523796149, 
        "fit": "average_SEM", 
        "value": -0.3558512399871866
    }
}