{
    "Ar36": {
        "error": 0.0010772688062008601, 
        "fit": "linear", 
        "value": 0.003743024259816769
    }, 
    "Ar37": {
        "error": 0.24347443662818644, 
        "fit": "linear", 
        "value": -0.20549042612823173
    }, 
    "Ar38": {
        "error": 0.11795832662684803, 
        "fit": "linear", 
        "value": 0.29453818256051723
    }, 
    "Ar39": {
        "error": 0.096648873280273509, 
        "fit": "linear", 
        "value": 58.96928447450474
    }, 
    "Ar40": {
        "error": 0.24765764163016379, 
        "fit": "linear", 
        "value": 471.64998858670418
    }, 
    "Ar41": {
        "error": 0.098095587523520628, 
        "fit": "average_SEM", 
        "value": -0.36640211841505432
    }
}