{
    "Ar36": {
        "error": 0.0013730007447476877, 
        "fit": "linear", 
        "value": 0.0044615374181198059
    }, 
    "Ar37": {
        "error": 0.22485541912853582, 
        "fit": "linear", 
        "value": -0.1188920854028796
    }, 
    "Ar38": {
        "error": 0.12697576033499092, 
        "fit": "linear", 
        "value": 0.82874533669516126
    }, 
    "Ar39": {
        "error": 0.11328708850345048, 
        "fit": "linear", 
        "value": 98.149570933132409
    }, 
    "Ar40": {
        "error": 0.26984118067826512, 
        "fit": "linear", 
        "value": 784.97176377003848
    }, 
    "Ar41": {
        "error": 0.08397233701290438, 
        "fit": "average_SEM", 
        "value": -0.3525585980236936
    }
}