{
    "Ar36": {
        "error": 0.0022124179190811926, 
        "fit": "linear", 
        "value": 0.025761533363039667
    }, 
    "Ar37": {
        "error": 0.23221794180495953, 
        "fit": "linear", 
        "value": 1.383877679710503
    }, 
    "Ar38": {
        "error": 0.1166382495571828, 
        "fit": "linear", 
        "value": 1.5840595330312039
    }, 
    "Ar39": {
        "error": 0.13635971713406542, 
        "fit": "linear", 
        "value": 157.01649690731418
    }, 
    "Ar40": {
        "error": 0.36818460984004753, 
        "fit": "linear", 
        "value": 1299.7141725003798
    }, 
    "Ar41": {
        "error": 0.094007451902046638, 
        "fit": "average_SEM", 
        "value": -0.32049017999735141
    }
}