{
    "Ar36": {
        "error": 0.001406018479765489, 
        "fit": "linear", 
        "value": 0.003646502460552451
    }, 
    "Ar37": {
        "error": 0.26863436968694954, 
        "fit": "linear", 
        "value": 0.11713990747146397
    }, 
    "Ar38": {
        "error": 0.12323790414695603, 
        "fit": "linear", 
        "value": 1.1323040544470961
    }, 
    "Ar39": {
        "error": 0.11427233556739591, 
        "fit": "linear", 
        "value": 120.72717115659012
    }, 
    "Ar40": {
        "error": 0.36236505053253315, 
        "fit": "linear", 
        "value": 964.49481482320482
    }, 
    "Ar41": {
        "error": 0.089134108737642465, 
        "fit": "average_SEM", 
        "value": -0.32558289421974002
    }
}