{
    "Ar36": {
        "error": 0.001562304362378888, 
        "fit": "linear", 
        "value": 0.0066835515190442445
    }, 
    "Ar37": {
        "error": 0.23219172989324735, 
        "fit": "linear", 
        "value": 0.086236636801232558
    }, 
    "Ar38": {
        "error": 0.12084409680714288, 
        "fit": "linear", 
        "value": 1.1449506392951738
    }, 
    "Ar39": {
        "error": 0.12712989992374268, 
        "fit": "linear", 
        "value": 122.70580877292042
    }, 
    "Ar40": {
        "error": 0.325967153464987, 
        "fit": "linear", 
        "value": 979.46246370983636
    }, 
    "Ar41": {
        "error": 0.090946377637777603, 
        "fit": "average_SEM", 
        "value": -0.32240404816318863
    }
}