{
    "Ar36": {
        "error": 0.0012826247641513926, 
        "fit": "linear", 
        "value": 0.0046500174639314204
    }, 
    "Ar37": {
        "error": 0.22931014977428896, 
        "fit": "linear", 
        "value": -0.31450119308726648
    }, 
    "Ar38": {
        "error": 0.10817323470514753, 
        "fit": "linear", 
        "value": 0.52691291669337548
    }, 
    "Ar39": {
        "error": 0.10014825103115708, 
        "fit": "linear", 
        "value": 72.46791348934812
    }, 
    "Ar40": {
        "error": 0.27175949187124082, 
        "fit": "linear", 
        "value": 579.15244838291028
    }, 
    "Ar41": {
        "error": 0.08857795977743789, 
        "fit": "average_SEM", 
        "value": -0.31157754226655199
    }
}