{
    "Ar36": {
        "error": 0.001762824290528255, 
        "fit": "linear", 
        "value": 0.01129586133030306
    }, 
    "Ar37": {
        "error": 0.21987590744538466, 
        "fit": "linear", 
        "value": 0.15820405940525575
    }, 
    "Ar38": {
        "error": 0.11869541389871666, 
        "fit": "linear", 
        "value": 1.0494304103103302
    }, 
    "Ar39": {
        "error": 0.13350776408962842, 
        "fit": "linear", 
        "value": 119.77417502678827
    }, 
    "Ar40": {
        "error": 0.33175902281433678, 
        "fit": "linear", 
        "value": 959.37879033456875
    }, 
    "Ar41": {
        "error": 0.089660555644561934, 
        "fit": "average_SEM", 
        "value": -0.32422212254384469
    }
}