{
    "Ar36": {
        "error": 0.0059100533628617105, 
        "fit": "linear", 
        "value": 0.25064364258967065
    }, 
    "Ar37": {
        "error": 0.21031020677234377, 
        "fit": "linear", 
        "value": -0.00079002615712883868
    }, 
    "Ar38": {
        "error": 0.11003739781986792, 
        "fit": "linear", 
        "value": 0.80896009718481032
    }, 
    "Ar39": {
        "error": 0.1103048305751886, 
        "fit": "linear", 
        "value": 90.081876599841252
    }, 
    "Ar40": {
        "error": 0.33278894149490401, 
        "fit": "linear", 
        "value": 792.95182792257276
    }, 
    "Ar41": {
        "error": 0.10257004856745768, 
        "fit": "average_SEM", 
        "value": -0.31475395128644745
    }
}