{
    "Ar36": {
        "error": 0.0016107424011319775, 
        "fit": "linear", 
        "value": 0.010674800050478873
    }, 
    "Ar37": {
        "error": 0.23018333113265144, 
        "fit": "linear", 
        "value": 0.34670572890472706
    }, 
    "Ar38": {
        "error": 0.11562304297706907, 
        "fit": "linear", 
        "value": 1.8302001812965778
    }, 
    "Ar39": {
        "error": 0.14442024780201584, 
        "fit": "linear", 
        "value": 177.12019260709454
    }, 
    "Ar40": {
        "error": 0.4179341112039448, 
        "fit": "linear", 
        "value": 1412.7430018008845
    }, 
    "Ar41": {
        "error": 0.088824751775344185, 
        "fit": "average_SEM", 
        "value": -0.31747274449531065
    }
}