{
    "Ar36": {
        "error": 0.0014599189439280591, 
        "fit": "linear", 
        "value": 0.0060585215102820136
    }, 
    "Ar37": {
        "error": 0.23772138160017625, 
        "fit": "linear", 
        "value": -0.029916672443359812
    }, 
    "Ar38": {
        "error": 0.11954117966257354, 
        "fit": "linear", 
        "value": 1.3106211698406645
    }, 
    "Ar39": {
        "error": 0.11356001787027845, 
        "fit": "linear", 
        "value": 137.02479060002699
    }, 
    "Ar40": {
        "error": 0.37410327894257361, 
        "fit": "linear", 
        "value": 1093.6343292915446
    }, 
    "Ar41": {
        "error": 0.096449895178034858, 
        "fit": "average_SEM", 
        "value": -0.31914268133954871
    }
}