{
    "Ar36": {
        "error": 0.0016106885012011126, 
        "fit": "linear", 
        "value": 0.0092421058569545425
    }, 
    "Ar37": {
        "error": 0.23094991663997766, 
        "fit": "linear", 
        "value": 0.11054674367866542
    }, 
    "Ar38": {
        "error": 0.12591713340717114, 
        "fit": "linear", 
        "value": 1.2637381827698393
    }, 
    "Ar39": {
        "error": 0.12585619944677842, 
        "fit": "linear", 
        "value": 132.75819832313164
    }, 
    "Ar40": {
        "error": 0.36418645672327626, 
        "fit": "linear", 
        "value": 1058.3659387528669
    }, 
    "Ar41": {
        "error": 0.10233179342006193, 
        "fit": "average_SEM", 
        "value": -0.31307798691771249
    }
}