{
    "Ar36": {
        "error": 0.0022500767312346125, 
        "fit": "linear", 
        "value": 0.024289485916932696
    }, 
    "Ar37": {
        "error": 0.24843485710154697, 
        "fit": "linear", 
        "value": 0.37338658885581971
    }, 
    "Ar38": {
        "error": 0.12324576471335053, 
        "fit": "linear", 
        "value": 1.9210639685456705
    }, 
    "Ar39": {
        "error": 0.14432567183711026, 
        "fit": "linear", 
        "value": 180.98542655244523
    }, 
    "Ar40": {
        "error": 0.41290903867882683, 
        "fit": "linear", 
        "value": 1444.8884857240323
    }, 
    "Ar41": {
        "error": 0.10087020305668896, 
        "fit": "average_SEM", 
        "value": -0.30479875427895581
    }
}