{
    "Ar36": {
        "error": 0.0014770476470019548, 
        "fit": "linear", 
        "value": 0.0075704299173888828
    }, 
    "Ar37": {
        "error": 0.2610357388535689, 
        "fit": "linear", 
        "value": -0.16010727646695164
    }, 
    "Ar38": {
        "error": 0.10788893705770737, 
        "fit": "linear", 
        "value": 0.37903370955504789
    }, 
    "Ar39": {
        "error": 0.099935805809054506, 
        "fit": "linear", 
        "value": 59.363561052514711
    }, 
    "Ar40": {
        "error": 0.24629413298437433, 
        "fit": "linear", 
        "value": 472.05171536348786
    }, 
    "Ar41": {
        "error": 0.084746556831668846, 
        "fit": "average_SEM", 
        "value": -0.30767794838505436
    }
}