{
    "Ar36": {
        "error": 0.0015124895844940503, 
        "fit": "linear", 
        "value": 0.0092570196590428498
    }, 
    "Ar37": {
        "error": 0.24168323050736029, 
        "fit": "linear", 
        "value": 0.064790021406390549
    }, 
    "Ar38": {
        "error": 0.1133311599869703, 
        "fit": "linear", 
        "value": 0.88217768538530683
    }, 
    "Ar39": {
        "error": 0.12123933919836058, 
        "fit": "linear", 
        "value": 99.914126300679698
    }, 
    "Ar40": {
        "error": 0.33113636637952482, 
        "fit": "linear", 
        "value": 796.03843975186533
    }, 
    "Ar41": {
        "error": 0.081031592071095948, 
        "fit": "average_SEM", 
        "value": -0.3030366298856495
    }
}