{
    "Ar36": {
        "error": 0.0019032403044043562, 
        "fit": "linear", 
        "value": 0.013825109775875706
    }, 
    "Ar37": {
        "error": 0.23328117561484935, 
        "fit": "linear", 
        "value": -0.033352808726524699
    }, 
    "Ar38": {
        "error": 0.12412802650520507, 
        "fit": "linear", 
        "value": 0.965545798468047
    }, 
    "Ar39": {
        "error": 0.12266018012471563, 
        "fit": "linear", 
        "value": 107.31470673855871
    }, 
    "Ar40": {
        "error": 0.32075478617953146, 
        "fit": "linear", 
        "value": 856.01773855476574
    }, 
    "Ar41": {
        "error": 0.10299377821288046, 
        "fit": "average_SEM", 
        "value": -0.30037397613813138
    }
}