{
    "Ar36": {
        "error": 0.0016206094273160754, 
        "fit": "linear", 
        "value": 0.010344900845718447
    }, 
    "Ar37": {
        "error": 0.27633449094462642, 
        "fit": "linear", 
        "value": -0.13585164371909197
    }, 
    "Ar38": {
        "error": 0.11649681063355036, 
        "fit": "linear", 
        "value": 0.72430113511751881
    }, 
    "Ar39": {
        "error": 0.10954780474212553, 
        "fit": "linear", 
        "value": 82.957258695458094
    }, 
    "Ar40": {
        "error": 0.27044272913501183, 
        "fit": "linear", 
        "value": 660.54756163399168
    }, 
    "Ar41": {
        "error": 0.098892671584199163, 
        "fit": "average_SEM", 
        "value": -0.30704582792142748
    }
}