{
    "Ar36": {
        "error": 0.0013647228996198331, 
        "fit": "linear", 
        "value": 0.0057339880240242207
    }, 
    "Ar37": {
        "error": 0.2504910723794388, 
        "fit": "linear", 
        "value": 0.063018938277402417
    }, 
    "Ar38": {
        "error": 0.11421358334318416, 
        "fit": "linear", 
        "value": 1.1311740511816604
    }, 
    "Ar39": {
        "error": 0.13218383484693438, 
        "fit": "linear", 
        "value": 119.50999317175182
    }, 
    "Ar40": {
        "error": 0.33068959811940368, 
        "fit": "linear", 
        "value": 946.75771757846337
    }, 
    "Ar41": {
        "error": 0.1006702316993718, 
        "fit": "average_SEM", 
        "value": -0.30380324982888213
    }
}