{
    "Ar36": {
        "error": 0.0016812332547051984, 
        "fit": "linear", 
        "value": 0.011628258494352492
    }, 
    "Ar37": {
        "error": 0.24273275402066713, 
        "fit": "linear", 
        "value": 0.17498171833906628
    }, 
    "Ar38": {
        "error": 0.11377060730059312, 
        "fit": "linear", 
        "value": 1.279765172051031
    }, 
    "Ar39": {
        "error": 0.12309759728048598, 
        "fit": "linear", 
        "value": 129.05053795628831
    }, 
    "Ar40": {
        "error": 0.32600285401178697, 
        "fit": "linear", 
        "value": 1023.617140698545
    }, 
    "Ar41": {
        "error": 0.10456177074234724, 
        "fit": "average_SEM", 
        "value": -0.30830185891014256
    }
}