{
    "Ar36": {
        "error": 0.0017249108396226013, 
        "fit": "linear", 
        "value": 0.010306019066983571
    }, 
    "Ar37": {
        "error": 0.23115324505258328, 
        "fit": "linear", 
        "value": 0.036358069807381724
    }, 
    "Ar38": {
        "error": 0.11388196683938137, 
        "fit": "linear", 
        "value": 1.2773006830595708
    }, 
    "Ar39": {
        "error": 0.1384980927757388, 
        "fit": "linear", 
        "value": 129.43196084225966
    }, 
    "Ar40": {
        "error": 0.35064292762670279, 
        "fit": "linear", 
        "value": 1027.6031841709962
    }, 
    "Ar41": {
        "error": 0.095082026947650153, 
        "fit": "average_SEM", 
        "value": -0.30827964333624674
    }
}