{
    "Ar36": {
        "error": 0.0016188358430336215, 
        "fit": "linear", 
        "value": 0.010976498331850798
    }, 
    "Ar37": {
        "error": 0.24580785864286042, 
        "fit": "linear", 
        "value": -0.21990916180090253
    }, 
    "Ar38": {
        "error": 0.11181538771668913, 
        "fit": "linear", 
        "value": 0.37124274334102247
    }, 
    "Ar39": {
        "error": 0.093267863157819528, 
        "fit": "linear", 
        "value": 58.545527777441805
    }, 
    "Ar40": {
        "error": 0.2469693425349859, 
        "fit": "linear", 
        "value": 465.66750798689878
    }, 
    "Ar41": {
        "error": 0.10684132752103986, 
        "fit": "average_SEM", 
        "value": -0.30733591950145261
    }
}