{
    "Ar36": {
        "error": 0.0016660809303688533, 
        "fit": "linear", 
        "value": 0.012084663668428978
    }, 
    "Ar37": {
        "error": 0.23507506556817004, 
        "fit": "linear", 
        "value": -0.32568160149678699
    }, 
    "Ar38": {
        "error": 0.12648943762007114, 
        "fit": "linear", 
        "value": 0.25021514151638591
    }, 
    "Ar39": {
        "error": 0.082947255260437211, 
        "fit": "linear", 
        "value": 46.679662062960652
    }, 
    "Ar40": {
        "error": 0.20707619762677243, 
        "fit": "linear", 
        "value": 372.31026722149596
    }, 
    "Ar41": {
        "error": 0.091850302028613884, 
        "fit": "average_SEM", 
        "value": -0.29569426365196705
    }
}