{
    "Ar36": {
        "error": 0.0017881133068779452, 
        "fit": "linear", 
        "value": 0.010577307849772793
    }, 
    "Ar37": {
        "error": 0.25123764125408538, 
        "fit": "linear", 
        "value": 0.14666070205516055
    }, 
    "Ar38": {
        "error": 0.11563906163929717, 
        "fit": "linear", 
        "value": 1.6122695934408542
    }, 
    "Ar39": {
        "error": 0.13260519851901306, 
        "fit": "linear", 
        "value": 153.55725493646295
    }, 
    "Ar40": {
        "error": 0.38585567815559935, 
        "fit": "linear", 
        "value": 1219.8151502877108
    }, 
    "Ar41": {
        "error": 0.093932228124690209, 
        "fit": "average_SEM", 
        "value": -0.28113076812587678
    }
}