{
    "Ar36": {
        "error": 0.0015932803431107007, 
        "fit": "linear", 
        "value": 0.0095072908879283644
    }, 
    "Ar37": {
        "error": 0.2470869596318018, 
        "fit": "linear", 
        "value": -0.18767806752586538
    }, 
    "Ar38": {
        "error": 0.12622894299500803, 
        "fit": "linear", 
        "value": 0.56003071586232911
    }, 
    "Ar39": {
        "error": 0.094216504465900922, 
        "fit": "linear", 
        "value": 69.228016533109226
    }, 
    "Ar40": {
        "error": 0.23765537270505538, 
        "fit": "linear", 
        "value": 561.03255060683034
    }, 
    "Ar41": {
        "error": 0.09314146293733748, 
        "fit": "average_SEM", 
        "value": -0.31056780290479463
    }
}