{
    "Ar36": {
        "error": 0.0012349606525566695, 
        "fit": "linear", 
        "value": 0.0057684582209110132
    }, 
    "Ar37": {
        "error": 0.24878604810642763, 
        "fit": "linear", 
        "value": -0.27090088019896968
    }, 
    "Ar38": {
        "error": 0.11203276048992483, 
        "fit": "linear", 
        "value": -0.080820679503104634
    }, 
    "Ar39": {
        "error": 0.082311660482596319, 
        "fit": "linear", 
        "value": 22.629934898465891
    }, 
    "Ar40": {
        "error": 0.15658821235045173, 
        "fit": "linear", 
        "value": 180.57672295198915
    }, 
    "Ar41": {
        "error": 0.096037656828263443, 
        "fit": "average_SEM", 
        "value": -0.29972923795382184
    }
}