{
    "Ar36": {
        "error": 0.0014734590493123609, 
        "fit": "linear", 
        "value": 0.0064156785926167085
    }, 
    "Ar37": {
        "error": 0.23336706788561765, 
        "fit": "linear", 
        "value": -0.070188016889568702
    }, 
    "Ar38": {
        "error": 0.12628716368513376, 
        "fit": "linear", 
        "value": 0.94265905999040744
    }, 
    "Ar39": {
        "error": 0.11878940904729006, 
        "fit": "linear", 
        "value": 103.49136069270608
    }, 
    "Ar40": {
        "error": 0.29911168784392261, 
        "fit": "linear", 
        "value": 821.08797545114589
    }, 
    "Ar41": {
        "error": 0.091562987475146393, 
        "fit": "average_SEM", 
        "value": -0.29336985693096296
    }
}