{
    "Ar36": {
        "error": 0.0015165049176711464, 
        "fit": "linear", 
        "value": 0.006000961898390565
    }, 
    "Ar37": {
        "error": 0.25999455859834697, 
        "fit": "linear", 
        "value": 0.036424762113725563
    }, 
    "Ar38": {
        "error": 0.11478651906478585, 
        "fit": "linear", 
        "value": 1.0311397344270552
    }, 
    "Ar39": {
        "error": 0.11768695254673261, 
        "fit": "linear", 
        "value": 107.36837407238221
    }, 
    "Ar40": {
        "error": 0.34536961557577051, 
        "fit": "linear", 
        "value": 854.4586485171335
    }, 
    "Ar41": {
        "error": 0.10555639818535877, 
        "fit": "average_SEM", 
        "value": -0.31676316394888121
    }
}