{
    "Ar36": {
        "error": 0.0014600965416886292, 
        "fit": "linear", 
        "value": 0.0080439512768916508
    }, 
    "Ar37": {
        "error": 0.26462815063840472, 
        "fit": "linear", 
        "value": -0.067915945128317085
    }, 
    "Ar38": {
        "error": 0.13048630563317012, 
        "fit": "linear", 
        "value": 0.85677952261019974
    }, 
    "Ar39": {
        "error": 0.11414823958228464, 
        "fit": "linear", 
        "value": 94.256434268359683
    }, 
    "Ar40": {
        "error": 0.3087103814655317, 
        "fit": "linear", 
        "value": 751.113420956656
    }, 
    "Ar41": {
        "error": 0.11015954743310412, 
        "fit": "average_SEM", 
        "value": -0.2997583110038548
    }
}