{
    "Ar36": {
        "error": 0.0012092577780984542, 
        "fit": "linear", 
        "value": 0.0063609057170275918
    }, 
    "Ar37": {
        "error": 0.24210113128531074, 
        "fit": "linear", 
        "value": 0.078762422789401501
    }, 
    "Ar38": {
        "error": 0.11666968480844429, 
        "fit": "linear", 
        "value": 0.84614801535703876
    }, 
    "Ar39": {
        "error": 0.11736110488305344, 
        "fit": "linear", 
        "value": 92.777427404299658
    }, 
    "Ar40": {
        "error": 0.32450671997511477, 
        "fit": "linear", 
        "value": 739.90707173366422
    }, 
    "Ar41": {
        "error": 0.094102498909249682, 
        "fit": "average_SEM", 
        "value": -0.29956206157278847
    }
}