{
    "Ar36": {
        "error": 0.0013552123767074707, 
        "fit": "linear", 
        "value": 0.0050125992636549342
    }, 
    "Ar37": {
        "error": 0.2431354720193929, 
        "fit": "linear", 
        "value": -0.26399080714967016
    }, 
    "Ar38": {
        "error": 0.11808827236397955, 
        "fit": "linear", 
        "value": 0.098350743903261789
    }, 
    "Ar39": {
        "error": 0.086150922352813811, 
        "fit": "linear", 
        "value": 36.536497549896623
    }, 
    "Ar40": {
        "error": 0.20781676566979512, 
        "fit": "linear", 
        "value": 292.13868635141648
    }, 
    "Ar41": {
        "error": 0.092581939701900692, 
        "fit": "average_SEM", 
        "value": -0.30620616320129873
    }
}