{
    "Ar36": {
        "error": 0.0016056653758962211, 
        "fit": "linear", 
        "value": 0.008582714871494642
    }, 
    "Ar37": {
        "error": 0.27276475956595397, 
        "fit": "linear", 
        "value": 0.39537383772086665
    }, 
    "Ar38": {
        "error": 0.12088813247080503, 
        "fit": "linear", 
        "value": 1.5608194409682743
    }, 
    "Ar39": {
        "error": 0.12650709481031125, 
        "fit": "linear", 
        "value": 150.76120760145588
    }, 
    "Ar40": {
        "error": 0.39736027136336871, 
        "fit": "linear", 
        "value": 1203.2106392233884
    }, 
    "Ar41": {
        "error": 0.090702196613987679, 
        "fit": "average_SEM", 
        "value": -0.31734803563856578
    }
}