{
    "Ar36": {
        "error": 0.0015516823003796584, 
        "fit": "linear", 
        "value": 0.0071593446557433786
    }, 
    "Ar37": {
        "error": 0.25326429683454815, 
        "fit": "linear", 
        "value": -0.07096128857933956
    }, 
    "Ar38": {
        "error": 0.11100124946604896, 
        "fit": "linear", 
        "value": 0.80452833831996462
    }, 
    "Ar39": {
        "error": 0.11445091830107841, 
        "fit": "linear", 
        "value": 91.524053814279426
    }, 
    "Ar40": {
        "error": 0.27657118524479207, 
        "fit": "linear", 
        "value": 729.42602543169153
    }, 
    "Ar41": {
        "error": 0.10091556494032075, 
        "fit": "average_SEM", 
        "value": -0.3078594094218865
    }
}