{
    "Ar36": {
        "error": 0.0017037586550587161, 
        "fit": "linear", 
        "value": 0.0093195135990422895
    }, 
    "Ar37": {
        "error": 0.26709853800306399, 
        "fit": "linear", 
        "value": 0.34298074239077148
    }, 
    "Ar38": {
        "error": 0.1190180073674907, 
        "fit": "linear", 
        "value": 1.2057012716400854
    }, 
    "Ar39": {
        "error": 0.10773275278333302, 
        "fit": "linear", 
        "value": 122.28030795276379
    }, 
    "Ar40": {
        "error": 0.35873925245016647, 
        "fit": "linear", 
        "value": 975.48089027945093
    }, 
    "Ar41": {
        "error": 0.11444525365401439, 
        "fit": "average_SEM", 
        "value": -0.30825186024109524
    }
}