{
    "Ar36": {
        "error": 0.0016286942111502483, 
        "fit": "linear", 
        "value": 0.0094404905785532758
    }, 
    "Ar37": {
        "error": 0.24215431005645668, 
        "fit": "linear", 
        "value": -0.014048337039407638
    }, 
    "Ar38": {
        "error": 0.11480234340950105, 
        "fit": "linear", 
        "value": 1.1208183167023003
    }, 
    "Ar39": {
        "error": 0.11502712033094824, 
        "fit": "linear", 
        "value": 116.76450715040036
    }, 
    "Ar40": {
        "error": 0.34148806540800736, 
        "fit": "linear", 
        "value": 932.82168548286018
    }, 
    "Ar41": {
        "error": 0.090635690089653886, 
        "fit": "average_SEM", 
        "value": -0.28842813429133646
    }
}