{
    "Ar36": {
        "error": 0.0016528725279803523, 
        "fit": "linear", 
        "value": 0.011158134002993376
    }, 
    "Ar37": {
        "error": 0.27342168106381881, 
        "fit": "linear", 
        "value": -0.069153327939288328
    }, 
    "Ar38": {
        "error": 0.11104534431711538, 
        "fit": "linear", 
        "value": 0.3256932965856103
    }, 
    "Ar39": {
        "error": 0.089972096008594349, 
        "fit": "linear", 
        "value": 53.648807840840526
    }, 
    "Ar40": {
        "error": 0.24000872916101607, 
        "fit": "linear", 
        "value": 429.47028176260039
    }, 
    "Ar41": {
        "error": 0.10045464369528648, 
        "fit": "average_SEM", 
        "value": -0.32376774805946412
    }
}