{
    "Ar36": {
        "error": 0.0014186149826122512, 
        "fit": "linear", 
        "value": 0.0064673035930885078
    }, 
    "Ar37": {
        "error": 0.25337295654519709, 
        "fit": "linear", 
        "value": -0.28068060101257969
    }, 
    "Ar38": {
        "error": 0.11531710571617307, 
        "fit": "linear", 
        "value": 0.38648447810777853
    }, 
    "Ar39": {
        "error": 0.092911259164364643, 
        "fit": "linear", 
        "value": 58.159901623562007
    }, 
    "Ar40": {
        "error": 0.22539684343416286, 
        "fit": "linear", 
        "value": 463.63895150237852
    }, 
    "Ar41": {
        "error": 0.088226162582293974, 
        "fit": "average_SEM", 
        "value": -0.32558465934005276
    }
}