{
    "Ar36": {
        "error": 0.001620232905683172, 
        "fit": "linear", 
        "value": 0.014542397435306213
    }, 
    "Ar37": {
        "error": 0.26635808289478996, 
        "fit": "linear", 
        "value": 0.09705112054713208
    }, 
    "Ar38": {
        "error": 0.12238862617185038, 
        "fit": "linear", 
        "value": 0.70323201102120425
    }, 
    "Ar39": {
        "error": 0.11441063209970419, 
        "fit": "linear", 
        "value": 83.367156060884298
    }, 
    "Ar40": {
        "error": 0.2852313978511733, 
        "fit": "linear", 
        "value": 667.03649443235872
    }, 
    "Ar41": {
        "error": 0.095498969324598906, 
        "fit": "average_SEM", 
        "value": -0.31202498854665489
    }
}