{
    "Ar36": {
        "error": 0.0014401071429313861, 
        "fit": "linear", 
        "value": 0.0062715869223708013
    }, 
    "Ar37": {
        "error": 0.25707030707178735, 
        "fit": "linear", 
        "value": 0.10658740887606724
    }, 
    "Ar38": {
        "error": 0.12094556219334557, 
        "fit": "linear", 
        "value": 0.99543356261733518
    }, 
    "Ar39": {
        "error": 0.12465807375891333, 
        "fit": "linear", 
        "value": 108.3428291278492
    }, 
    "Ar40": {
        "error": 0.31118778985679973, 
        "fit": "linear", 
        "value": 862.43891461678618
    }, 
    "Ar41": {
        "error": 0.10556921575006824, 
        "fit": "average_SEM", 
        "value": -0.2974872789763171
    }
}