{
    "Ar36": {
        "error": 0.0017786518698003505, 
        "fit": "linear", 
        "value": 0.013321873831221022
    }, 
    "Ar37": {
        "error": 0.25022588847175287, 
        "fit": "linear", 
        "value": -0.17191948891074821
    }, 
    "Ar38": {
        "error": 0.1138015731787881, 
        "fit": "linear", 
        "value": 0.30894437410579395
    }, 
    "Ar39": {
        "error": 0.097980366947585815, 
        "fit": "linear", 
        "value": 51.510043869099292
    }, 
    "Ar40": {
        "error": 0.2405873058890606, 
        "fit": "linear", 
        "value": 413.19913577036709
    }, 
    "Ar41": {
        "error": 0.1080401471223259, 
        "fit": "average_SEM", 
        "value": -0.32702897761402461
    }
}