{
    "Ar36": {
        "error": 0.0015960139614314326, 
        "fit": "linear", 
        "value": 0.0098769894948442342
    }, 
    "Ar37": {
        "error": 0.28368622310650504, 
        "fit": "linear", 
        "value": 0.10580594966442294
    }, 
    "Ar38": {
        "error": 0.10603166282463722, 
        "fit": "linear", 
        "value": 1.2056261420473446
    }, 
    "Ar39": {
        "error": 0.11571977534354642, 
        "fit": "linear", 
        "value": 120.36952653181901
    }, 
    "Ar40": {
        "error": 0.33298749360004454, 
        "fit": "linear", 
        "value": 958.21561040858489
    }, 
    "Ar41": {
        "error": 0.10065596091710936, 
        "fit": "average_SEM", 
        "value": -0.30953283253414876
    }
}