{
    "Ar36": {
        "error": 0.0020864934173246866, 
        "fit": "linear", 
        "value": 0.017839669571530839
    }, 
    "Ar37": {
        "error": 0.23814611863493745, 
        "fit": "linear", 
        "value": 0.32672246177201758
    }, 
    "Ar38": {
        "error": 0.13463621947398899, 
        "fit": "linear", 
        "value": 1.5527661091973579
    }, 
    "Ar39": {
        "error": 0.13181244214436627, 
        "fit": "linear", 
        "value": 152.90412201105806
    }, 
    "Ar40": {
        "error": 0.33563031859117487, 
        "fit": "linear", 
        "value": 1217.4664803034184
    }, 
    "Ar41": {
        "error": 0.10462142243013171, 
        "fit": "average_SEM", 
        "value": -0.29702332372568091
    }
}