{
    "Ar36": {
        "error": 0.0027425770618620436, 
        "fit": "linear", 
        "value": 0.039210882622975028
    }, 
    "Ar37": {
        "error": 0.25134468256421866, 
        "fit": "linear", 
        "value": 0.30587791025611588
    }, 
    "Ar38": {
        "error": 0.14156817356791715, 
        "fit": "linear", 
        "value": 1.8091333991790137
    }, 
    "Ar39": {
        "error": 0.12958237436732617, 
        "fit": "linear", 
        "value": 170.41716099837544
    }, 
    "Ar40": {
        "error": 0.38235166636064655, 
        "fit": "linear", 
        "value": 1362.0960483292379
    }, 
    "Ar41": {
        "error": 0.1032784855554663, 
        "fit": "average_SEM", 
        "value": -0.30261833494943047
    }
}