{
    "Ar36": {
        "error": 0.0018280821795545138, 
        "fit": "linear", 
        "value": 0.012829884632355799
    }, 
    "Ar37": {
        "error": 0.23646979101780574, 
        "fit": "linear", 
        "value": 0.083555082604717626
    }, 
    "Ar38": {
        "error": 0.11878860696256149, 
        "fit": "linear", 
        "value": 0.95019557911749297
    }, 
    "Ar39": {
        "error": 0.11706888467567299, 
        "fit": "linear", 
        "value": 103.90531304579645
    }, 
    "Ar40": {
        "error": 0.30707289540489208, 
        "fit": "linear", 
        "value": 827.84935387858354
    }, 
    "Ar41": {
        "error": 0.095771514464783991, 
        "fit": "average_SEM", 
        "value": -0.3172404560404764
    }
}