{
    "Ar36": {
        "error": 0.0013950141158897713, 
        "fit": "linear", 
        "value": 0.0057694940799019063
    }, 
    "Ar37": {
        "error": 0.24629461235822286, 
        "fit": "linear", 
        "value": 0.005972384356880479
    }, 
    "Ar38": {
        "error": 0.12929821364984487, 
        "fit": "linear", 
        "value": 0.48437867048577021
    }, 
    "Ar39": {
        "error": 0.10524394745241768, 
        "fit": "linear", 
        "value": 63.991961322279224
    }, 
    "Ar40": {
        "error": 0.23254386033925664, 
        "fit": "linear", 
        "value": 508.18820639341607
    }, 
    "Ar41": {
        "error": 0.09891214482419268, 
        "fit": "average_SEM", 
        "value": -0.29801888725099462
    }
}