{
    "Ar36": {
        "error": 0.0013516420666932457, 
        "fit": "linear", 
        "value": 0.0081900597259129439
    }, 
    "Ar37": {
        "error": 0.25795443426133896, 
        "fit": "linear", 
        "value": -0.20895382277550636
    }, 
    "Ar38": {
        "error": 0.12003154850426444, 
        "fit": "linear", 
        "value": 0.12359863765112224
    }, 
    "Ar39": {
        "error": 0.083582821390019102, 
        "fit": "linear", 
        "value": 34.402409554257495
    }, 
    "Ar40": {
        "error": 0.19904147249701301, 
        "fit": "linear", 
        "value": 274.12154776758064
    }, 
    "Ar41": {
        "error": 0.10239240979028202, 
        "fit": "average_SEM", 
        "value": -0.29512582609911897
    }
}