{
    "Ar36": {
        "error": 0.0015862568108293983, 
        "fit": "linear", 
        "value": 0.0075090192116425668
    }, 
    "Ar37": {
        "error": 0.23492168637587682, 
        "fit": "linear", 
        "value": 0.067232022966478192
    }, 
    "Ar38": {
        "error": 0.12503873426751652, 
        "fit": "linear", 
        "value": 1.1792880806750174
    }, 
    "Ar39": {
        "error": 0.13574379700546346, 
        "fit": "linear", 
        "value": 122.73010449145019
    }, 
    "Ar40": {
        "error": 0.38535919449990214, 
        "fit": "linear", 
        "value": 971.74329950784079
    }, 
    "Ar41": {
        "error": 0.085765509894513273, 
        "fit": "average_SEM", 
        "value": -0.27985394144287479
    }
}