{
    "Ar36": {
        "error": 0.0012867913324903456, 
        "fit": "linear", 
        "value": 0.007410638438981371
    }, 
    "Ar37": {
        "error": 0.25472787855489215, 
        "fit": "linear", 
        "value": -0.2157886292516705
    }, 
    "Ar38": {
        "error": 0.10843096828075731, 
        "fit": "linear", 
        "value": 0.19842012156837313
    }, 
    "Ar39": {
        "error": 0.078759800366586086, 
        "fit": "linear", 
        "value": 41.225131075037083
    }, 
    "Ar40": {
        "error": 0.19470044007297607, 
        "fit": "linear", 
        "value": 327.84960898381041
    }, 
    "Ar41": {
        "error": 0.098872161392814739, 
        "fit": "average_SEM", 
        "value": -0.3025647760498234
    }
}