{
    "Ar36": {
        "error": 0.0017399844743336899, 
        "fit": "linear", 
        "value": 0.015622179361228443
    }, 
    "Ar37": {
        "error": 0.25848155790072819, 
        "fit": "linear", 
        "value": 0.067775036287687204
    }, 
    "Ar38": {
        "error": 0.12240161270548075, 
        "fit": "linear", 
        "value": 1.0692456519126969
    }, 
    "Ar39": {
        "error": 0.11532189746991908, 
        "fit": "linear", 
        "value": 110.07108923798739
    }, 
    "Ar40": {
        "error": 0.32218588351139354, 
        "fit": "linear", 
        "value": 874.68377676054888
    }, 
    "Ar41": {
        "error": 0.091496388181842053, 
        "fit": "average_SEM", 
        "value": -0.27423731153572184
    }
}