{
    "Ar36": {
        "error": 0.0015976344859365778, 
        "fit": "parabolic", 
        "value": 0.011088460012369284
    }, 
    "Ar37": {
        "error": 0.13055562128359105, 
        "fit": "linear", 
        "value": 0.549377882750818
    }, 
    "Ar38": {
        "error": 0.29607576840584254, 
        "fit": "linear", 
        "value": 1.6088262253816679
    }, 
    "Ar39": {
        "error": 0.11221790486175343, 
        "fit": "parabolic", 
        "value": 120.72262736620061
    }, 
    "Ar40": {
        "error": 0.39395261787082297, 
        "fit": "parabolic", 
        "value": 960.04966807586788
    }, 
    "Ar41": {
        "error": 0.1288214087028324, 
        "fit": "average_SEM", 
        "value": -0.035685592823720073
    }
}