{
    "Ar36": {
        "error": 0.0017777117034991471, 
        "fit": "parabolic", 
        "value": 0.012818783671655776
    }, 
    "Ar37": {
        "error": 0.12352570054160426, 
        "fit": "linear", 
        "value": 1.0843649434187008
    }, 
    "Ar38": {
        "error": 0.27444085897526643, 
        "fit": "linear", 
        "value": 4.1706455568149341
    }, 
    "Ar39": {
        "error": 0.16435384573851511, 
        "fit": "parabolic", 
        "value": 303.80981573406302
    }, 
    "Ar40": {
        "error": 0.59649651433349615, 
        "fit": "parabolic", 
        "value": 2413.0605743672404
    }, 
    "Ar41": {
        "error": 0.11850714127989416, 
        "fit": "average_SEM", 
        "value": 0.0033428480155271246
    }
}