{
    "Ar36": {
        "error": 0.0015715719982322303, 
        "fit": "parabolic", 
        "value": 0.0082901371590738838
    }, 
    "Ar37": {
        "error": 0.12820368803962021, 
        "fit": "linear", 
        "value": 0.79733355010418261
    }, 
    "Ar38": {
        "error": 0.26899981938195, 
        "fit": "linear", 
        "value": 2.8669243696540292
    }, 
    "Ar39": {
        "error": 0.13354221182944048, 
        "fit": "parabolic", 
        "value": 199.03566336224492
    }, 
    "Ar40": {
        "error": 0.49630844543703567, 
        "fit": "parabolic", 
        "value": 1584.4282733944219
    }, 
    "Ar41": {
        "error": 0.11064634478744574, 
        "fit": "average_SEM", 
        "value": -0.024478850905506989
    }
}