{
    "Ar36": {
        "error": 0.0015227445342761113, 
        "fit": "parabolic", 
        "value": 0.00892799540708945
    }, 
    "Ar37": {
        "error": 0.12520798101359684, 
        "fit": "linear", 
        "value": 0.62926512656093347
    }, 
    "Ar38": {
        "error": 0.23500239289034566, 
        "fit": "linear", 
        "value": 2.0711958341039698
    }, 
    "Ar39": {
        "error": 0.12137723305783844, 
        "fit": "parabolic", 
        "value": 149.23753051918862
    }, 
    "Ar40": {
        "error": 0.42925910797044398, 
        "fit": "parabolic", 
        "value": 1189.7648728651261
    }, 
    "Ar41": {
        "error": 0.12940220813164366, 
        "fit": "average_SEM", 
        "value": 0.15002662053500898
    }
}