{
    "Ar36": {
        "error": 0.0014637671002728793, 
        "fit": "parabolic", 
        "value": 0.0061819221010296146
    }, 
    "Ar37": {
        "error": 0.13516287752924283, 
        "fit": "linear", 
        "value": 0.49565591690728106
    }, 
    "Ar38": {
        "error": 0.2407476746302063, 
        "fit": "linear", 
        "value": 1.3238436411975045
    }, 
    "Ar39": {
        "error": 0.11578398272860918, 
        "fit": "parabolic", 
        "value": 102.63515105428357
    }, 
    "Ar40": {
        "error": 0.34406768926854941, 
        "fit": "parabolic", 
        "value": 817.75112017557558
    }, 
    "Ar41": {
        "error": 0.1207637460425421, 
        "fit": "average_SEM", 
        "value": -0.034244442881754364
    }
}