{
    "Ar36": {
        "error": 0.001282055498339779, 
        "fit": "parabolic", 
        "value": 0.0045111774170834232
    }, 
    "Ar37": {
        "error": 0.12437053640335387, 
        "fit": "linear", 
        "value": 0.55478780932863692
    }, 
    "Ar38": {
        "error": 0.2818771963149283, 
        "fit": "linear", 
        "value": 1.6470487795984243
    }, 
    "Ar39": {
        "error": 0.11340144503872725, 
        "fit": "parabolic", 
        "value": 121.44810082431914
    }, 
    "Ar40": {
        "error": 0.39845522191048333, 
        "fit": "parabolic", 
        "value": 968.7628309179936
    }, 
    "Ar41": {
        "error": 0.12977458030627281, 
        "fit": "average_SEM", 
        "value": -0.046326839675057269
    }
}