{
    "Ar36": {
        "error": 0.0014997651049012319, 
        "fit": "parabolic", 
        "value": 0.0057733992609536686
    }, 
    "Ar37": {
        "error": 0.12817645529241684, 
        "fit": "linear", 
        "value": 0.84403525330088891
    }, 
    "Ar38": {
        "error": 0.26466059036850276, 
        "fit": "linear", 
        "value": 2.9314015252597585
    }, 
    "Ar39": {
        "error": 0.14617364604197344, 
        "fit": "parabolic", 
        "value": 227.38558224028617
    }, 
    "Ar40": {
        "error": 0.54357401803579874, 
        "fit": "parabolic", 
        "value": 1809.6725713528326
    }, 
    "Ar41": {
        "error": 0.12647645971212235, 
        "fit": "average_SEM", 
        "value": -0.025928254267928424
    }
}