{
    "Ar36": {
        "error": 0.0019711595342587493, 
        "fit": "parabolic", 
        "value": 0.018411226124706075
    }, 
    "Ar37": {
        "error": 0.13157597758312381, 
        "fit": "linear", 
        "value": 0.85196147912162146
    }, 
    "Ar38": {
        "error": 0.26445041989064622, 
        "fit": "linear", 
        "value": 2.7313444456680855
    }, 
    "Ar39": {
        "error": 0.13038436567824696, 
        "fit": "parabolic", 
        "value": 199.99899926174993
    }, 
    "Ar40": {
        "error": 0.49656158455867594, 
        "fit": "parabolic", 
        "value": 1597.3927907356774
    }, 
    "Ar41": {
        "error": 0.12036708745064327, 
        "fit": "average_SEM", 
        "value": -0.020189903334467088
    }
}