{
    "Ar36": {
        "error": 0.0015996811644780715, 
        "fit": "parabolic", 
        "value": 0.0092141357894366636
    }, 
    "Ar37": {
        "error": 0.13312593648286594, 
        "fit": "linear", 
        "value": 0.87839400097169207
    }, 
    "Ar38": {
        "error": 0.23805387921073126, 
        "fit": "linear", 
        "value": 3.2179332967867622
    }, 
    "Ar39": {
        "error": 0.1551395868600644, 
        "fit": "parabolic", 
        "value": 251.21306975852769
    }, 
    "Ar40": {
        "error": 0.55374509061116706, 
        "fit": "parabolic", 
        "value": 2006.8803578020807
    }, 
    "Ar41": {
        "error": 0.12766965570418873, 
        "fit": "average_SEM", 
        "value": -0.01110497669178585
    }
}