{
    "Ar36": {
        "error": 0.0019187971693300908, 
        "fit": "parabolic", 
        "value": 0.01236084947177851
    }, 
    "Ar37": {
        "error": 0.13191814251090059, 
        "fit": "linear", 
        "value": 0.65781032383966331
    }, 
    "Ar38": {
        "error": 0.2366609327526164, 
        "fit": "linear", 
        "value": 2.0891382235450453
    }, 
    "Ar39": {
        "error": 0.12132687345062411, 
        "fit": "parabolic", 
        "value": 149.96180327480619
    }, 
    "Ar40": {
        "error": 0.43921328138368471, 
        "fit": "parabolic", 
        "value": 1200.134888739206
    }, 
    "Ar41": {
        "error": 0.12301243241439805, 
        "fit": "average_SEM", 
        "value": -0.036866511686748711
    }
}