{
    "Ar36": {
        "error": 0.0026627939245403615, 
        "fit": "parabolic", 
        "value": 0.04223394452923647
    }, 
    "Ar37": {
        "error": 0.12447160859105143, 
        "fit": "linear", 
        "value": 0.39528843310234796
    }, 
    "Ar38": {
        "error": 0.26092283353614626, 
        "fit": "linear", 
        "value": 0.95502978557486862
    }, 
    "Ar39": {
        "error": 0.090129252434259496, 
        "fit": "parabolic", 
        "value": 67.207364203258066
    }, 
    "Ar40": {
        "error": 0.2934971302470899, 
        "fit": "parabolic", 
        "value": 549.23269659175935
    }, 
    "Ar41": {
        "error": 0.12831291091214345, 
        "fit": "average_SEM", 
        "value": -0.048003527135097104
    }
}