{
    "Ar36": {
        "error": 0.0021456548377256188, 
        "fit": "parabolic", 
        "value": 0.021793198481401876
    }, 
    "Ar37": {
        "error": 0.13115974533761901, 
        "fit": "linear", 
        "value": 0.94432365903283055
    }, 
    "Ar38": {
        "error": 0.25602221576034895, 
        "fit": "linear", 
        "value": 3.3157097655811256
    }, 
    "Ar39": {
        "error": 0.15336083955809823, 
        "fit": "parabolic", 
        "value": 259.45809031342446
    }, 
    "Ar40": {
        "error": 0.57857271889557793, 
        "fit": "parabolic", 
        "value": 2078.2043503205464
    }, 
    "Ar41": {
        "error": 0.13163508468557805, 
        "fit": "average_SEM", 
        "value": -0.010800678950618021
    }
}