{
    "Ar36": {
        "error": 0.002002017835680949, 
        "fit": "parabolic", 
        "value": 0.012539373173234069
    }, 
    "Ar37": {
        "error": 0.13624170603265059, 
        "fit": "linear", 
        "value": 1.3138510494838789
    }, 
    "Ar38": {
        "error": 0.22519664389370242, 
        "fit": "linear", 
        "value": 5.3612437200955299
    }, 
    "Ar39": {
        "error": 0.20009842140560388, 
        "fit": "parabolic", 
        "value": 421.24182684333778
    }, 
    "Ar40": {
        "error": 0.71217762191824663, 
        "fit": "parabolic", 
        "value": 3370.70778199797
    }, 
    "Ar41": {
        "error": 0.12642768132724139, 
        "fit": "average_SEM", 
        "value": 0.0035033132661919809
    }
}