{
    "Ar36": {
        "error": 0.001744630318154217, 
        "fit": "parabolic", 
        "value": 0.010638525006911355
    }, 
    "Ar37": {
        "error": 0.12658492852564232, 
        "fit": "linear", 
        "value": 1.0143275386355086
    }, 
    "Ar38": {
        "error": 0.20676973962952219, 
        "fit": "linear", 
        "value": 3.1493919155635641
    }, 
    "Ar39": {
        "error": 0.13900573886203865, 
        "fit": "parabolic", 
        "value": 245.93023308059594
    }, 
    "Ar40": {
        "error": 0.58694089465434107, 
        "fit": "parabolic", 
        "value": 1968.5041531271227
    }, 
    "Ar41": {
        "error": 0.12502249147845737, 
        "fit": "average_SEM", 
        "value": -0.036764238988525905
    }
}