{
    "Ar36": {
        "error": 0.0017301767054533458, 
        "fit": "parabolic", 
        "value": 0.0091450131008917988
    }, 
    "Ar37": {
        "error": 0.1362844069123256, 
        "fit": "linear", 
        "value": 0.83962567815029265
    }, 
    "Ar38": {
        "error": 0.21651769383417677, 
        "fit": "linear", 
        "value": 3.5455013494678767
    }, 
    "Ar39": {
        "error": 0.16594768854801928, 
        "fit": "parabolic", 
        "value": 271.0751923368918
    }, 
    "Ar40": {
        "error": 0.5738673401778176, 
        "fit": "parabolic", 
        "value": 2168.7197880183448
    }, 
    "Ar41": {
        "error": 0.12461237101105352, 
        "fit": "average_SEM", 
        "value": -0.029287835502509553
    }
}