{
    "Ar36": {
        "error": 0.0023006694451795169, 
        "fit": "parabolic", 
        "value": 0.023475563534130543
    }, 
    "Ar37": {
        "error": 0.12335938009754109, 
        "fit": "linear", 
        "value": 0.85097667389162723
    }, 
    "Ar38": {
        "error": 0.2168464691021576, 
        "fit": "linear", 
        "value": 2.689265054614975
    }, 
    "Ar39": {
        "error": 0.14419894427277768, 
        "fit": "parabolic", 
        "value": 200.86691916739937
    }, 
    "Ar40": {
        "error": 0.56235388992901225, 
        "fit": "parabolic", 
        "value": 1960.4478273582872
    }, 
    "Ar41": {
        "error": 0.12553134871034036, 
        "fit": "average_SEM", 
        "value": -0.034423857179353944
    }
}