{
    "Ar36": {
        "error": 0.0016903077762799666, 
        "fit": "parabolic", 
        "value": 0.012984669519808353
    }, 
    "Ar37": {
        "error": 0.12989528621650451, 
        "fit": "linear", 
        "value": 0.75281266919619161
    }, 
    "Ar38": {
        "error": 0.23101511309226941, 
        "fit": "linear", 
        "value": 2.7341691185292802
    }, 
    "Ar39": {
        "error": 0.13629550974785742, 
        "fit": "parabolic", 
        "value": 206.7610429563432
    }, 
    "Ar40": {
        "error": 0.52575935680187458, 
        "fit": "parabolic", 
        "value": 1658.4654520280369
    }, 
    "Ar41": {
        "error": 0.12258407646094288, 
        "fit": "average_SEM", 
        "value": -0.051303242569119903
    }
}