{
    "Ar36": {
        "error": 0.0021355667619713989, 
        "fit": "parabolic", 
        "value": 0.02317420169756837
    }, 
    "Ar37": {
        "error": 0.14199636237481461, 
        "fit": "linear", 
        "value": 0.66004865511643906
    }, 
    "Ar38": {
        "error": 0.2115846710489318, 
        "fit": "linear", 
        "value": 2.6526411967206602
    }, 
    "Ar39": {
        "error": 0.13626672424012248, 
        "fit": "parabolic", 
        "value": 196.99857941977223
    }, 
    "Ar40": {
        "error": 0.51098960708494046, 
        "fit": "parabolic", 
        "value": 1584.6946360631728
    }, 
    "Ar41": {
        "error": 0.12448642798963608, 
        "fit": "average_SEM", 
        "value": -0.048785839260235664
    }
}