{
    "Ar36": {
        "error": 0.0023803229810756628, 
        "fit": "parabolic", 
        "value": 0.02341685048933095
    }, 
    "Ar37": {
        "error": 0.12251108194867938, 
        "fit": "linear", 
        "value": 1.035311928037344
    }, 
    "Ar38": {
        "error": 0.17571619655818346, 
        "fit": "linear", 
        "value": 4.2094485806691289
    }, 
    "Ar39": {
        "error": 0.16240601546245415, 
        "fit": "parabolic", 
        "value": 324.65815968075287
    }, 
    "Ar40": {
        "error": 0.70076072264915057, 
        "fit": "parabolic", 
        "value": 2604.024154498893
    }, 
    "Ar41": {
        "error": 0.1282715085999217, 
        "fit": "average_SEM", 
        "value": -0.032971011402405569
    }
}