{
    "Ar36": {
        "error": 0.0019512879735537501, 
        "fit": "parabolic", 
        "value": 0.017068866033626968
    }, 
    "Ar37": {
        "error": 0.13437981804970398, 
        "fit": "linear", 
        "value": 0.82547807795703032
    }, 
    "Ar38": {
        "error": 0.20283981492886927, 
        "fit": "linear", 
        "value": 3.0906789674485888
    }, 
    "Ar39": {
        "error": 0.15313885694631588, 
        "fit": "parabolic", 
        "value": 242.32305763847563
    }, 
    "Ar40": {
        "error": 0.53597506051459209, 
        "fit": "parabolic", 
        "value": 1942.456338186546
    }, 
    "Ar41": {
        "error": 0.12622057748429097, 
        "fit": "average_SEM", 
        "value": -0.047736914649503887
    }
}