{
    "Ar36": {
        "error": 0.0017635258892525361, 
        "fit": "parabolic", 
        "value": 0.012718800938364453
    }, 
    "Ar37": {
        "error": 0.12675708554138712, 
        "fit": "linear", 
        "value": 0.54764939875717622
    }, 
    "Ar38": {
        "error": 0.17852302895731306, 
        "fit": "linear", 
        "value": 2.2859537068641114
    }, 
    "Ar39": {
        "error": 0.1261481562586656, 
        "fit": "parabolic", 
        "value": 171.89850463895141
    }, 
    "Ar40": {
        "error": 0.44813224679981783, 
        "fit": "parabolic", 
        "value": 1378.319620979054
    }, 
    "Ar41": {
        "error": 0.12875716157183953, 
        "fit": "average_SEM", 
        "value": -0.061401293510916728
    }
}