{
    "Ar36": {
        "error": 0.001478976095085825, 
        "fit": "parabolic", 
        "value": 0.0066430563182126286
    }, 
    "Ar37": {
        "error": 0.13242718005543852, 
        "fit": "linear", 
        "value": 0.72935419636853482
    }, 
    "Ar38": {
        "error": 0.21859300731155096, 
        "fit": "linear", 
        "value": 2.7501801127747059
    }, 
    "Ar39": {
        "error": 0.13493219048853911, 
        "fit": "parabolic", 
        "value": 208.19187523188378
    }, 
    "Ar40": {
        "error": 0.54143084828483401, 
        "fit": "parabolic", 
        "value": 1666.8398532025581
    }, 
    "Ar41": {
        "error": 0.12766059782053243, 
        "fit": "average_SEM", 
        "value": -0.059353216361196247
    }
}