{
    "Ar36": {
        "error": 0.0015238048835354387, 
        "fit": "parabolic", 
        "value": 0.007281754990779544
    }, 
    "Ar37": {
        "error": 0.12573356205553501, 
        "fit": "linear", 
        "value": 0.42297589454024276
    }, 
    "Ar38": {
        "error": 0.19856709388863047, 
        "fit": "linear", 
        "value": 1.2981092511401062
    }, 
    "Ar39": {
        "error": 0.10877244133862657, 
        "fit": "parabolic", 
        "value": 98.898341599033643
    }, 
    "Ar40": {
        "error": 0.34477487798960677, 
        "fit": "parabolic", 
        "value": 791.57950987912318
    }, 
    "Ar41": {
        "error": 0.12587135453424839, 
        "fit": "average_SEM", 
        "value": -0.078605378379616009
    }
}