{
    "Ar36": {
        "error": 0.0016801285634529461, 
        "fit": "parabolic", 
        "value": 0.010304503552003998
    }, 
    "Ar37": {
        "error": 0.1244616939724531, 
        "fit": "linear", 
        "value": 0.52124154462429861
    }, 
    "Ar38": {
        "error": 0.19252725329647219, 
        "fit": "linear", 
        "value": 1.6700379510868681
    }, 
    "Ar39": {
        "error": 0.11116962382299198, 
        "fit": "parabolic", 
        "value": 125.41027997903181
    }, 
    "Ar40": {
        "error": 0.38239832924445133, 
        "fit": "parabolic", 
        "value": 1003.637203195196
    }, 
    "Ar41": {
        "error": 0.13417651949269865, 
        "fit": "average_SEM", 
        "value": -0.074114412098879257
    }
}