{
    "Ar36": {
        "error": 0.0016941807902439959, 
        "fit": "parabolic", 
        "value": 0.010514342429698401
    }, 
    "Ar37": {
        "error": 0.12217752801503615, 
        "fit": "linear", 
        "value": 0.6447052436015559
    }, 
    "Ar38": {
        "error": 0.18293236500011861, 
        "fit": "linear", 
        "value": 2.1707182107870109
    }, 
    "Ar39": {
        "error": 0.12954832973163821, 
        "fit": "parabolic", 
        "value": 162.18085555986147
    }, 
    "Ar40": {
        "error": 0.45045507209092228, 
        "fit": "parabolic", 
        "value": 1297.031920275007
    }, 
    "Ar41": {
        "error": 0.11914563331688863, 
        "fit": "average_SEM", 
        "value": -0.046083327816304517
    }
}