{
    "Ar36": {
        "error": 0.001561811859145163, 
        "fit": "parabolic", 
        "value": 0.010174884750814375
    }, 
    "Ar37": {
        "error": 0.12988601953767737, 
        "fit": "linear", 
        "value": 0.46860696366286958
    }, 
    "Ar38": {
        "error": 0.2018378549302936, 
        "fit": "linear", 
        "value": 1.2988790621992421
    }, 
    "Ar39": {
        "error": 0.11037304840721546, 
        "fit": "parabolic", 
        "value": 98.799492388968673
    }, 
    "Ar40": {
        "error": 0.37289591062228072, 
        "fit": "parabolic", 
        "value": 790.34719638515207
    }, 
    "Ar41": {
        "error": 0.12762122112204102, 
        "fit": "average_SEM", 
        "value": -0.060343615431047513
    }
}