{
    "Ar36": {
        "error": 0.0018062713557941948, 
        "fit": "parabolic", 
        "value": 0.013743056546629235
    }, 
    "Ar37": {
        "error": 0.13730033965674668, 
        "fit": "linear", 
        "value": 0.82835734808240613
    }, 
    "Ar38": {
        "error": 0.19959467677517373, 
        "fit": "linear", 
        "value": 2.6093542644392507
    }, 
    "Ar39": {
        "error": 0.14171395264489914, 
        "fit": "parabolic", 
        "value": 194.95630892753661
    }, 
    "Ar40": {
        "error": 0.48725666886444574, 
        "fit": "parabolic", 
        "value": 1557.0678124516669
    }, 
    "Ar41": {
        "error": 0.12552714336988277, 
        "fit": "average_SEM", 
        "value": -0.041983142128156035
    }
}