{
    "Ar36": {
        "error": 0.0015383448024840884, 
        "fit": "parabolic", 
        "value": 0.0088493242836879676
    }, 
    "Ar37": {
        "error": 0.12603809199324983, 
        "fit": "linear", 
        "value": 0.59284378434188989
    }, 
    "Ar38": {
        "error": 0.18382274902672294, 
        "fit": "linear", 
        "value": 1.9768003581768314
    }, 
    "Ar39": {
        "error": 0.11766297435817845, 
        "fit": "parabolic", 
        "value": 146.07714473662253
    }, 
    "Ar40": {
        "error": 0.44728229835244554, 
        "fit": "parabolic", 
        "value": 1166.5158238551621
    }, 
    "Ar41": {
        "error": 0.12373874903322755, 
        "fit": "average_SEM", 
        "value": -0.049221416835061975
    }
}