{
    "Ar36": {
        "error": 0.0021531896703756901, 
        "fit": "parabolic", 
        "value": 0.024591693128082653
    }, 
    "Ar37": {
        "error": 0.12487379516280443, 
        "fit": "linear", 
        "value": 0.48292881857985809
    }, 
    "Ar38": {
        "error": 0.21370547508612164, 
        "fit": "linear", 
        "value": 1.2513739618146378
    }, 
    "Ar39": {
        "error": 0.1117877497197569, 
        "fit": "parabolic", 
        "value": 93.598471514797112
    }, 
    "Ar40": {
        "error": 0.36814992171721, 
        "fit": "parabolic", 
        "value": 750.95186800447414
    }, 
    "Ar41": {
        "error": 0.13247516430809292, 
        "fit": "average_SEM", 
        "value": 0.13296216010319767
    }
}