{
    "Ar36": {
        "error": 0.0016232036744184429, 
        "fit": "parabolic", 
        "value": 0.010454876964625054
    }, 
    "Ar37": {
        "error": 0.13041880513906506, 
        "fit": "linear", 
        "value": 0.62642593869100383
    }, 
    "Ar38": {
        "error": 0.21093996617460267, 
        "fit": "linear", 
        "value": 2.255204912175981
    }, 
    "Ar39": {
        "error": 0.12777454635305102, 
        "fit": "parabolic", 
        "value": 166.704509442248
    }, 
    "Ar40": {
        "error": 0.44981291738762441, 
        "fit": "parabolic", 
        "value": 1328.5316066600826
    }, 
    "Ar41": {
        "error": 0.12678790125579673, 
        "fit": "average_SEM", 
        "value": 0.1479584519760101
    }
}