{
    "Ar36": {
        "error": 0.0020463142708387616, 
        "fit": "parabolic", 
        "value": 0.023131846397394275
    }, 
    "Ar37": {
        "error": 0.12471077894875784, 
        "fit": "linear", 
        "value": 0.75674187618701116
    }, 
    "Ar38": {
        "error": 0.21943221907573698, 
        "fit": "linear", 
        "value": 2.7438155310896351
    }, 
    "Ar39": {
        "error": 0.13024442627094904, 
        "fit": "parabolic", 
        "value": 202.09044491253925
    }, 
    "Ar40": {
        "error": 0.48720562559047559, 
        "fit": "parabolic", 
        "value": 1614.9534286430815
    }, 
    "Ar41": {
        "error": 0.12701026482827316, 
        "fit": "average_SEM", 
        "value": 0.16046921470289818
    }
}