{
    "Ar36": {
        "error": 0.0024329736317625725, 
        "fit": "parabolic", 
        "value": 0.021988811332853367
    }, 
    "Ar37": {
        "error": 0.13043213176207261, 
        "fit": "linear", 
        "value": 1.4546061159614614
    }, 
    "Ar38": {
        "error": 0.21929476761385214, 
        "fit": "linear", 
        "value": 5.8946628263363596
    }, 
    "Ar39": {
        "error": 0.19364326064254408, 
        "fit": "parabolic", 
        "value": 452.99177057669863
    }, 
    "Ar40": {
        "error": 0.76668192914909339, 
        "fit": "parabolic", 
        "value": 3603.9437362419048
    }, 
    "Ar41": {
        "error": 0.11898329057862141, 
        "fit": "average_SEM", 
        "value": 0.19270623394637368
    }
}