{
    "Ar36": {
        "error": 0.0018345134630135776, 
        "fit": "parabolic", 
        "value": 0.0129225667095533
    }, 
    "Ar37": {
        "error": 0.12347027941302381, 
        "fit": "linear", 
        "value": 0.9742683229578093
    }, 
    "Ar38": {
        "error": 0.21010346265940325, 
        "fit": "linear", 
        "value": 3.2357087893734979
    }, 
    "Ar39": {
        "error": 0.15135524483596241, 
        "fit": "parabolic", 
        "value": 251.63340663783501
    }, 
    "Ar40": {
        "error": 0.51649770632339886, 
        "fit": "parabolic", 
        "value": 2001.686995907573
    }, 
    "Ar41": {
        "error": 0.12482810825423023, 
        "fit": "average_SEM", 
        "value": 0.16314069598925926
    }
}