{
    "Ar36": {
        "error": 0.0019017552604113817, 
        "fit": "parabolic", 
        "value": 0.010979174082495833
    }, 
    "Ar37": {
        "error": 0.12958480877066578, 
        "fit": "linear", 
        "value": 0.83976859994345798
    }, 
    "Ar38": {
        "error": 0.21688441849631429, 
        "fit": "linear", 
        "value": 3.5046997300923133
    }, 
    "Ar39": {
        "error": 0.15938204163159492, 
        "fit": "parabolic", 
        "value": 269.85097956065215
    }, 
    "Ar40": {
        "error": 0.57377859674529941, 
        "fit": "parabolic", 
        "value": 2142.7661015732083
    }, 
    "Ar41": {
        "error": 0.12731762352023732, 
        "fit": "average_SEM", 
        "value": 0.16435572420421521
    }
}