{
    "Ar36": {
        "error": 0.0016406254550137853, 
        "fit": "parabolic", 
        "value": 0.0098039929450192183
    }, 
    "Ar37": {
        "error": 0.13101201213115754, 
        "fit": "linear", 
        "value": 0.81593283624817636
    }, 
    "Ar38": {
        "error": 0.21100176230786988, 
        "fit": "linear", 
        "value": 3.0851094431741348
    }, 
    "Ar39": {
        "error": 0.15998769992877543, 
        "fit": "parabolic", 
        "value": 239.56911938850362
    }, 
    "Ar40": {
        "error": 0.53992788300362204, 
        "fit": "parabolic", 
        "value": 1903.0808711333077
    }, 
    "Ar41": {
        "error": 0.12237653918442945, 
        "fit": "average_SEM", 
        "value": 0.1631212311476338
    }
}