{
    "Ar36": {
        "error": 0.0016482189938576244, 
        "fit": "parabolic", 
        "value": 0.0094840228698388467
    }, 
    "Ar37": {
        "error": 0.12731984560623297, 
        "fit": "linear", 
        "value": 0.66285044511581648
    }, 
    "Ar38": {
        "error": 0.21011587649254301, 
        "fit": "linear", 
        "value": 2.3407909361448107
    }, 
    "Ar39": {
        "error": 0.13530962436572391, 
        "fit": "parabolic", 
        "value": 173.07437517604257
    }, 
    "Ar40": {
        "error": 0.4695617717756741, 
        "fit": "parabolic", 
        "value": 1373.7940226320084
    }, 
    "Ar41": {
        "error": 0.1266084193462374, 
        "fit": "average_SEM", 
        "value": 0.14941976370286283
    }
}