{
    "Ar36": {
        "error": 0.0018121482694277208, 
        "fit": "parabolic", 
        "value": 0.01558512769229959
    }, 
    "Ar37": {
        "error": 0.12879744336089782, 
        "fit": "linear", 
        "value": 0.60802741283860984
    }, 
    "Ar38": {
        "error": 0.20367590566273008, 
        "fit": "linear", 
        "value": 2.0365706190006665
    }, 
    "Ar39": {
        "error": 0.12155405808366981, 
        "fit": "parabolic", 
        "value": 148.53762559158588
    }, 
    "Ar40": {
        "error": 0.4239913098653495, 
        "fit": "parabolic", 
        "value": 1183.0859292012271
    }, 
    "Ar41": {
        "error": 0.11880778748139612, 
        "fit": "average_SEM", 
        "value": 0.14026181240536972
    }
}