{
    "Ar36": {
        "error": 0.0022265217100639854, 
        "fit": "parabolic", 
        "value": 0.023773309862885377
    }, 
    "Ar37": {
        "error": 0.13360302499746088, 
        "fit": "linear", 
        "value": 0.86171582126703872
    }, 
    "Ar38": {
        "error": 0.21062017472753744, 
        "fit": "linear", 
        "value": 3.3109249898297248
    }, 
    "Ar39": {
        "error": 0.15286135076373761, 
        "fit": "parabolic", 
        "value": 257.8645053275236
    }, 
    "Ar40": {
        "error": 0.60223516210175987, 
        "fit": "parabolic", 
        "value": 2053.7505296440199
    }, 
    "Ar41": {
        "error": 0.12363763053236206, 
        "fit": "average_SEM", 
        "value": 0.17452078569462173
    }
}