{
    "Ar36": {
        "error": 0.001174388744941125, 
        "fit": "linear", 
        "value": 0.0051924406854471309
    }, 
    "Ar37": {
        "error": 0.13826500455261975, 
        "fit": "linear", 
        "value": 0.22916596290795649
    }, 
    "Ar38": {
        "error": 0.14540056683949501, 
        "fit": "linear", 
        "value": 1.3861311716673694
    }, 
    "Ar39": {
        "error": 0.12222703483881815, 
        "fit": "linear", 
        "value": 136.87845937472892
    }, 
    "Ar40": {
        "error": 0.41958450087962362, 
        "fit": "linear", 
        "value": 1087.701431710062
    }, 
    "Ar41": {
        "error": 0.11912016388742161, 
        "fit": "average_SEM", 
        "value": -0.45327322517832119
    }
}