{
    "Ar36": {
        "error": 0.0017854013730642087, 
        "fit": "linear", 
        "value": 0.018302155664784547
    }, 
    "Ar37": {
        "error": 0.13582549862084145, 
        "fit": "linear", 
        "value": 0.56194876318524578
    }, 
    "Ar38": {
        "error": 0.12962629141242821, 
        "fit": "linear", 
        "value": 3.1071683451082635
    }, 
    "Ar39": {
        "error": 0.1630802444444929, 
        "fit": "linear", 
        "value": 272.91196017776758
    }, 
    "Ar40": {
        "error": 0.59008915382703153, 
        "fit": "linear", 
        "value": 2170.2663975362639
    }, 
    "Ar41": {
        "error": 0.12966874170967826, 
        "fit": "average_SEM", 
        "value": -0.40310753732919691
    }
}