{
    "Ar36": {
        "error": 0.001013269581416458, 
        "fit": "linear", 
        "value": 0.0041229661751329503
    }, 
    "Ar37": {
        "error": 0.13319513917602441, 
        "fit": "linear", 
        "value": 0.032796393330356527
    }, 
    "Ar38": {
        "error": 0.1335823504570863, 
        "fit": "linear", 
        "value": 1.0829863076017459
    }, 
    "Ar39": {
        "error": 0.10299615323256028, 
        "fit": "linear", 
        "value": 109.96266357542444
    }, 
    "Ar40": {
        "error": 0.39180292803273925, 
        "fit": "linear", 
        "value": 872.61350411829949
    }, 
    "Ar41": {
        "error": 0.12081715304418568, 
        "fit": "average_SEM", 
        "value": -0.44469390481710436
    }
}