{
    "Ar36": {
        "error": 0.0012411210099817756, 
        "fit": "linear", 
        "value": 0.0064865481285759034
    }, 
    "Ar37": {
        "error": 0.12476188662187754, 
        "fit": "linear", 
        "value": 0.20849845927127991
    }, 
    "Ar38": {
        "error": 0.17861904598398404, 
        "fit": "linear", 
        "value": 1.4576774579851119
    }, 
    "Ar39": {
        "error": 0.12354961314191058, 
        "fit": "linear", 
        "value": 140.14418727336755
    }, 
    "Ar40": {
        "error": 0.44212278817183903, 
        "fit": "linear", 
        "value": 1115.2011743899402
    }, 
    "Ar41": {
        "error": 0.13610654617344253, 
        "fit": "average_SEM", 
        "value": -0.42802675945063434
    }
}