{
    "Ar36": {
        "error": 0.0020328234605441727, 
        "fit": "linear", 
        "value": 0.019163804354085857
    }, 
    "Ar37": {
        "error": 0.13746901963737318, 
        "fit": "linear", 
        "value": 1.4893486066954802
    }, 
    "Ar38": {
        "error": 0.1292468471322927, 
        "fit": "linear", 
        "value": 3.1838486709842919
    }, 
    "Ar39": {
        "error": 0.17981176457921152, 
        "fit": "linear", 
        "value": 279.48701293673503
    }, 
    "Ar40": {
        "error": 0.5774309603088521, 
        "fit": "linear", 
        "value": 2224.8216616882382
    }, 
    "Ar41": {
        "error": 0.12583731012747473, 
        "fit": "average_SEM", 
        "value": -0.40366675337155661
    }
}