{
    "Ar36": {
        "error": 0.0015135089149227268, 
        "fit": "linear", 
        "value": 0.0113438497297379
    }, 
    "Ar37": {
        "error": 0.13849887852380319, 
        "fit": "linear", 
        "value": 0.66372591738718301
    }, 
    "Ar38": {
        "error": 0.13553805094820909, 
        "fit": "linear", 
        "value": 3.1046954947524505
    }, 
    "Ar39": {
        "error": 0.15642258486501234, 
        "fit": "linear", 
        "value": 271.01232940690579
    }, 
    "Ar40": {
        "error": 0.63027803180432884, 
        "fit": "linear", 
        "value": 2158.6492101385284
    }, 
    "Ar41": {
        "error": 0.11794565004742129, 
        "fit": "average_SEM", 
        "value": -0.40646443938215576
    }
}