{
    "Ar36": {
        "error": 0.0017592880052183677, 
        "fit": "linear", 
        "value": 0.019511596709385109
    }, 
    "Ar37": {
        "error": 0.12629092659031108, 
        "fit": "linear", 
        "value": 0.55090000731723077
    }, 
    "Ar38": {
        "error": 0.14366519769719807, 
        "fit": "linear", 
        "value": 2.7274563660451392
    }, 
    "Ar39": {
        "error": 0.15750589847876154, 
        "fit": "linear", 
        "value": 240.00368514147047
    }, 
    "Ar40": {
        "error": 0.55099237338033147, 
        "fit": "linear", 
        "value": 1912.6671579058939
    }, 
    "Ar41": {
        "error": 0.12363614400222422, 
        "fit": "average_SEM", 
        "value": -0.41078629170854886
    }
}