{
    "Ar36": {
        "error": 0.001255594408545039, 
        "fit": "linear", 
        "value": 0.0068240383546044614
    }, 
    "Ar37": {
        "error": 0.14904170852254012, 
        "fit": "linear", 
        "value": 0.22970863432132577
    }, 
    "Ar38": {
        "error": 0.16574804864714335, 
        "fit": "linear", 
        "value": 1.4324358788143952
    }, 
    "Ar39": {
        "error": 0.12851786729009668, 
        "fit": "linear", 
        "value": 138.60922309271842
    }, 
    "Ar40": {
        "error": 0.40854731949544171, 
        "fit": "linear", 
        "value": 1104.7597468059307
    }, 
    "Ar41": {
        "error": 0.13391746861371909, 
        "fit": "average_SEM", 
        "value": -0.19718167755131921
    }
}