{
    "Ar36": {
        "error": 0.0014528966572281954, 
        "fit": "linear", 
        "value": 0.0083375360691574849
    }, 
    "Ar37": {
        "error": 0.12586224053522724, 
        "fit": "linear", 
        "value": 0.84100470157325469
    }, 
    "Ar38": {
        "error": 0.17190821037270182, 
        "fit": "linear", 
        "value": 3.3953594808598204
    }, 
    "Ar39": {
        "error": 0.15680679514453261, 
        "fit": "linear", 
        "value": 290.72968186215832
    }, 
    "Ar40": {
        "error": 0.7475006759220737, 
        "fit": "linear", 
        "value": 2320.269990208536
    }, 
    "Ar41": {
        "error": 0.11677271196933951, 
        "fit": "average_SEM", 
        "value": -0.14986470421543344
    }
}