{
    "Ar36": {
        "error": 0.0023378345735366171, 
        "fit": "linear", 
        "value": 0.025237550759657536
    }, 
    "Ar37": {
        "error": 0.12903750760048371, 
        "fit": "linear", 
        "value": 0.74553240220029449
    }, 
    "Ar38": {
        "error": 0.11960319683503658, 
        "fit": "linear", 
        "value": 3.1171380670146727
    }, 
    "Ar39": {
        "error": 0.14484058174069744, 
        "fit": "linear", 
        "value": 267.73978333071864
    }, 
    "Ar40": {
        "error": 0.61103636581403875, 
        "fit": "linear", 
        "value": 2141.8033380994048
    }, 
    "Ar41": {
        "error": 0.12891423739292177, 
        "fit": "average_SEM", 
        "value": -0.15398055007676401
    }
}