{
    "Ar36": {
        "error": 0.0013170044618627053, 
        "fit": "linear", 
        "value": 0.0050519304474434378
    }, 
    "Ar37": {
        "error": 0.13221631975808557, 
        "fit": "linear", 
        "value": 0.93842606207337331
    }, 
    "Ar38": {
        "error": 0.19925722223602235, 
        "fit": "linear", 
        "value": 3.7216200407806701
    }, 
    "Ar39": {
        "error": 0.1712216095145303, 
        "fit": "linear", 
        "value": 316.34195347298896
    }, 
    "Ar40": {
        "error": 0.61526915121713155, 
        "fit": "linear", 
        "value": 2521.5262136208412
    }, 
    "Ar41": {
        "error": 0.1046250643157466, 
        "fit": "average_SEM", 
        "value": -0.14831102351890876
    }
}