{
    "Ar36": {
        "error": 0.0037303736508933895, 
        "fit": "linear", 
        "value": 0.072747042277804319
    }, 
    "Ar37": {
        "error": 0.13459196778166954, 
        "fit": "linear", 
        "value": 0.83877688950725071
    }, 
    "Ar38": {
        "error": 0.12566479904884759, 
        "fit": "linear", 
        "value": 2.8287940768483617
    }, 
    "Ar39": {
        "error": 0.13590787666131071, 
        "fit": "linear", 
        "value": 245.81230326601738
    }, 
    "Ar40": {
        "error": 0.56632623815449434, 
        "fit": "linear", 
        "value": 1981.1439078392718
    }, 
    "Ar41": {
        "error": 0.14290275705309421, 
        "fit": "average_SEM", 
        "value": -0.16272149922947088
    }
}