{
    "Ar36": {
        "error": 0.0015192689615537672, 
        "fit": "linear", 
        "value": 0.0083122864014440433
    }, 
    "Ar37": {
        "error": 0.13891629443786666, 
        "fit": "linear", 
        "value": 0.3794493856637437
    }, 
    "Ar38": {
        "error": 0.14599983634783034, 
        "fit": "linear", 
        "value": 2.0789937010731157
    }, 
    "Ar39": {
        "error": 0.14588781289929606, 
        "fit": "linear", 
        "value": 187.77095407017202
    }, 
    "Ar40": {
        "error": 0.51265280628909771, 
        "fit": "linear", 
        "value": 1498.1836589824222
    }, 
    "Ar41": {
        "error": 0.11921978648056236, 
        "fit": "average_SEM", 
        "value": -0.18183313781085114
    }
}