{
    "Ar36": {
        "error": 0.0019026290645679975, 
        "fit": "linear", 
        "value": 0.018251285737962749
    }, 
    "Ar37": {
        "error": 0.12935810705118456, 
        "fit": "linear", 
        "value": 0.70190554450632014
    }, 
    "Ar38": {
        "error": 0.14235367969752313, 
        "fit": "linear", 
        "value": 3.2688840592816399
    }, 
    "Ar39": {
        "error": 0.15409951201477751, 
        "fit": "linear", 
        "value": 284.35105660790782
    }, 
    "Ar40": {
        "error": 0.63736830328858651, 
        "fit": "linear", 
        "value": 2276.5052327191215
    }, 
    "Ar41": {
        "error": 0.12767921194462867, 
        "fit": "average_SEM", 
        "value": -0.16065276719164104
    }
}