{
    "Ar36": {
        "error": 0.0016742977136820793, 
        "fit": "linear", 
        "value": 0.011136728782577718
    }, 
    "Ar37": {
        "error": 0.1407597497912475, 
        "fit": "linear", 
        "value": 0.41856016930700402
    }, 
    "Ar38": {
        "error": 0.17369398444764814, 
        "fit": "linear", 
        "value": 2.1843831589472487
    }, 
    "Ar39": {
        "error": 0.14423229019419304, 
        "fit": "linear", 
        "value": 194.52776959665204
    }, 
    "Ar40": {
        "error": 0.54559612634854804, 
        "fit": "linear", 
        "value": 1556.5675644875691
    }, 
    "Ar41": {
        "error": 0.13623033878295998, 
        "fit": "average_SEM", 
        "value": -0.166914463990009
    }
}