{
    "Ar36": {
        "error": 0.0010215691175905661, 
        "fit": "linear", 
        "value": 0.0044072032152755666
    }, 
    "Ar37": {
        "error": 0.12731337548169672, 
        "fit": "linear", 
        "value": 0.18969054374133554
    }, 
    "Ar38": {
        "error": 0.15797894748798649, 
        "fit": "linear", 
        "value": 1.3073964206063644
    }, 
    "Ar39": {
        "error": 0.10984672431986137, 
        "fit": "linear", 
        "value": 128.45257921413597
    }, 
    "Ar40": {
        "error": 0.41746650396187301, 
        "fit": "linear", 
        "value": 1026.4291609490917
    }, 
    "Ar41": {
        "error": 0.1333417139246017, 
        "fit": "average_SEM", 
        "value": -0.16826876755798972
    }
}