{
    "Ar36": {
        "error": 0.0016921312277811782, 
        "fit": "linear", 
        "value": 0.015133507468877677
    }, 
    "Ar37": {
        "error": 0.13139373919707051, 
        "fit": "linear", 
        "value": 0.55489414951949922
    }, 
    "Ar38": {
        "error": 0.14368013321429923, 
        "fit": "linear", 
        "value": 2.6077215031008842
    }, 
    "Ar39": {
        "error": 0.14900293655220653, 
        "fit": "linear", 
        "value": 232.21181897841501
    }, 
    "Ar40": {
        "error": 0.59550839595732852, 
        "fit": "linear", 
        "value": 1858.8531829535598
    }, 
    "Ar41": {
        "error": 0.1345298391184156, 
        "fit": "average_SEM", 
        "value": -0.14915693366434424
    }
}