{
    "Ar36": {
        "error": 0.0019393797044701471, 
        "fit": "linear", 
        "value": 0.018864676444211047
    }, 
    "Ar37": {
        "error": 0.13030543966593489, 
        "fit": "linear", 
        "value": 0.83379077070117757
    }, 
    "Ar38": {
        "error": 0.17537950445031314, 
        "fit": "linear", 
        "value": 2.0476080647451491
    }, 
    "Ar39": {
        "error": 0.12356426042303936, 
        "fit": "linear", 
        "value": 182.41319548828869
    }, 
    "Ar40": {
        "error": 0.47074204418957943, 
        "fit": "linear", 
        "value": 1460.1340808034324
    }, 
    "Ar41": {
        "error": 0.12164365362336227, 
        "fit": "average_SEM", 
        "value": -0.1620905042719096
    }
}