{
    "Ar36": {
        "error": 0.0011280989145673679, 
        "fit": "linear", 
        "value": 0.0077991058384021946
    }, 
    "Ar37": {
        "error": 0.12791409984495997, 
        "fit": "linear", 
        "value": 0.15021619612350184
    }, 
    "Ar38": {
        "error": 0.11489400075327205, 
        "fit": "linear", 
        "value": 1.1622529121996807
    }, 
    "Ar39": {
        "error": 0.10505797190676412, 
        "fit": "linear", 
        "value": 111.36452940395048
    }, 
    "Ar40": {
        "error": 0.39477728511168758, 
        "fit": "linear", 
        "value": 890.7310061936189
    }, 
    "Ar41": {
        "error": 0.13471692835202634, 
        "fit": "average_SEM", 
        "value": -0.18622110939507061
    }
}