{
    "Ar36": {
        "error": 0.0015163982194214734, 
        "fit": "linear", 
        "value": 0.010051027196898994
    }, 
    "Ar37": {
        "error": 0.12807092085951061, 
        "fit": "linear", 
        "value": 0.53016058848587211
    }, 
    "Ar38": {
        "error": 0.15929725499781539, 
        "fit": "linear", 
        "value": 2.1855460674462535
    }, 
    "Ar39": {
        "error": 0.13494972909223243, 
        "fit": "linear", 
        "value": 190.90365815152791
    }, 
    "Ar40": {
        "error": 0.51123406145765371, 
        "fit": "linear", 
        "value": 1522.4162165783182
    }, 
    "Ar41": {
        "error": 0.13201591943846691, 
        "fit": "average_SEM", 
        "value": -0.38753754080583652
    }
}