{
    "Ar36": {
        "error": 0.0014132386613631312, 
        "fit": "linear", 
        "value": 0.0073526690129799323
    }, 
    "Ar37": {
        "error": 0.13310497806008181, 
        "fit": "linear", 
        "value": 1.086871305253335
    }, 
    "Ar38": {
        "error": 0.17709488922960012, 
        "fit": "linear", 
        "value": 4.2694308068102291
    }, 
    "Ar39": {
        "error": 0.17240932753112001, 
        "fit": "linear", 
        "value": 358.79402036350984
    }, 
    "Ar40": {
        "error": 0.7694442611403064, 
        "fit": "linear", 
        "value": 2860.3343235462171
    }, 
    "Ar41": {
        "error": 0.13447962462562851, 
        "fit": "average_SEM", 
        "value": -0.34334236486814917
    }
}