{
    "Ar36": {
        "error": 0.0014884983506365979, 
        "fit": "linear", 
        "value": 0.0092691211318789539
    }, 
    "Ar37": {
        "error": 0.12500117870692309, 
        "fit": "linear", 
        "value": 0.25696696272480812
    }, 
    "Ar38": {
        "error": 0.19350324059612831, 
        "fit": "linear", 
        "value": 1.7007212918430916
    }, 
    "Ar39": {
        "error": 0.11870530226760601, 
        "fit": "linear", 
        "value": 155.81110426577101
    }, 
    "Ar40": {
        "error": 0.44820388582134207, 
        "fit": "linear", 
        "value": 1244.2326927757063
    }, 
    "Ar41": {
        "error": 0.13343226528479191, 
        "fit": "average_SEM", 
        "value": -0.38550814699381591
    }
}