{
    "Ar36": {
        "error": 0.0019912989861587227, 
        "fit": "linear", 
        "value": 0.016857893421239674
    }, 
    "Ar37": {
        "error": 0.1374482994221109, 
        "fit": "linear", 
        "value": 1.1670973351094149
    }, 
    "Ar38": {
        "error": 0.14638067329790508, 
        "fit": "linear", 
        "value": 4.3402159109397349
    }, 
    "Ar39": {
        "error": 0.20860999340061404, 
        "fit": "linear", 
        "value": 367.34324405222912
    }, 
    "Ar40": {
        "error": 0.73382355964819501, 
        "fit": "linear", 
        "value": 2925.937961594102
    }, 
    "Ar41": {
        "error": 0.13240859127330132, 
        "fit": "average_SEM", 
        "value": -0.33277836959809065
    }
}