{
    "Ar36": {
        "error": 0.0016164737379110736, 
        "fit": "linear", 
        "value": 0.015638286643485926
    }, 
    "Ar37": {
        "error": 0.1305512508736523, 
        "fit": "linear", 
        "value": 0.60094332693040431
    }, 
    "Ar38": {
        "error": 0.11945922479930346, 
        "fit": "linear", 
        "value": 2.4232406721076618
    }, 
    "Ar39": {
        "error": 0.14019506890045216, 
        "fit": "linear", 
        "value": 210.18330115090032
    }, 
    "Ar40": {
        "error": 0.5083791104237958, 
        "fit": "linear", 
        "value": 1672.3315348454141
    }, 
    "Ar41": {
        "error": 0.11976759139608378, 
        "fit": "average_SEM", 
        "value": -0.32377874890963237
    }
}