{
    "Ar36": {
        "error": 0.0011606374199500322, 
        "fit": "linear", 
        "value": 0.0056952046086447853
    }, 
    "Ar37": {
        "error": 0.14534252110118123, 
        "fit": "linear", 
        "value": 0.28189815192864109
    }, 
    "Ar38": {
        "error": 0.17853838035776651, 
        "fit": "linear", 
        "value": 1.8906555816940536
    }, 
    "Ar39": {
        "error": 0.14563462734084284, 
        "fit": "linear", 
        "value": 166.60870191678219
    }, 
    "Ar40": {
        "error": 0.4398473266289723, 
        "fit": "linear", 
        "value": 1321.6144321209026
    }, 
    "Ar41": {
        "error": 0.13072112663135435, 
        "fit": "average_SEM", 
        "value": -0.33692084815974038
    }
}