{
    "Ar36": {
        "error": 0.0024796258819386029, 
        "fit": "linear", 
        "value": 0.04139538530099679
    }, 
    "Ar37": {
        "error": 0.12628125507164512, 
        "fit": "linear", 
        "value": 0.59010612789025352
    }, 
    "Ar38": {
        "error": 0.14143350842040708, 
        "fit": "linear", 
        "value": 2.4890525513260648
    }, 
    "Ar39": {
        "error": 0.18283527008757638, 
        "fit": "linear", 
        "value": 212.98192453758844
    }, 
    "Ar40": {
        "error": 0.54539611048267056, 
        "fit": "linear", 
        "value": 1701.0820151612847
    }, 
    "Ar41": {
        "error": 0.13481826048818535, 
        "fit": "average_SEM", 
        "value": -0.34647233009959261
    }
}