{
    "Ar36": {
        "error": 0.0012245341250473806, 
        "fit": "linear", 
        "value": 0.0068215693051146692
    }, 
    "Ar37": {
        "error": 0.12749985282219101, 
        "fit": "linear", 
        "value": 0.37050067275187248
    }, 
    "Ar38": {
        "error": 0.12159698400420758, 
        "fit": "linear", 
        "value": 1.904944821731027
    }, 
    "Ar39": {
        "error": 0.13827176069358874, 
        "fit": "linear", 
        "value": 171.80009993398403
    }, 
    "Ar40": {
        "error": 0.50872615388157572, 
        "fit": "linear", 
        "value": 1364.4867742646679
    }, 
    "Ar41": {
        "error": 0.12669192459804851, 
        "fit": "average_SEM", 
        "value": -0.34216601048906642
    }
}