{
    "Ar36": {
        "error": 0.0010954156943153788, 
        "fit": "linear", 
        "value": 0.0052789549925041975
    }, 
    "Ar37": {
        "error": 0.13801572858888314, 
        "fit": "linear", 
        "value": 0.53454992270215074
    }, 
    "Ar38": {
        "error": 0.11864795684718868, 
        "fit": "linear", 
        "value": 2.2130818016257838
    }, 
    "Ar39": {
        "error": 0.12785456451200602, 
        "fit": "linear", 
        "value": 190.29561732728757
    }, 
    "Ar40": {
        "error": 0.48136364611408777, 
        "fit": "linear", 
        "value": 1509.1562771897618
    }, 
    "Ar41": {
        "error": 0.13118400186499746, 
        "fit": "average_SEM", 
        "value": -0.33426261421293019
    }
}