{
    "Ar36": {
        "error": 0.0021324631970591965, 
        "fit": "linear", 
        "value": 0.016438547722801809
    }, 
    "Ar37": {
        "error": 0.13135183933595468, 
        "fit": "linear", 
        "value": 1.3639952391068588
    }, 
    "Ar38": {
        "error": 0.15148185810682474, 
        "fit": "linear", 
        "value": 5.682560576033298
    }, 
    "Ar39": {
        "error": 0.23264436614599046, 
        "fit": "linear", 
        "value": 464.05408336017877
    }, 
    "Ar40": {
        "error": 0.86092113343473087, 
        "fit": "linear", 
        "value": 3680.1062984472737
    }, 
    "Ar41": {
        "error": 0.13181101212837198, 
        "fit": "average_SEM", 
        "value": -0.26491139775762956
    }
}