{
    "Ar36": {
        "error": 0.0016779310207765995, 
        "fit": "linear", 
        "value": 0.01142766839382172
    }, 
    "Ar37": {
        "error": 0.13710930579035327, 
        "fit": "linear", 
        "value": 0.91362942118420443
    }, 
    "Ar38": {
        "error": 0.21418502132567785, 
        "fit": "linear", 
        "value": 3.3324522638181264
    }, 
    "Ar39": {
        "error": 0.16795093326171739, 
        "fit": "linear", 
        "value": 280.64332339262455
    }, 
    "Ar40": {
        "error": 0.56537231051865133, 
        "fit": "linear", 
        "value": 2230.859275500794
    }, 
    "Ar41": {
        "error": 0.11648863027436127, 
        "fit": "average_SEM", 
        "value": -0.2783214002335444
    }
}