{
    "Ar36": {
        "error": 0.0011648931112730788, 
        "fit": "linear", 
        "value": 0.004542758015534408
    }, 
    "Ar37": {
        "error": 0.13099000897226581, 
        "fit": "linear", 
        "value": 0.71079639596007782
    }, 
    "Ar38": {
        "error": 0.21198796304745712, 
        "fit": "linear", 
        "value": 3.0232174980749345
    }, 
    "Ar39": {
        "error": 0.1545172641724547, 
        "fit": "linear", 
        "value": 253.46153100028252
    }, 
    "Ar40": {
        "error": 0.57399360630947638, 
        "fit": "linear", 
        "value": 2014.7982144376128
    }, 
    "Ar41": {
        "error": 0.13113135488828784, 
        "fit": "average_SEM", 
        "value": -0.26922648854553699
    }
}