{
    "Ar36": {
        "error": 0.0020434076233110726, 
        "fit": "linear", 
        "value": 0.024325363485843007
    }, 
    "Ar37": {
        "error": 0.12406692251811255, 
        "fit": "linear", 
        "value": 0.5343147082381875
    }, 
    "Ar38": {
        "error": 0.20151780734234268, 
        "fit": "linear", 
        "value": 2.1022514399217513
    }, 
    "Ar39": {
        "error": 0.12908755940061467, 
        "fit": "linear", 
        "value": 178.92846707948502
    }, 
    "Ar40": {
        "error": 0.49856387376867611, 
        "fit": "linear", 
        "value": 1427.6880802334344
    }, 
    "Ar41": {
        "error": 0.11988240322004239, 
        "fit": "average_SEM", 
        "value": -0.27860318077107271
    }
}