{
    "Ar36": {
        "error": 0.001517797901460305, 
        "fit": "linear", 
        "value": 0.008007188576242389
    }, 
    "Ar37": {
        "error": 0.13888312422916968, 
        "fit": "linear", 
        "value": 1.2080300691174415
    }, 
    "Ar38": {
        "error": 0.17036958746482567, 
        "fit": "linear", 
        "value": 4.4984733621924535
    }, 
    "Ar39": {
        "error": 0.19932669699252831, 
        "fit": "linear", 
        "value": 367.20261707788404
    }, 
    "Ar40": {
        "error": 0.74603728974293615, 
        "fit": "linear", 
        "value": 2917.6400430519525
    }, 
    "Ar41": {
        "error": 0.11518185176002427, 
        "fit": "average_SEM", 
        "value": -0.26611949194222689
    }
}