{
    "Ar36": {
        "error": 0.0011645934455735212, 
        "fit": "linear", 
        "value": 0.0048565888095458993
    }, 
    "Ar37": {
        "error": 0.11955067944611647, 
        "fit": "linear", 
        "value": 0.72407759474984179
    }, 
    "Ar38": {
        "error": 0.320377121605747, 
        "fit": "linear", 
        "value": 2.5809041520355605
    }, 
    "Ar39": {
        "error": 0.150256201212316, 
        "fit": "linear", 
        "value": 208.84911135551005
    }, 
    "Ar40": {
        "error": 0.51548962452366287, 
        "fit": "linear", 
        "value": 1665.4049525548048
    }, 
    "Ar41": {
        "error": 0.12758830663890103, 
        "fit": "average_SEM", 
        "value": -0.23304961170380314
    }
}