{
    "Ar36": {
        "error": 0.0011559620063814628, 
        "fit": "linear", 
        "value": 0.0049472342459790548
    }, 
    "Ar37": {
        "error": 0.13667001888880953, 
        "fit": "linear", 
        "value": 0.87475993006385555
    }, 
    "Ar38": {
        "error": 0.22698579287344797, 
        "fit": "linear", 
        "value": 2.9553967116988495
    }, 
    "Ar39": {
        "error": 0.13361874359064452, 
        "fit": "linear", 
        "value": 247.5381894213819
    }, 
    "Ar40": {
        "error": 0.54485986097111216, 
        "fit": "linear", 
        "value": 1971.1794218201587
    }, 
    "Ar41": {
        "error": 0.11896061204106886, 
        "fit": "average_SEM", 
        "value": -0.27637425988912584
    }
}