{
    "Ar36": {
        "error": 0.0010426130205197491, 
        "fit": "linear", 
        "value": 0.0043559739414119475
    }, 
    "Ar37": {
        "error": 0.1375736184426499, 
        "fit": "linear", 
        "value": 0.73545609398766754
    }, 
    "Ar38": {
        "error": 0.19226791305367566, 
        "fit": "linear", 
        "value": 2.2787702189829933
    }, 
    "Ar39": {
        "error": 0.14937979707870666, 
        "fit": "linear", 
        "value": 196.33813428452964
    }, 
    "Ar40": {
        "error": 0.53412021750911065, 
        "fit": "linear", 
        "value": 1563.9828783619082
    }, 
    "Ar41": {
        "error": 0.12647949673288425, 
        "fit": "average_SEM", 
        "value": -0.24646980894729495
    }
}