{
    "Ar36": {
        "error": 0.0015533513924645248, 
        "fit": "linear", 
        "value": 0.010985836641565617
    }, 
    "Ar37": {
        "error": 0.12677264822496095, 
        "fit": "linear", 
        "value": 0.74561020669600142
    }, 
    "Ar38": {
        "error": 0.32068933338264149, 
        "fit": "linear", 
        "value": 2.5570638109352943
    }, 
    "Ar39": {
        "error": 0.14778384725893415, 
        "fit": "linear", 
        "value": 208.20440296062202
    }, 
    "Ar40": {
        "error": 0.49481170600058627, 
        "fit": "linear", 
        "value": 1662.4770270103149
    }, 
    "Ar41": {
        "error": 0.12584430347888828, 
        "fit": "average_SEM", 
        "value": -0.22440279485036929
    }
}