{
    "Ar36": {
        "error": 0.0011517008846553154, 
        "fit": "linear", 
        "value": 0.0054862177367732707
    }, 
    "Ar37": {
        "error": 0.11728651361179911, 
        "fit": "linear", 
        "value": 0.68298219580170905
    }, 
    "Ar38": {
        "error": 0.36519134305320788, 
        "fit": "linear", 
        "value": 2.3993956559745189
    }, 
    "Ar39": {
        "error": 0.13158758039791513, 
        "fit": "linear", 
        "value": 191.16840660436958
    }, 
    "Ar40": {
        "error": 0.49343638654125566, 
        "fit": "linear", 
        "value": 1525.691180830112
    }, 
    "Ar41": {
        "error": 0.1260101636157249, 
        "fit": "average_SEM", 
        "value": -0.22794845339221259
    }
}