{
    "Ar36": {
        "error": 0.001341518487036426, 
        "fit": "linear", 
        "value": 0.007497917528918042
    }, 
    "Ar37": {
        "error": 0.13308423169755568, 
        "fit": "linear", 
        "value": 0.62390455555402158
    }, 
    "Ar38": {
        "error": 0.34810686626755483, 
        "fit": "linear", 
        "value": 2.6048731441845048
    }, 
    "Ar39": {
        "error": 0.14803656626712719, 
        "fit": "linear", 
        "value": 213.39645035369725
    }, 
    "Ar40": {
        "error": 0.5446040082308623, 
        "fit": "linear", 
        "value": 1705.3080290864455
    }, 
    "Ar41": {
        "error": 0.11758839810680294, 
        "fit": "average_SEM", 
        "value": -0.22244509988774855
    }
}