{
    "Ar36": {
        "error": 0.0013148679267604992, 
        "fit": "linear", 
        "value": 0.00704498345200163
    }, 
    "Ar37": {
        "error": 0.13540211883184816, 
        "fit": "linear", 
        "value": 0.72174196221850273
    }, 
    "Ar38": {
        "error": 0.33890417123954858, 
        "fit": "linear", 
        "value": 2.6360304563978758
    }, 
    "Ar39": {
        "error": 0.15829110167175614, 
        "fit": "linear", 
        "value": 215.46134773472511
    }, 
    "Ar40": {
        "error": 0.52043704693773585, 
        "fit": "linear", 
        "value": 1721.9639552934248
    }, 
    "Ar41": {
        "error": 0.13113071626358588, 
        "fit": "average_SEM", 
        "value": -0.2427847779984586
    }
}