{
    "Ar36": {
        "error": 0.0013238425373148024, 
        "fit": "linear", 
        "value": 0.0085279623307425167
    }, 
    "Ar37": {
        "error": 0.11650941476673077, 
        "fit": "linear", 
        "value": 0.35847576098673894
    }, 
    "Ar38": {
        "error": 0.34057035845911937, 
        "fit": "linear", 
        "value": 1.5969899167723103
    }, 
    "Ar39": {
        "error": 0.11066978743231855, 
        "fit": "linear", 
        "value": 130.2001848098906
    }, 
    "Ar40": {
        "error": 0.41350349650513546, 
        "fit": "linear", 
        "value": 1041.5490360848526
    }, 
    "Ar41": {
        "error": 0.11480495193372278, 
        "fit": "average_SEM", 
        "value": -0.21696231780884168
    }
}