{
    "Ar36": {
        "error": 0.0027121632152966825, 
        "fit": "linear", 
        "value": 0.048578658847098791
    }, 
    "Ar37": {
        "error": 0.13633311610805218, 
        "fit": "linear", 
        "value": 0.43597881247093623
    }, 
    "Ar38": {
        "error": 0.36233584980710154, 
        "fit": "linear", 
        "value": 1.5307684575911136
    }, 
    "Ar39": {
        "error": 0.11638462462595532, 
        "fit": "linear", 
        "value": 127.6469900734381
    }, 
    "Ar40": {
        "error": 0.42339438980719801, 
        "fit": "linear", 
        "value": 1031.8210271938524
    }, 
    "Ar41": {
        "error": 0.13967504770651548, 
        "fit": "average_SEM", 
        "value": -0.21730928194010629
    }
}