{
    "Ar36": {
        "error": 0.0017232658581017636, 
        "fit": "linear", 
        "value": 0.012513654894236871
    }, 
    "Ar37": {
        "error": 0.14139097127022979, 
        "fit": "linear", 
        "value": 0.72723897141138916
    }, 
    "Ar38": {
        "error": 0.34496251197486799, 
        "fit": "linear", 
        "value": 1.8260097397468011
    }, 
    "Ar39": {
        "error": 0.1247488546838946, 
        "fit": "linear", 
        "value": 148.33130463646722
    }, 
    "Ar40": {
        "error": 0.46387857120241771, 
        "fit": "linear", 
        "value": 1184.2558671854567
    }, 
    "Ar41": {
        "error": 0.14077263327220685, 
        "fit": "average_SEM", 
        "value": -0.21672294149951388
    }
}