{
    "Ar36": {
        "error": 0.0013668576269853909, 
        "fit": "linear", 
        "value": 0.0085727392716262903
    }, 
    "Ar37": {
        "error": 0.1398443654632886, 
        "fit": "linear", 
        "value": 0.96001892098141661
    }, 
    "Ar38": {
        "error": 0.28916864949411969, 
        "fit": "linear", 
        "value": 3.1090867651251459
    }, 
    "Ar39": {
        "error": 0.16401634866857273, 
        "fit": "linear", 
        "value": 251.48051018352328
    }, 
    "Ar40": {
        "error": 0.59748038155538286, 
        "fit": "linear", 
        "value": 2003.3839434205074
    }, 
    "Ar41": {
        "error": 0.1378869925399708, 
        "fit": "average_SEM", 
        "value": -0.17314048194636902
    }
}