{
    "Ar36": {
        "error": 0.0010379117903126648, 
        "fit": "linear", 
        "value": 0.0040532256296289398
    }, 
    "Ar37": {
        "error": 0.14359629825552528, 
        "fit": "linear", 
        "value": 0.24644464083190559
    }, 
    "Ar38": {
        "error": 0.25886449090738495, 
        "fit": "linear", 
        "value": 0.72053687037854552
    }, 
    "Ar39": {
        "error": 0.077157516571555951, 
        "fit": "linear", 
        "value": 55.727117553479971
    }, 
    "Ar40": {
        "error": 0.25491891167091019, 
        "fit": "linear", 
        "value": 445.18638934461063
    }, 
    "Ar41": {
        "error": 0.12250190074724009, 
        "fit": "average_SEM", 
        "value": -0.20333153798865775
    }
}