{
    "Ar36": {
        "error": 0.0013335866748360092, 
        "fit": "linear", 
        "value": 0.0094363947603553489
    }, 
    "Ar37": {
        "error": 0.12030166497193549, 
        "fit": "linear", 
        "value": 0.4207032337883338
    }, 
    "Ar38": {
        "error": 0.35208268790878944, 
        "fit": "linear", 
        "value": 1.6048778598622706
    }, 
    "Ar39": {
        "error": 0.12195214214848502, 
        "fit": "linear", 
        "value": 132.27313638370089
    }, 
    "Ar40": {
        "error": 0.41062480142483565, 
        "fit": "linear", 
        "value": 1056.3842620608684
    }, 
    "Ar41": {
        "error": 0.12394157093335419, 
        "fit": "average_SEM", 
        "value": -0.21681262555842598
    }
}