{
    "Ar36": {
        "error": 0.0011828239917875726, 
        "fit": "linear", 
        "value": 0.007624896211597617
    }, 
    "Ar37": {
        "error": 0.13373701904237592, 
        "fit": "linear", 
        "value": 0.46737382425055785
    }, 
    "Ar38": {
        "error": 0.24831976821495913, 
        "fit": "linear", 
        "value": 1.799397489739581
    }, 
    "Ar39": {
        "error": 0.11140949775143784, 
        "fit": "linear", 
        "value": 140.92791629725366
    }, 
    "Ar40": {
        "error": 0.39269961862946484, 
        "fit": "linear", 
        "value": 1120.6598580210464
    }, 
    "Ar41": {
        "error": 0.12964049716850812, 
        "fit": "average_SEM", 
        "value": -0.14050972825556529
    }
}