{
    "Ar36": {
        "error": 0.0012071139434649955, 
        "fit": "linear", 
        "value": 0.0060600801186040335
    }, 
    "Ar37": {
        "error": 0.12661329857506259, 
        "fit": "linear", 
        "value": 0.39194551209300776
    }, 
    "Ar38": {
        "error": 0.16234581997342301, 
        "fit": "linear", 
        "value": 1.0418605962103054
    }, 
    "Ar39": {
        "error": 0.10388868922228492, 
        "fit": "linear", 
        "value": 83.595387920656904
    }, 
    "Ar40": {
        "error": 0.33471162300868834, 
        "fit": "linear", 
        "value": 665.42694380953117
    }, 
    "Ar41": {
        "error": 0.13637726636502817, 
        "fit": "average_SEM", 
        "value": -0.15691136352669369
    }
}