{
    "Ar36": {
        "error": 0.00095585965239982664, 
        "fit": "linear", 
        "value": 0.0033964980902769434
    }, 
    "Ar37": {
        "error": 0.13015925326533087, 
        "fit": "linear", 
        "value": 0.55103052515814799
    }, 
    "Ar38": {
        "error": 0.28255887956559134, 
        "fit": "linear", 
        "value": 1.6768211427755431
    }, 
    "Ar39": {
        "error": 0.1147572895057578, 
        "fit": "linear", 
        "value": 132.58706901001116
    }, 
    "Ar40": {
        "error": 0.39122380053145839, 
        "fit": "linear", 
        "value": 1053.135550214713
    }, 
    "Ar41": {
        "error": 0.13240597348212851, 
        "fit": "average_SEM", 
        "value": -0.17970071487439176
    }
}