{
    "Ar36": {
        "error": 0.0033979957761231887, 
        "fit": "linear", 
        "value": 0.079949736477637534
    }, 
    "Ar37": {
        "error": 0.12250901753694031, 
        "fit": "linear", 
        "value": 0.24436180088835874
    }, 
    "Ar38": {
        "error": 0.1777162229965773, 
        "fit": "linear", 
        "value": 0.64966241807980141
    }, 
    "Ar39": {
        "error": 0.087283402971346652, 
        "fit": "linear", 
        "value": 49.891653206625804
    }, 
    "Ar40": {
        "error": 0.25118358044806482, 
        "fit": "linear", 
        "value": 419.91947717476165
    }, 
    "Ar41": {
        "error": 0.11807637906627075, 
        "fit": "average_SEM", 
        "value": -0.17344329397194089
    }
}