{
    "Ar36": {
        "error": 0.0013499654377892689, 
        "fit": "linear", 
        "value": 0.0093534270373981359
    }, 
    "Ar37": {
        "error": 0.13729665061495561, 
        "fit": "linear", 
        "value": 0.6758778227351363
    }, 
    "Ar38": {
        "error": 0.18964565075999573, 
        "fit": "linear", 
        "value": 2.2186023871237164
    }, 
    "Ar39": {
        "error": 0.13358672848475597, 
        "fit": "linear", 
        "value": 173.35127320588472
    }, 
    "Ar40": {
        "error": 0.48739991379911551, 
        "fit": "linear", 
        "value": 1376.9809868026603
    }, 
    "Ar41": {
        "error": 0.14118620478906813, 
        "fit": "average_SEM", 
        "value": -0.10634282027681669
    }
}