{
    "Ar36": {
        "error": 0.0024286148416809948, 
        "fit": "linear", 
        "value": 0.029953333895716298
    }, 
    "Ar37": {
        "error": 0.1267335603906895, 
        "fit": "linear", 
        "value": 1.3157741969955876
    }, 
    "Ar38": {
        "error": 0.19334551096403643, 
        "fit": "linear", 
        "value": 4.2906647116169392
    }, 
    "Ar39": {
        "error": 0.16183937151416306, 
        "fit": "linear", 
        "value": 331.65111690577464
    }, 
    "Ar40": {
        "error": 0.71011430584355539, 
        "fit": "linear", 
        "value": 2636.1150729095584
    }, 
    "Ar41": {
        "error": 0.13601513099281809, 
        "fit": "average_SEM", 
        "value": -0.10750248935384055
    }
}