{
    "Ar36": {
        "error": 0.0010826417354647627, 
        "fit": "linear", 
        "value": 0.0046156361625563566
    }, 
    "Ar37": {
        "error": 0.12141421801075374, 
        "fit": "linear", 
        "value": 0.74060339380514784
    }, 
    "Ar38": {
        "error": 0.19765535492938699, 
        "fit": "linear", 
        "value": 2.2551593631820688
    }, 
    "Ar39": {
        "error": 0.13014361840918712, 
        "fit": "linear", 
        "value": 176.06535876977421
    }, 
    "Ar40": {
        "error": 0.49819886467973873, 
        "fit": "linear", 
        "value": 1395.2197266450366
    }, 
    "Ar41": {
        "error": 0.12580762661801312, 
        "fit": "average_SEM", 
        "value": -0.13496888009055208
    }
}