{
    "Ar36": {
        "error": 0.0012526472587682509, 
        "fit": "linear", 
        "value": 0.0074502461710506144
    }, 
    "Ar37": {
        "error": 0.11420822916404069, 
        "fit": "linear", 
        "value": 1.1093335824917334
    }, 
    "Ar38": {
        "error": 0.15560169905705032, 
        "fit": "linear", 
        "value": 2.7097594178272071
    }, 
    "Ar39": {
        "error": 0.14947082760613725, 
        "fit": "linear", 
        "value": 212.50463108242531
    }, 
    "Ar40": {
        "error": 0.5174328932482144, 
        "fit": "linear", 
        "value": 1684.7460283245496
    }, 
    "Ar41": {
        "error": 0.12882592210803592, 
        "fit": "average_SEM", 
        "value": -0.10597119151459386
    }
}