{
    "AX": {
        "error": 0.05298729194548143, 
        "fit": "average_SEM", 
        "value": 0.0032534537337293537
    }, 
    "CDD": {
        "error": 0.00011720705806697652, 
        "fit": "average_SEM", 
        "value": 9.100539561283465e-05
    }, 
    "H1": {
        "error": 0.12895415418973355, 
        "fit": "average_SEM", 
        "value": -0.2619066432196026
    }, 
    "H2": {
        "error": 0.1436622021051619, 
        "fit": "average_SEM", 
        "value": -0.503316147873799
    }, 
    "L1": {
        "error": 0.34702814059554427, 
        "fit": "average_SEM", 
        "value": -0.3255209782083208
    }, 
    "L2": {
        "error": 0.12255561850922465, 
        "fit": "average_SEM", 
        "value": -0.43548335110147796
    }
}