{
    "AX": {
        "error": 0.058158770827792236, 
        "fit": "average_SEM", 
        "value": -0.021052659931107578
    }, 
    "CDD": {
        "error": 0.00014327539606376292, 
        "fit": "average_SEM", 
        "value": 0.0001222072455372351
    }, 
    "H1": {
        "error": 0.1231224500063814, 
        "fit": "average_SEM", 
        "value": 0.0839274850091897
    }, 
    "H2": {
        "error": 0.12758224867677692, 
        "fit": "average_SEM", 
        "value": -0.15157271012285492
    }, 
    "L1": {
        "error": 0.14504894120982506, 
        "fit": "average_SEM", 
        "value": 0.049138681305824626
    }, 
    "L2": {
        "error": 0.12103037694939918, 
        "fit": "average_SEM", 
        "value": 0.06135768402891699
    }
}