{
    "AX": {
        "error": 0.0575135737137318, 
        "fit": "average_SEM", 
        "value": 0.0030773600501561305
    }, 
    "CDD": {
        "error": 0.00015033427457765642, 
        "fit": "average_SEM", 
        "value": 0.00011700693721650168
    }, 
    "H1": {
        "error": 0.12311625369295638, 
        "fit": "average_SEM", 
        "value": -0.2577127122087404
    }, 
    "H2": {
        "error": 0.11626436852164337, 
        "fit": "average_SEM", 
        "value": -0.45437432813147705
    }, 
    "L1": {
        "error": 0.24481343342182976, 
        "fit": "average_SEM", 
        "value": -0.3402649534031904
    }, 
    "L2": {
        "error": 0.13680429057140292, 
        "fit": "average_SEM", 
        "value": -0.3754979543660738
    }
}