{
    "AX": {
        "error": 0.06404546970639173, 
        "fit": "average_SEM", 
        "value": 0.008286666423858453
    }, 
    "CDD": {
        "error": 9.853062430828376e-05, 
        "fit": "average_SEM", 
        "value": 8.840524145246794e-05
    }, 
    "H1": {
        "error": 0.11899817443713842, 
        "fit": "average_SEM", 
        "value": -0.27422166347969323
    }, 
    "H2": {
        "error": 0.13480568928283315, 
        "fit": "average_SEM", 
        "value": -0.44447879946480195
    }, 
    "L1": {
        "error": 0.16206183242678737, 
        "fit": "average_SEM", 
        "value": -0.3269797905115411
    }, 
    "L2": {
        "error": 0.13429350130182705, 
        "fit": "average_SEM", 
        "value": -0.39752281016359725
    }
}