{
    "AX": {
        "error": 0.06294447539477264, 
        "fit": "average_SEM", 
        "value": 0.00491334697289858
    }, 
    "CDD": {
        "error": 0.0001310479777778877, 
        "fit": "average_SEM", 
        "value": 0.00010660632057503486
    }, 
    "H1": {
        "error": 0.12458608210854354, 
        "fit": "average_SEM", 
        "value": 0.004040601043379865
    }, 
    "H2": {
        "error": 0.1378444532068472, 
        "fit": "average_SEM", 
        "value": -0.23095293670582276
    }, 
    "L1": {
        "error": 0.28086600809498957, 
        "fit": "average_SEM", 
        "value": -0.04869394362031017
    }, 
    "L2": {
        "error": 0.13600454962324185, 
        "fit": "average_SEM", 
        "value": -0.017805772160257523
    }
}