{
    "AX": {
        "error": 0.05908013012443482, 
        "fit": "average_SEM", 
        "value": -0.016305766512232367
    }, 
    "CDD": {
        "error": 6.2828330812872e-05, 
        "fit": "average_SEM", 
        "value": 2.3401387443300338e-05
    }, 
    "H1": {
        "error": 0.11690222891422822, 
        "fit": "average_SEM", 
        "value": 0.17911628726578782
    }, 
    "H2": {
        "error": 0.11052630111173069, 
        "fit": "average_SEM", 
        "value": -0.038978058472275735
    }, 
    "L1": {
        "error": 0.26578621820717596, 
        "fit": "average_SEM", 
        "value": 0.17091416094529752
    }, 
    "L2": {
        "error": 0.1444191689554751, 
        "fit": "average_SEM", 
        "value": 0.2165716128370453
    }
}