{
    "AX": {
        "error": 0.05751728534669219, 
        "fit": "average_SEM", 
        "value": 0.012878817196178716
    }, 
    "CDD": {
        "error": 0.00011581349555741703, 
        "fit": "average_SEM", 
        "value": 0.00010950341238640249
    }, 
    "H1": {
        "error": 0.12121184794051308, 
        "fit": "average_SEM", 
        "value": -0.26089605833015717
    }, 
    "H2": {
        "error": 0.11101630109692358, 
        "fit": "average_SEM", 
        "value": -0.22820990588904047
    }, 
    "L1": {
        "error": 0.28938293563235107, 
        "fit": "average_SEM", 
        "value": -0.3053475086063069
    }, 
    "L2": {
        "error": 0.1209305261392725, 
        "fit": "average_SEM", 
        "value": -0.3793640751391649
    }
}