{
    "AX": {
        "error": 0.05814065920715275, 
        "fit": "average_SEM", 
        "value": -0.017440384570121144
    }, 
    "CDD": {
        "error": 0.0001356493391090802, 
        "fit": "average_SEM", 
        "value": 0.0001274075538579685
    }, 
    "H1": {
        "error": 0.11455235807214567, 
        "fit": "average_SEM", 
        "value": 0.08799389276537113
    }, 
    "H2": {
        "error": 0.13430342639761925, 
        "fit": "average_SEM", 
        "value": -0.14153160779581717
    }, 
    "L1": {
        "error": 0.18611539902497726, 
        "fit": "average_SEM", 
        "value": 0.07059214700420853
    }, 
    "L2": {
        "error": 0.12028234645168372, 
        "fit": "average_SEM", 
        "value": 0.09929546071604516
    }
}