{
    "AX": {
        "error": 0.05476010848903188, 
        "fit": "average_SEM", 
        "value": -0.020686972118589133
    }, 
    "CDD": {
        "error": 0.00012820791725568224, 
        "fit": "average_SEM", 
        "value": 0.00011180662889576827
    }, 
    "H1": {
        "error": 0.13251124461599845, 
        "fit": "average_SEM", 
        "value": 0.1952546722017966
    }, 
    "H2": {
        "error": 0.12684678791922532, 
        "fit": "average_SEM", 
        "value": 0.1310651474011441
    }, 
    "L1": {
        "error": 0.2795958465266315, 
        "fit": "average_SEM", 
        "value": 0.24712710796933
    }, 
    "L2": {
        "error": 0.11591372238439826, 
        "fit": "average_SEM", 
        "value": 0.19580118015874176
    }
}