{
    "AX": {
        "error": 0.05592458420197034, 
        "fit": "average_SEM", 
        "value": -0.02557780726403228
    }, 
    "CDD": {
        "error": 0.0001422426703328461, 
        "fit": "average_SEM", 
        "value": 0.00012090716845705173
    }, 
    "H1": {
        "error": 0.12835821266862357, 
        "fit": "average_SEM", 
        "value": 0.13510136628853311
    }, 
    "H2": {
        "error": 0.14220630003313128, 
        "fit": "average_SEM", 
        "value": 0.09570369057813272
    }, 
    "L1": {
        "error": 0.12646219132125175, 
        "fit": "average_SEM", 
        "value": 0.1074502760990678
    }, 
    "L2": {
        "error": 0.12011633771820263, 
        "fit": "average_SEM", 
        "value": 0.15254841733161204
    }
}