{
    "AX": {
        "error": 0.055886712978089524, 
        "fit": "average_SEM", 
        "value": 0.0005254978770002102
    }, 
    "CDD": {
        "error": 0.0001530923142690944, 
        "fit": "average_SEM", 
        "value": 0.00012610747702031708
    }, 
    "H1": {
        "error": 0.12536615823058525, 
        "fit": "average_SEM", 
        "value": -0.09535019050660291
    }, 
    "H2": {
        "error": 0.11979302146538495, 
        "fit": "average_SEM", 
        "value": -0.2913949265455206
    }, 
    "L1": {
        "error": 0.2661421733039819, 
        "fit": "average_SEM", 
        "value": -0.11708029211149551
    }, 
    "L2": {
        "error": 0.13411257275261604, 
        "fit": "average_SEM", 
        "value": -0.1538601321168244
    }
}