{
    "AX": {
        "error": 0.061833475221675684, 
        "fit": "average_SEM", 
        "value": -0.013361774871009402
    }, 
    "CDD": {
        "error": 4.329947063382674e-05, 
        "fit": "average_SEM", 
        "value": 1.300077080183352e-05
    }, 
    "H1": {
        "error": 0.1169416104476693, 
        "fit": "average_SEM", 
        "value": 0.1619101343191384
    }, 
    "H2": {
        "error": 0.11030289090745732, 
        "fit": "average_SEM", 
        "value": 0.11061988808020638
    }, 
    "L1": {
        "error": 0.17918510181554914, 
        "fit": "average_SEM", 
        "value": 0.1487555324390996
    }, 
    "L2": {
        "error": 0.11994168431427561, 
        "fit": "average_SEM", 
        "value": 0.18180945065493384
    }
}