{
    "AX": {
        "error": 0.060672033721768256, 
        "fit": "average_SEM", 
        "value": -0.015125996684461521
    }, 
    "CDD": {
        "error": 0.00011792468119465439, 
        "fit": "average_SEM", 
        "value": 0.00011830701429668503
    }, 
    "H1": {
        "error": 0.1169539126655501, 
        "fit": "average_SEM", 
        "value": 0.1527086030575447
    }, 
    "H2": {
        "error": 0.12110581991430665, 
        "fit": "average_SEM", 
        "value": -0.08139094810467214
    }, 
    "L1": {
        "error": 0.12634411669305268, 
        "fit": "average_SEM", 
        "value": 0.12327524853808428
    }, 
    "L2": {
        "error": 0.12121751214055787, 
        "fit": "average_SEM", 
        "value": 0.1451319783887205
    }
}