{
    "AX": {
        "error": 0.06761070945431973, 
        "fit": "average_SEM", 
        "value": 0.005193681131822813
    }, 
    "CDD": {
        "error": 0.00012831422566304872, 
        "fit": "average_SEM", 
        "value": 0.00011700693721650168
    }, 
    "H1": {
        "error": 0.13172453863309866, 
        "fit": "average_SEM", 
        "value": -0.2301771694901011
    }, 
    "H2": {
        "error": 0.13064000320411373, 
        "fit": "average_SEM", 
        "value": -0.4274862807864944
    }, 
    "L1": {
        "error": 0.18987669478704444, 
        "fit": "average_SEM", 
        "value": -0.2905513737040261
    }, 
    "L2": {
        "error": 0.1227273525045357, 
        "fit": "average_SEM", 
        "value": -0.3357454381883144
    }
}