{
    "AX": {
        "error": 0.05836857490737252, 
        "fit": "average_SEM", 
        "value": -0.005030186586130488
    }, 
    "CDD": {
        "error": 0.00015087749182531477, 
        "fit": "average_SEM", 
        "value": 0.0001014060127393653
    }, 
    "H1": {
        "error": 0.12207029393072656, 
        "fit": "average_SEM", 
        "value": -0.1257138570654206
    }, 
    "H2": {
        "error": 0.12081177976936994, 
        "fit": "average_SEM", 
        "value": -0.12189651541533143
    }, 
    "L1": {
        "error": 0.24785513997837577, 
        "fit": "average_SEM", 
        "value": -0.15652980379212142
    }, 
    "L2": {
        "error": 0.1469067542366298, 
        "fit": "average_SEM", 
        "value": -0.21700888957517842
    }
}