{
    "AX": {
        "error": 0.061726856856129234, 
        "fit": "average_SEM", 
        "value": 0.0032533764926483853
    }, 
    "CDD": {
        "error": 0.0001286524974504937, 
        "fit": "average_SEM", 
        "value": 0.00012090716845705173
    }, 
    "H1": {
        "error": 0.14034688290764222, 
        "fit": "average_SEM", 
        "value": -0.23665228405977057
    }, 
    "H2": {
        "error": 0.1336009936265863, 
        "fit": "average_SEM", 
        "value": -0.4384788310776154
    }, 
    "L1": {
        "error": 0.17442167090960223, 
        "fit": "average_SEM", 
        "value": -0.28825045089082174
    }, 
    "L2": {
        "error": 0.13359207837335882, 
        "fit": "average_SEM", 
        "value": -0.34161319575893384
    }
}