{
    "AX": {
        "error": 0.054854942788962816, 
        "fit": "average_SEM", 
        "value": -0.013000796402532917
    }, 
    "CDD": {
        "error": 3.414399193128503e-05, 
        "fit": "average_SEM", 
        "value": 7.800462481100112e-06
    }, 
    "H1": {
        "error": 0.12786296631056207, 
        "fit": "average_SEM", 
        "value": 0.12470683253292615
    }, 
    "H2": {
        "error": 0.137340827080046, 
        "fit": "average_SEM", 
        "value": -0.10254181711740482
    }, 
    "L1": {
        "error": 0.15826654485710975, 
        "fit": "average_SEM", 
        "value": 0.11723662385872255
    }, 
    "L2": {
        "error": 0.12630783961588127, 
        "fit": "average_SEM", 
        "value": 0.13577926361152398
    }
}