{
    "AX": {
        "error": 0.04932575164801889, 
        "fit": "average", 
        "value": -0.014776850505611571
    }, 
    "CDD": {
        "error": 0.00011318950313510452, 
        "fit": "average", 
        "value": 0.00015097815825572332
    }, 
    "H1": {
        "error": 0.03731072019307153, 
        "fit": "average", 
        "value": 0.04964431012420198
    }, 
    "H2": {
        "error": 0.10788662060324798, 
        "fit": "average", 
        "value": 0.4265267018390738
    }, 
    "L1": {
        "error": 0.08259385804920169, 
        "fit": "average", 
        "value": 0.06442305440795568
    }, 
    "L2": {
        "error": 0.03052029023469682, 
        "fit": "average", 
        "value": 0.014525594272695511
    }
}