{
    "AX": {
        "error": 0.05755796643657356, 
        "fit": "average_SEM", 
        "value": -0.0027979584658623935
    }, 
    "CDD": {
        "error": 0.00020771807194702507, 
        "fit": "average_SEM", 
        "value": 0.00026357216944840426
    }, 
    "H1": {
        "error": 0.11788854219666829, 
        "fit": "average_SEM", 
        "value": -0.5751806942125162
    }, 
    "H2": {
        "error": 0.1170680225116241, 
        "fit": "average_SEM", 
        "value": -0.39551917326947056
    }, 
    "L1": {
        "error": 0.10386220870559973, 
        "fit": "average_SEM", 
        "value": -0.4286134045571089
    }, 
    "L2": {
        "error": 0.2523217583371868, 
        "fit": "average_SEM", 
        "value": -0.47305899765342474
    }
}