{
    "AX": {
        "error": 0.0587269691822112, 
        "fit": "average_SEM", 
        "value": -0.013641654731569967
    }, 
    "CDD": {
        "error": 0.00024693206794614925, 
        "fit": "average_SEM", 
        "value": 0.00032087046953771883
    }, 
    "H1": {
        "error": 0.1221050039324232, 
        "fit": "average_SEM", 
        "value": -0.4732843317091465
    }, 
    "H2": {
        "error": 0.10599870555860896, 
        "fit": "average_SEM", 
        "value": -0.33554403204470873
    }, 
    "L1": {
        "error": 0.11186663631641838, 
        "fit": "average_SEM", 
        "value": -0.3832674492150545
    }, 
    "L2": {
        "error": 0.26267840405670867, 
        "fit": "average_SEM", 
        "value": -0.464201798948731
    }
}