{
    "Ar36": {
        "error": 0.0066888909628347445, 
        "fit": "parabolic", 
        "value": 0.26199948506082804
    }, 
    "Ar37": {
        "error": 0.13701087100574078, 
        "fit": "linear", 
        "value": 0.20073947308522971
    }, 
    "Ar38": {
        "error": 0.21160197439738782, 
        "fit": "linear", 
        "value": 0.15704511004801774
    }, 
    "Ar39": {
        "error": 0.056552165515376132, 
        "fit": "parabolic", 
        "value": 0.015206355276000186
    }, 
    "Ar40": {
        "error": 0.16060460601029564, 
        "fit": "parabolic", 
        "value": 80.652663348277031
    }, 
    "Ar41": {
        "error": 0.12195875409834413, 
        "fit": "average_SEM", 
        "value": 0.12190911578298255
    }
}