{
    "Ar36": {
        "error": 0.006197419140366818, 
        "fit": "parabolic", 
        "value": 0.25885240048431868
    }, 
    "Ar37": {
        "error": 0.13419165754165507, 
        "fit": "linear", 
        "value": -0.35080546791766021
    }, 
    "Ar38": {
        "error": 0.25064062968851081, 
        "fit": "linear", 
        "value": -0.22167079275596249
    }, 
    "Ar39": {
        "error": 0.059814717442938981, 
        "fit": "parabolic", 
        "value": 0.028092303696130281
    }, 
    "Ar40": {
        "error": 0.16324228184776771, 
        "fit": "parabolic", 
        "value": 78.669323214520716
    }, 
    "Ar41": {
        "error": 0.12263127667978214, 
        "fit": "average_SEM", 
        "value": -0.45997067246586082
    }
}