{
    "Ar36": {
        "error": 0.0063788654827937634, 
        "fit": "parabolic", 
        "value": 0.26042789635863328
    }, 
    "Ar37": {
        "error": 0.12754857104917752, 
        "fit": "linear", 
        "value": -0.0060017432421200379
    }, 
    "Ar38": {
        "error": 0.13047326194903106, 
        "fit": "linear", 
        "value": 0.060821602548754336
    }, 
    "Ar39": {
        "error": 0.061175897858203536, 
        "fit": "parabolic", 
        "value": 0.021974538688897403
    }, 
    "Ar40": {
        "error": 0.16590696584183337, 
        "fit": "parabolic", 
        "value": 79.527120080789729
    }, 
    "Ar41": {
        "error": 0.13268096175277744, 
        "fit": "average_SEM", 
        "value": -0.2050747180666076
    }
}