{
    "Ar36": {
        "error": 0.0064860277241407275, 
        "fit": "parabolic", 
        "value": 0.25815954498528459
    }, 
    "Ar37": {
        "error": 0.12964037195294897, 
        "fit": "linear", 
        "value": 0.1285455372407078
    }, 
    "Ar38": {
        "error": 0.13456372320299617, 
        "fit": "linear", 
        "value": 0.099873807772988876
    }, 
    "Ar39": {
        "error": 0.058181090232311085, 
        "fit": "parabolic", 
        "value": 0.021886285367300466
    }, 
    "Ar40": {
        "error": 0.17091300728139366, 
        "fit": "parabolic", 
        "value": 78.994336272977179
    }, 
    "Ar41": {
        "error": 0.12909371394305422, 
        "fit": "average_SEM", 
        "value": -0.11607302103831899
    }
}