{
    "Ar36": {
        "error": 0.0063200850120951465, 
        "fit": "parabolic", 
        "value": 0.26010357486292141
    }, 
    "Ar37": {
        "error": 0.12480604913886027, 
        "fit": "linear", 
        "value": 0.13594372575890398
    }, 
    "Ar38": {
        "error": 0.13074310996249752, 
        "fit": "linear", 
        "value": 0.15741919249729094
    }, 
    "Ar39": {
        "error": 0.060352375254836464, 
        "fit": "parabolic", 
        "value": 0.010633591135222284
    }, 
    "Ar40": {
        "error": 0.15364860879345943, 
        "fit": "parabolic", 
        "value": 78.888847148804302
    }, 
    "Ar41": {
        "error": 0.12881451719553272, 
        "fit": "average_SEM", 
        "value": 0.079418818687390744
    }
}