{
    "Ar36": {
        "error": 0.0061364519795565646, 
        "fit": "parabolic", 
        "value": 0.25953051478047906
    }, 
    "Ar37": {
        "error": 0.13018056949746132, 
        "fit": "linear", 
        "value": 0.10699653532123106
    }, 
    "Ar38": {
        "error": 0.14441459403304149, 
        "fit": "linear", 
        "value": 0.094822258332589227
    }, 
    "Ar39": {
        "error": 0.058239411684749331, 
        "fit": "parabolic", 
        "value": 0.0011422140648744087
    }, 
    "Ar40": {
        "error": 0.16288726478774401, 
        "fit": "parabolic", 
        "value": 78.819561079177419
    }, 
    "Ar41": {
        "error": 0.12850405843977061, 
        "fit": "average_SEM", 
        "value": -0.13520074135856702
    }
}