{
    "Ar36": {
        "error": 0.0063945750692328664, 
        "fit": "parabolic", 
        "value": 0.26232798624998871
    }, 
    "Ar37": {
        "error": 0.13212685743575683, 
        "fit": "linear", 
        "value": 0.16636134339330932
    }, 
    "Ar38": {
        "error": 0.1695194302835841, 
        "fit": "linear", 
        "value": 0.18183359054552584
    }, 
    "Ar39": {
        "error": 0.058270184229027099, 
        "fit": "parabolic", 
        "value": 0.015280253215599129
    }, 
    "Ar40": {
        "error": 0.1739401732070095, 
        "fit": "parabolic", 
        "value": 80.656517237046884
    }, 
    "Ar41": {
        "error": 0.12616998550813713, 
        "fit": "average_SEM", 
        "value": -0.089472541914565232
    }
}