{
    "Ar36": {
        "error": 0.0058240901627342008, 
        "fit": "parabolic", 
        "value": 0.25934875500294075
    }, 
    "Ar37": {
        "error": 0.12927697485537171, 
        "fit": "linear", 
        "value": 0.13885366374284519
    }, 
    "Ar38": {
        "error": 0.13546123242112704, 
        "fit": "linear", 
        "value": 0.12987528277211985
    }, 
    "Ar39": {
        "error": 0.057988281105682285, 
        "fit": "parabolic", 
        "value": -0.00062553403636366692
    }, 
    "Ar40": {
        "error": 0.16950692789821623, 
        "fit": "parabolic", 
        "value": 78.992256376504486
    }, 
    "Ar41": {
        "error": 0.12426324462256964, 
        "fit": "average_SEM", 
        "value": 0.076945307785863407
    }
}