{
    "Ar36": {
        "error": 0.0062457998870290472, 
        "fit": "parabolic", 
        "value": 0.2625809030740317
    }, 
    "Ar37": {
        "error": 0.13466445000721591, 
        "fit": "linear", 
        "value": 0.037351179975561637
    }, 
    "Ar38": {
        "error": 0.13008266004423402, 
        "fit": "linear", 
        "value": 0.069946450106642757
    }, 
    "Ar39": {
        "error": 0.060237712189632392, 
        "fit": "parabolic", 
        "value": 0.00022958195554735389
    }, 
    "Ar40": {
        "error": 0.162769598127395, 
        "fit": "parabolic", 
        "value": 80.20707546636487
    }, 
    "Ar41": {
        "error": 0.12567504400630025, 
        "fit": "average_SEM", 
        "value": 0.039873432209151363
    }
}