{
    "Ar36": {
        "error": 0.006106169580360297, 
        "fit": "parabolic", 
        "value": 0.26684755943528116
    }, 
    "Ar37": {
        "error": 0.12439591938942585, 
        "fit": "linear", 
        "value": -0.074507055859836302
    }, 
    "Ar38": {
        "error": 0.33417972841586935, 
        "fit": "linear", 
        "value": -0.00068020063076280239
    }, 
    "Ar39": {
        "error": 0.060350827162100988, 
        "fit": "parabolic", 
        "value": 0.027808959949757205
    }, 
    "Ar40": {
        "error": 0.17163216688206834, 
        "fit": "parabolic", 
        "value": 81.743424030704503
    }, 
    "Ar41": {
        "error": 0.13131068976092636, 
        "fit": "average_SEM", 
        "value": -0.24576864649561078
    }
}