{
    "Ar36": {
        "error": 0.006392324626050023, 
        "fit": "parabolic", 
        "value": 0.26478436833716001
    }, 
    "Ar37": {
        "error": 0.13976804005653959, 
        "fit": "linear", 
        "value": 0.23942185155215162
    }, 
    "Ar38": {
        "error": 0.27399047630923701, 
        "fit": "linear", 
        "value": 0.24075786677157773
    }, 
    "Ar39": {
        "error": 0.059964788479512074, 
        "fit": "parabolic", 
        "value": 0.0074101981707631577
    }, 
    "Ar40": {
        "error": 0.16538376361946031, 
        "fit": "parabolic", 
        "value": 80.730324488178653
    }, 
    "Ar41": {
        "error": 0.12456419069713842, 
        "fit": "average_SEM", 
        "value": -0.050910941395413828
    }
}