{
    "Ar36": {
        "error": 0.0061253664167581793, 
        "fit": "parabolic", 
        "value": 0.26264618303913689
    }, 
    "Ar37": {
        "error": 0.11821894842257676, 
        "fit": "linear", 
        "value": 0.15298316635149489
    }, 
    "Ar38": {
        "error": 0.13250112246477988, 
        "fit": "linear", 
        "value": 0.16232585583082296
    }, 
    "Ar39": {
        "error": 0.061210242427718442, 
        "fit": "parabolic", 
        "value": 0.013742428530256662
    }, 
    "Ar40": {
        "error": 0.15825795673491738, 
        "fit": "parabolic", 
        "value": 80.199703203747134
    }, 
    "Ar41": {
        "error": 0.1249770799976129, 
        "fit": "average_SEM", 
        "value": -0.091661438547344001
    }
}