{
    "Ar36": {
        "error": 0.0061434866102504692, 
        "fit": "parabolic", 
        "value": 0.25897955484454582
    }, 
    "Ar37": {
        "error": 0.13544191910824552, 
        "fit": "linear", 
        "value": 0.11812773078428451
    }, 
    "Ar38": {
        "error": 0.13881692047085459, 
        "fit": "linear", 
        "value": 0.11431118065759879
    }, 
    "Ar39": {
        "error": 0.058711033708811013, 
        "fit": "parabolic", 
        "value": 0.012449671200665296
    }, 
    "Ar40": {
        "error": 0.16042709134230165, 
        "fit": "parabolic", 
        "value": 78.907046188297954
    }, 
    "Ar41": {
        "error": 0.13678098454165388, 
        "fit": "average_SEM", 
        "value": -0.1354679274884984
    }
}