{
    "Ar36": {
        "error": 0.0062571114446270896, 
        "fit": "parabolic", 
        "value": 0.25819761213849479
    }, 
    "Ar37": {
        "error": 0.13504558178721648, 
        "fit": "linear", 
        "value": 0.076873465247683431
    }, 
    "Ar38": {
        "error": 0.13147751683762185, 
        "fit": "linear", 
        "value": 0.11828726877617879
    }, 
    "Ar39": {
        "error": 0.058511800912242992, 
        "fit": "parabolic", 
        "value": 0.0044420381915744444
    }, 
    "Ar40": {
        "error": 0.17084081141499358, 
        "fit": "parabolic", 
        "value": 79.207854419195314
    }, 
    "Ar41": {
        "error": 0.12214509797863567, 
        "fit": "average_SEM", 
        "value": -0.12693727756908629
    }
}