{
    "Ar36": {
        "error": 0.0063445408143512558, 
        "fit": "parabolic", 
        "value": 0.25616179148332219
    }, 
    "Ar37": {
        "error": 0.12555660998245302, 
        "fit": "linear", 
        "value": 0.13538792097267011
    }, 
    "Ar38": {
        "error": 0.13344459106336432, 
        "fit": "linear", 
        "value": 0.10445380229825073
    }, 
    "Ar39": {
        "error": 0.057175319419739343, 
        "fit": "parabolic", 
        "value": 0.013971497452382853
    }, 
    "Ar40": {
        "error": 0.17752538703477797, 
        "fit": "parabolic", 
        "value": 78.971541714801276
    }, 
    "Ar41": {
        "error": 0.1306193661513291, 
        "fit": "average_SEM", 
        "value": 0.077166205639332477
    }
}