{
    "Ar36": {
        "error": 0.0060548334469325707, 
        "fit": "parabolic", 
        "value": 0.26894756111530199
    }, 
    "Ar37": {
        "error": 0.13173970686086497, 
        "fit": "linear", 
        "value": -0.35382265659377343
    }, 
    "Ar38": {
        "error": 0.15701146272380945, 
        "fit": "linear", 
        "value": -0.2500053037418874
    }, 
    "Ar39": {
        "error": 0.058250015485568046, 
        "fit": "parabolic", 
        "value": 0.042954235610595748
    }, 
    "Ar40": {
        "error": 0.16353386812614548, 
        "fit": "parabolic", 
        "value": 81.63643477037607
    }, 
    "Ar41": {
        "error": 0.13050042980361737, 
        "fit": "average_SEM", 
        "value": -0.45565243937773631
    }
}