{
    "Ar36": {
        "error": 0.0064641009742445509, 
        "fit": "parabolic", 
        "value": 0.257465078661609
    }, 
    "Ar37": {
        "error": 0.12350121267426005, 
        "fit": "linear", 
        "value": -0.43881578080240263
    }, 
    "Ar38": {
        "error": 0.33690662132004812, 
        "fit": "linear", 
        "value": -0.28273622103019647
    }, 
    "Ar39": {
        "error": 0.056686030324153397, 
        "fit": "parabolic", 
        "value": 0.024677803615770856
    }, 
    "Ar40": {
        "error": 0.162148250876503, 
        "fit": "parabolic", 
        "value": 78.580734458719718
    }, 
    "Ar41": {
        "error": 0.13982062483577845, 
        "fit": "average_SEM", 
        "value": -0.48878050679340956
    }
}