{
    "Ar36": {
        "error": 0.0060810913651922292, 
        "fit": "parabolic", 
        "value": 0.2594357996745344
    }, 
    "Ar37": {
        "error": 0.1316346912027441, 
        "fit": "linear", 
        "value": 0.11003340854928892
    }, 
    "Ar38": {
        "error": 0.12607366159563199, 
        "fit": "linear", 
        "value": 0.11918995276589187
    }, 
    "Ar39": {
        "error": 0.058426436298010108, 
        "fit": "parabolic", 
        "value": 0.0053544963901570918
    }, 
    "Ar40": {
        "error": 0.16993405329737643, 
        "fit": "parabolic", 
        "value": 78.984526424455325
    }, 
    "Ar41": {
        "error": 0.1282609907753316, 
        "fit": "average_SEM", 
        "value": 0.074009096488152862
    }
}