{
    "Ar36": {
        "error": 0.0064434525576570678, 
        "fit": "parabolic", 
        "value": 0.25833749004153073
    }, 
    "Ar37": {
        "error": 0.13435792759824988, 
        "fit": "linear", 
        "value": -0.40493371991622562
    }, 
    "Ar38": {
        "error": 0.33389738767262228, 
        "fit": "linear", 
        "value": -0.25869736497329965
    }, 
    "Ar39": {
        "error": 0.058834283508452975, 
        "fit": "parabolic", 
        "value": 0.030504367437662425
    }, 
    "Ar40": {
        "error": 0.17786007372747026, 
        "fit": "parabolic", 
        "value": 78.631633935961787
    }, 
    "Ar41": {
        "error": 0.13628290436875265, 
        "fit": "average_SEM", 
        "value": -0.48455933663994072
    }
}