{
    "Ar36": {
        "error": 0.0063846809500870553, 
        "fit": "parabolic", 
        "value": 0.26523201856320761
    }, 
    "Ar37": {
        "error": 0.13104879762228669, 
        "fit": "linear", 
        "value": 0.21403525185297828
    }, 
    "Ar38": {
        "error": 0.26177359085910862, 
        "fit": "linear", 
        "value": 0.21707007705805192
    }, 
    "Ar39": {
        "error": 0.058872002162715611, 
        "fit": "parabolic", 
        "value": 0.0050667632847243831
    }, 
    "Ar40": {
        "error": 0.16235243603962346, 
        "fit": "parabolic", 
        "value": 80.706856852599728
    }, 
    "Ar41": {
        "error": 0.11728543022313191, 
        "fit": "average_SEM", 
        "value": -0.056615660623247098
    }
}