{
    "Ar36": {
        "error": 0.0060636447687120194, 
        "fit": "parabolic", 
        "value": 0.26961175006032978
    }, 
    "Ar37": {
        "error": 0.12503501915452284, 
        "fit": "linear", 
        "value": -0.32778828066867371
    }, 
    "Ar38": {
        "error": 0.17465949360882491, 
        "fit": "linear", 
        "value": -0.20646545017263618
    }, 
    "Ar39": {
        "error": 0.059422494355343622, 
        "fit": "parabolic", 
        "value": 0.025287387106142561
    }, 
    "Ar40": {
        "error": 0.15879867116568161, 
        "fit": "parabolic", 
        "value": 81.682836449395467
    }, 
    "Ar41": {
        "error": 0.13566343438309308, 
        "fit": "average_SEM", 
        "value": -0.42916356277652085
    }
}