{
    "Ar36": {
        "error": 0.0062661042171597223, 
        "fit": "parabolic", 
        "value": 0.26211377962147447
    }, 
    "Ar37": {
        "error": 0.12577309203004397, 
        "fit": "linear", 
        "value": -0.080405971269536358
    }, 
    "Ar38": {
        "error": 0.14454936296542112, 
        "fit": "linear", 
        "value": -0.016553397331525607
    }, 
    "Ar39": {
        "error": 0.057329852355110358, 
        "fit": "parabolic", 
        "value": 0.02258307341655327
    }, 
    "Ar40": {
        "error": 0.16976902837599311, 
        "fit": "parabolic", 
        "value": 79.548783935520817
    }, 
    "Ar41": {
        "error": 0.13321703917686745, 
        "fit": "average_SEM", 
        "value": -0.26248102411162111
    }
}