{
    "Ar36": {
        "error": 0.0065535535098547905, 
        "fit": "parabolic", 
        "value": 0.26024851463091958
    }, 
    "Ar37": {
        "error": 0.13133001978318223, 
        "fit": "linear", 
        "value": -0.35984642528241495
    }, 
    "Ar38": {
        "error": 0.25554549635371004, 
        "fit": "linear", 
        "value": -0.26858140414115728
    }, 
    "Ar39": {
        "error": 0.056842771974315413, 
        "fit": "parabolic", 
        "value": 0.039926633394974792
    }, 
    "Ar40": {
        "error": 0.16416535377980937, 
        "fit": "parabolic", 
        "value": 78.677823657428448
    }, 
    "Ar41": {
        "error": 0.12469110754681631, 
        "fit": "average_SEM", 
        "value": -0.45180499890382636
    }
}