{
    "Ar36": {
        "error": 0.0064003117878565592, 
        "fit": "parabolic", 
        "value": 0.26408644066485321
    }, 
    "Ar37": {
        "error": 0.12614751117511705, 
        "fit": "linear", 
        "value": 0.20292513204785301
    }, 
    "Ar38": {
        "error": 0.23193617556458634, 
        "fit": "linear", 
        "value": 0.22255596635837732
    }, 
    "Ar39": {
        "error": 0.055366943644635166, 
        "fit": "parabolic", 
        "value": 0.012959042899642649
    }, 
    "Ar40": {
        "error": 0.17551930752238235, 
        "fit": "parabolic", 
        "value": 80.659975165622669
    }, 
    "Ar41": {
        "error": 0.12033010988409959, 
        "fit": "average_SEM", 
        "value": -0.061983018725986765
    }
}