{
    "Ar36": {
        "error": 0.006200634581082656, 
        "fit": "parabolic", 
        "value": 0.2691215224574634
    }, 
    "Ar37": {
        "error": 0.12840489459280838, 
        "fit": "linear", 
        "value": -0.3097094447328872
    }, 
    "Ar38": {
        "error": 0.1629718769976711, 
        "fit": "linear", 
        "value": -0.21598944453205698
    }, 
    "Ar39": {
        "error": 0.056692527699846458, 
        "fit": "parabolic", 
        "value": 0.02815663699791934
    }, 
    "Ar40": {
        "error": 0.16493560453391007, 
        "fit": "parabolic", 
        "value": 81.782470015883135
    }, 
    "Ar41": {
        "error": 0.1284674325928308, 
        "fit": "average_SEM", 
        "value": -0.42582064451028906
    }
}