{
    "Ar36": {
        "error": 0.0062033999702979402, 
        "fit": "parabolic", 
        "value": 0.26064244260053027
    }, 
    "Ar37": {
        "error": 0.13440954637888672, 
        "fit": "linear", 
        "value": 0.22423612032609946
    }, 
    "Ar38": {
        "error": 0.25906204672825844, 
        "fit": "linear", 
        "value": 0.25055524403063256
    }, 
    "Ar39": {
        "error": 0.058087721781148238, 
        "fit": "parabolic", 
        "value": 0.0061623881270633125
    }, 
    "Ar40": {
        "error": 0.17395388925119362, 
        "fit": "parabolic", 
        "value": 79.492914974679522
    }, 
    "Ar41": {
        "error": 0.12695933085654018, 
        "fit": "average_SEM", 
        "value": 0.14415952951152577
    }
}