{
    "Ar36": {
        "error": 0.0060634744286818757, 
        "fit": "parabolic", 
        "value": 0.26820707627178025
    }, 
    "Ar37": {
        "error": 0.13341355034105445, 
        "fit": "linear", 
        "value": 0.078513232697775603
    }, 
    "Ar38": {
        "error": 0.1962873802434742, 
        "fit": "linear", 
        "value": 0.061016761662095645
    }, 
    "Ar39": {
        "error": 0.061048267119895069, 
        "fit": "parabolic", 
        "value": 0.037239388750789228
    }, 
    "Ar40": {
        "error": 0.17605645219733737, 
        "fit": "parabolic", 
        "value": 82.0121193666225
    }, 
    "Ar41": {
        "error": 0.12327468973701222, 
        "fit": "average_SEM", 
        "value": -0.16074663356520127
    }
}