{
    "Ar36": {
        "error": 0.0051723209744974387, 
        "fit": "Parabolic", 
        "value": 0.24733314609535761
    }, 
    "Ar37": {
        "error": 0.051114998553242412, 
        "fit": "linear", 
        "value": 0.018769440447886199
    }, 
    "Ar38": {
        "error": 0.087381196576325149, 
        "fit": "linear", 
        "value": 0.12497219539605642
    }, 
    "Ar39": {
        "error": 0.052271390644687471, 
        "fit": "Parabolic", 
        "value": 0.021374211408577946
    }, 
    "Ar40": {
        "error": 0.073510028160828148, 
        "fit": "Parabolic", 
        "value": 75.345664843350932
    }, 
    "Ar41": {
        "error": 0.10933842539720748, 
        "fit": "linear", 
        "value": 0.46793567407477088
    }
}