{
    "Ar36": {
        "error": 0.0052380010960448083, 
        "fit": "Parabolic", 
        "value": 0.24617858828158659
    }, 
    "Ar37": {
        "error": 0.050004443036247737, 
        "fit": "linear", 
        "value": 0.033930948806723316
    }, 
    "Ar38": {
        "error": 0.094779544368724225, 
        "fit": "linear", 
        "value": 0.13061580605265075
    }, 
    "Ar39": {
        "error": 0.052569566806178483, 
        "fit": "Parabolic", 
        "value": 0.025768093783054315
    }, 
    "Ar40": {
        "error": 0.078755059213131973, 
        "fit": "Parabolic", 
        "value": 75.341799070791609
    }, 
    "Ar41": {
        "error": 0.10913887036031415, 
        "fit": "linear", 
        "value": 0.44320933779407667
    }
}