{
    "Ar36": {
        "error": 0.0064755663404283065, 
        "fit": "parabolic", 
        "value": 0.25884083987248513
    }, 
    "Ar37": {
        "error": 0.24414965697770788, 
        "fit": "linear", 
        "value": -0.3282518943179546
    }, 
    "Ar38": {
        "error": 0.11287182276792902, 
        "fit": "linear", 
        "value": -0.30106278353499583
    }, 
    "Ar39": {
        "error": 0.061703998139175015, 
        "fit": "parabolic", 
        "value": 0.026269030821530998
    }, 
    "Ar40": {
        "error": 0.15796491230559326, 
        "fit": "parabolic", 
        "value": 78.144030532154318
    }, 
    "Ar41": {
        "error": 0.11533168123857021, 
        "fit": "average_SEM", 
        "value": -0.33465288286873451
    }
}