{
    "Ar36": {
        "error": 0.0061407945048308479, 
        "fit": "parabolic", 
        "value": 0.25683160906998925
    }, 
    "Ar37": {
        "error": 0.24515983666506699, 
        "fit": "linear", 
        "value": -0.52327082178839723
    }, 
    "Ar38": {
        "error": 0.11585264155602543, 
        "fit": "linear", 
        "value": -0.34577226608107325
    }, 
    "Ar39": {
        "error": 0.060456588959219237, 
        "fit": "parabolic", 
        "value": 0.021043244176563246
    }, 
    "Ar40": {
        "error": 0.15679608793479988, 
        "fit": "parabolic", 
        "value": 77.724494072963878
    }, 
    "Ar41": {
        "error": 0.11526329245856758, 
        "fit": "average_SEM", 
        "value": -0.34642465780644366
    }
}