{
    "Ar36": {
        "error": 0.0061036944631133678, 
        "fit": "parabolic", 
        "value": 0.25792213922013663
    }, 
    "Ar37": {
        "error": 0.22284863177993225, 
        "fit": "linear", 
        "value": -0.60842057951396655
    }, 
    "Ar38": {
        "error": 0.11568673142980991, 
        "fit": "linear", 
        "value": -0.32403744034294579
    }, 
    "Ar39": {
        "error": 0.059166768176137564, 
        "fit": "parabolic", 
        "value": 0.014771049731577765
    }, 
    "Ar40": {
        "error": 0.15348111165717346, 
        "fit": "parabolic", 
        "value": 78.004374241335654
    }, 
    "Ar41": {
        "error": 0.11721316343302762, 
        "fit": "average_SEM", 
        "value": -0.31443799446647364
    }
}