{
    "AX": {
        "error": 0.05758353440991064, 
        "fit": "average_SEM", 
        "value": -0.010757062979973853
    }, 
    "H1": {
        "error": 0.049864436093673616, 
        "fit": "average_SEM", 
        "value": 0.008145851321751251
    }, 
    "H2": {
        "error": 0.12242088567080457, 
        "fit": "average_SEM", 
        "value": -0.04551873525294165
    }, 
    "L1": {
        "error": 0.09321449824640278, 
        "fit": "average_SEM", 
        "value": -0.0932930614023159
    }, 
    "L2": {
        "error": 0.05232247614403984, 
        "fit": "average_SEM", 
        "value": -0.0011728365730959921
    }
}