{
    "AX": {
        "error": 0.06128737507671802, 
        "fit": "average_SEM", 
        "value": -0.012088566270540469
    }, 
    "H1": {
        "error": 0.12346099537216182, 
        "fit": "average_SEM", 
        "value": 0.05743158311136843
    }, 
    "H2": {
        "error": 0.11843946270808259, 
        "fit": "average_SEM", 
        "value": 0.04324550670232081
    }, 
    "L1": {
        "error": 0.12600596659701022, 
        "fit": "average_SEM", 
        "value": -0.01913198361871764
    }, 
    "L2": {
        "error": 0.2596869551475745, 
        "fit": "average_SEM", 
        "value": -0.13030396723964563
    }
}