{
    "Ar40": {
        "error": 0.68409903340272549, 
        "fit": "parabolic", 
        "value": 1788.2845077179481
    }
}