{
    "AX": {
        "error": 0.004667133913410423, 
        "fit": "average_SEM", 
        "value": -0.0064869582711253315
    }, 
    "CDD": {
        "error": 1.173623261066981e-05, 
        "fit": "average_SEM", 
        "value": 0.00015329604528075002
    }, 
    "H1": {
        "error": 0.009432114812106675, 
        "fit": "average_SEM", 
        "value": -0.11776038633754263
    }, 
    "H2": {
        "error": 0.00795018174841621, 
        "fit": "average_SEM", 
        "value": -0.13768366413214841
    }, 
    "L1": {
        "error": 0.016258579496092107, 
        "fit": "average_SEM", 
        "value": -0.13035050488027652
    }, 
    "L2": {
        "error": 0.01157205885002298, 
        "fit": "average_SEM", 
        "value": -0.2174084032726412
    }
}