{
    "AX": {
        "error": 0.004355352617799212, 
        "fit": "average_SEM", 
        "value": -0.014094235504959024
    }, 
    "CDD": {
        "error": 1.4698552666606444e-05, 
        "fit": "average_SEM", 
        "value": 0.00017848515846585002
    }, 
    "H1": {
        "error": 0.009705591490255185, 
        "fit": "average_SEM", 
        "value": -0.10993868942858408
    }, 
    "H2": {
        "error": 0.010944694090243482, 
        "fit": "average_SEM", 
        "value": -0.1339536531828344
    }, 
    "L1": {
        "error": 0.02026505418258808, 
        "fit": "average_SEM", 
        "value": -0.1577784514348225
    }, 
    "L2": {
        "error": 0.009861197128590987, 
        "fit": "average_SEM", 
        "value": -0.2066908173526273
    }
}