{
    "AX": {
        "error": 0.004933703994984558, 
        "fit": "average_SEM", 
        "value": -0.006444454545371941
    }, 
    "CDD": {
        "error": 1.0544458144126284e-05, 
        "fit": "average_SEM", 
        "value": 0.00010400616641466816
    }, 
    "H1": {
        "error": 0.010907493533615222, 
        "fit": "average_SEM", 
        "value": -0.11176137626109452
    }, 
    "H2": {
        "error": 0.009040763081459352, 
        "fit": "average_SEM", 
        "value": -0.11610041840817878
    }, 
    "L1": {
        "error": 0.020309324015982254, 
        "fit": "average_SEM", 
        "value": -0.1223010624967644
    }, 
    "L2": {
        "error": 0.01241667609790776, 
        "fit": "average_SEM", 
        "value": -0.20418760157289764
    }
}