{
    "AX": {
        "error": 0.0047900516660998515, 
        "fit": "average_SEM", 
        "value": -0.003255546832097816
    }, 
    "CDD": {
        "error": 6.251823887188802e-06, 
        "fit": "average_SEM", 
        "value": 3.6216432947964806e-05
    }, 
    "H1": {
        "error": 0.00892889087928312, 
        "fit": "average_SEM", 
        "value": -0.13695471895993966
    }, 
    "H2": {
        "error": 0.009556896601468261, 
        "fit": "average_SEM", 
        "value": -0.1355372457489596
    }, 
    "L1": {
        "error": 0.02389743594441441, 
        "fit": "average_SEM", 
        "value": -0.20860737654333542
    }, 
    "L2": {
        "error": 0.009974092114165705, 
        "fit": "average_SEM", 
        "value": -0.20380307212798743
    }
}