{
    "AX": {
        "error": 0.004677264130530211, 
        "fit": "average_SEM", 
        "value": -0.007189067657123911
    }, 
    "CDD": {
        "error": 1.7262986475723182e-05, 
        "fit": "average_SEM", 
        "value": 0.00028488645583148235
    }, 
    "H1": {
        "error": 0.011162145648105982, 
        "fit": "average_SEM", 
        "value": -0.06699798785749042
    }, 
    "H2": {
        "error": 0.009179281262857168, 
        "fit": "average_SEM", 
        "value": -0.11034718023653588
    }, 
    "L1": {
        "error": 0.014043577662518089, 
        "fit": "average_SEM", 
        "value": -0.11722396402408115
    }, 
    "L2": {
        "error": 0.01098145839845751, 
        "fit": "average_SEM", 
        "value": -0.19782805894096583
    }
}