{
    "AX": {
        "error": 0.004709266585397283, 
        "fit": "average_SEM", 
        "value": -0.0106346918134174
    }, 
    "CDD": {
        "error": 7.600266989186546e-06, 
        "fit": "average_SEM", 
        "value": 0.00010400616641466816
    }, 
    "H1": {
        "error": 0.010436554141368752, 
        "fit": "average_SEM", 
        "value": -0.10506028243504358
    }, 
    "H2": {
        "error": 0.008997957206979162, 
        "fit": "average_SEM", 
        "value": -0.3048839704498001
    }, 
    "L1": {
        "error": 0.012326622733492857, 
        "fit": "average_SEM", 
        "value": -0.11315363055369485
    }, 
    "L2": {
        "error": 0.009976588143762578, 
        "fit": "average_SEM", 
        "value": -0.15899002254662806
    }
}