{
    "AX": {
        "error": 0.0046404044215787215, 
        "fit": "average_SEM", 
        "value": -0.006624947397854278
    }, 
    "CDD": {
        "error": 1.8743303565150003e-05, 
        "fit": "average_SEM", 
        "value": 0.00028512035275745235
    }, 
    "H1": {
        "error": 0.010201017184568196, 
        "fit": "average_SEM", 
        "value": -0.11063109842412498
    }, 
    "H2": {
        "error": 0.010695731159206497, 
        "fit": "average_SEM", 
        "value": -0.09871191331506546
    }, 
    "L1": {
        "error": 0.012815655485087354, 
        "fit": "average_SEM", 
        "value": -0.10908428376943276
    }, 
    "L2": {
        "error": 0.007705498510760418, 
        "fit": "average_SEM", 
        "value": -0.19476046726371335
    }
}