{
    "AX": {
        "error": 0.003907168415811289, 
        "fit": "average_SEM", 
        "value": -0.005193536392445758
    }, 
    "CDD": {
        "error": 1.1887485544096232e-05, 
        "fit": "average_SEM", 
        "value": 0.00016584767076933572
    }, 
    "H1": {
        "error": 0.008666619208046957, 
        "fit": "average_SEM", 
        "value": -0.05441795435878081
    }, 
    "H2": {
        "error": 0.009584479419316332, 
        "fit": "average_SEM", 
        "value": -0.27243607017564875
    }, 
    "L1": {
        "error": 0.013530486129611333, 
        "fit": "average_SEM", 
        "value": -0.07828078745610426
    }, 
    "L2": {
        "error": 0.009944662686420717, 
        "fit": "average_SEM", 
        "value": -0.12861377079564684
    }
}