{
    "AX": {
        "error": 0.003996733244247507, 
        "fit": "average_SEM", 
        "value": -0.016952668244788503
    }, 
    "CDD": {
        "error": 1.3914964548332355e-05, 
        "fit": "average_SEM", 
        "value": 0.00017500168001076773
    }, 
    "H1": {
        "error": 0.009017967357296368, 
        "fit": "average_SEM", 
        "value": -0.07563910684527714
    }, 
    "H2": {
        "error": 0.007955444274130082, 
        "fit": "average_SEM", 
        "value": -0.29207824007199523
    }, 
    "L1": {
        "error": 0.012892163503655737, 
        "fit": "average_SEM", 
        "value": -0.09286343088894923
    }, 
    "L2": {
        "error": 0.011213491921066632, 
        "fit": "average_SEM", 
        "value": -0.13069322451239282
    }
}