{
    "AX": {
        "error": 0.004195539949503396, 
        "fit": "average_SEM", 
        "value": -0.012467744375538567
    }, 
    "CDD": {
        "error": 1.0602544177423852e-05, 
        "fit": "average_SEM", 
        "value": 0.00010168460020005503
    }, 
    "H1": {
        "error": 0.0091125871851994, 
        "fit": "average_SEM", 
        "value": -0.03428131617195169
    }, 
    "H2": {
        "error": 0.009679520045950466, 
        "fit": "average_SEM", 
        "value": -0.2771969562755865
    }, 
    "L1": {
        "error": 0.01380909543811, 
        "fit": "average_SEM", 
        "value": -0.04299110429280478
    }, 
    "L2": {
        "error": 0.00942949897132235, 
        "fit": "average_SEM", 
        "value": -0.10160971007506556
    }
}