{
    "AX": {
        "error": 0.004870371660261995, 
        "fit": "average_SEM", 
        "value": -0.01131733691621035
    }, 
    "CDD": {
        "error": 7.159687424126206e-06, 
        "fit": "average_SEM", 
        "value": 5.248909333076711e-05
    }, 
    "H1": {
        "error": 0.008139247272730748, 
        "fit": "average_SEM", 
        "value": -0.04580456746854939
    }, 
    "H2": {
        "error": 0.011253155635727779, 
        "fit": "average_SEM", 
        "value": -0.2629735401929601
    }, 
    "L1": {
        "error": 0.012293673120676647, 
        "fit": "average_SEM", 
        "value": -0.06014408345078736
    }, 
    "L2": {
        "error": 0.010674273566720306, 
        "fit": "average_SEM", 
        "value": -0.08678670739556034
    }
}