{
    "AX": {
        "error": 0.004620143535798958, 
        "fit": "average_SEM", 
        "value": -0.007022939648544127
    }, 
    "CDD": {
        "error": 1.0847222986354262e-05, 
        "fit": "average_SEM", 
        "value": 0.0001769852831846244
    }, 
    "H1": {
        "error": 0.009969345246409732, 
        "fit": "average_SEM", 
        "value": -0.04672837135349882
    }, 
    "H2": {
        "error": 0.009261221042516362, 
        "fit": "average_SEM", 
        "value": -0.278266873628158
    }, 
    "L1": {
        "error": 0.01093474187206991, 
        "fit": "average_SEM", 
        "value": -0.08265070839368728
    }, 
    "L2": {
        "error": 0.009847785271576846, 
        "fit": "average_SEM", 
        "value": -0.11624573489065916
    }
}