{
    "AX": {
        "error": 0.005004006374615255, 
        "fit": "average_SEM", 
        "value": -0.014341441744877755
    }, 
    "CDD": {
        "error": 1.503582722422686e-05, 
        "fit": "average_SEM", 
        "value": 0.00019604702164888776
    }, 
    "H1": {
        "error": 0.00969936570859579, 
        "fit": "average_SEM", 
        "value": 0.0014953761896708583
    }, 
    "H2": {
        "error": 0.01009031500416638, 
        "fit": "average_SEM", 
        "value": -0.23341880311946506
    }, 
    "L1": {
        "error": 0.014459334678266055, 
        "fit": "average_SEM", 
        "value": -0.014017734586054252
    }, 
    "L2": {
        "error": 0.010188585528912452, 
        "fit": "average_SEM", 
        "value": -0.05139378043466357
    }
}