{
    "AX": {
        "error": 0.004978578617403747, 
        "fit": "average_SEM", 
        "value": -0.012469222372726955
    }, 
    "CDD": {
        "error": 1.133473833765828e-05, 
        "fit": "average_SEM", 
        "value": 0.00015600924962200224
    }, 
    "H1": {
        "error": 0.010236694620126115, 
        "fit": "average_SEM", 
        "value": 0.0002618747880737597
    }, 
    "H2": {
        "error": 0.010523379463377515, 
        "fit": "average_SEM", 
        "value": -0.2305581837466334
    }, 
    "L1": {
        "error": 0.012687220023534429, 
        "fit": "average_SEM", 
        "value": -0.015580693303244346
    }, 
    "L2": {
        "error": 0.0108564586361761, 
        "fit": "average_SEM", 
        "value": -0.06803601790768722
    }
}