{
    "AX": {
        "error": 0.004257230679418557, 
        "fit": "average_SEM", 
        "value": -0.010536791447144611
    }, 
    "CDD": {
        "error": 1.0322700216061756e-05, 
        "fit": "average_SEM", 
        "value": 0.00010586341938635866
    }, 
    "H1": {
        "error": 0.009772437163184074, 
        "fit": "average_SEM", 
        "value": -0.008679939360033882
    }, 
    "H2": {
        "error": 0.009324174447822362, 
        "fit": "average_SEM", 
        "value": -0.2262158873655825
    }, 
    "L1": {
        "error": 0.012230079905346901, 
        "fit": "average_SEM", 
        "value": -0.025799552336908303
    }, 
    "L2": {
        "error": 0.010566824669279632, 
        "fit": "average_SEM", 
        "value": -0.06515986652611273
    }
}