{
    "AX": {
        "error": 0.004007232916269708, 
        "fit": "average_SEM", 
        "value": -0.007736501568285501
    }, 
    "CDD": {
        "error": 7.4147829028025025e-06, 
        "fit": "average_SEM", 
        "value": 8.400498056569352e-05
    }, 
    "H1": {
        "error": 0.008695516993923246, 
        "fit": "average_SEM", 
        "value": 0.026084322172599577
    }, 
    "H2": {
        "error": 0.010383068941596121, 
        "fit": "average_SEM", 
        "value": -0.21165207365284797
    }, 
    "L1": {
        "error": 0.014278178223344977, 
        "fit": "average_SEM", 
        "value": -0.027699601263380967
    }, 
    "L2": {
        "error": 0.010422264447515938, 
        "fit": "average_SEM", 
        "value": -0.01802015699862412
    }
}