{
    "AX": {
        "error": 0.003849654365927545, 
        "fit": "average_SEM", 
        "value": -0.011175539671073733
    }, 
    "CDD": {
        "error": 1.4569223872845886e-05, 
        "fit": "average_SEM", 
        "value": 0.0002319789711770642
    }, 
    "H1": {
        "error": 0.008438502061466052, 
        "fit": "average_SEM", 
        "value": 0.05825433342033648
    }, 
    "H2": {
        "error": 0.00820645200737191, 
        "fit": "average_SEM", 
        "value": -0.18742064056189164
    }, 
    "L1": {
        "error": 0.012701190087967504, 
        "fit": "average_SEM", 
        "value": 0.007204448011818162
    }, 
    "L2": {
        "error": 0.010327801419468373, 
        "fit": "average_SEM", 
        "value": 0.01920598457369994
    }
}