{
    "AX": {
        "error": 0.004313075242680724, 
        "fit": "average_SEM", 
        "value": -0.00781592825918038
    }, 
    "CDD": {
        "error": 1.0782930896448526e-05, 
        "fit": "average_SEM", 
        "value": 0.00014000830094282253
    }, 
    "H1": {
        "error": 0.009106000840243043, 
        "fit": "average_SEM", 
        "value": 0.021171298530354196
    }, 
    "H2": {
        "error": 0.009804139814861444, 
        "fit": "average_SEM", 
        "value": -0.2022848926075124
    }, 
    "L1": {
        "error": 0.011421615810627204, 
        "fit": "average_SEM", 
        "value": 0.0247125581393505
    }, 
    "L2": {
        "error": 0.011154976555142814, 
        "fit": "average_SEM", 
        "value": 0.0033309192664961774
    }
}