{
    "AX": {
        "error": 0.004954635524294806, 
        "fit": "average_SEM", 
        "value": -0.013702431495967803
    }, 
    "CDD": {
        "error": 1.1292507100945134e-05, 
        "fit": "average_SEM", 
        "value": 0.00017319670932612114
    }, 
    "H1": {
        "error": 0.010226805158919081, 
        "fit": "average_SEM", 
        "value": 0.046996700538970204
    }, 
    "H2": {
        "error": 0.0088799935385013, 
        "fit": "average_SEM", 
        "value": -0.18213739410123747
    }, 
    "L1": {
        "error": 0.014114684426573525, 
        "fit": "average_SEM", 
        "value": 0.016567457653582095
    }, 
    "L2": {
        "error": 0.009656435292978098, 
        "fit": "average_SEM", 
        "value": 0.021167209804618517
    }
}