{
    "AX": {
        "error": 0.005241756982624751, 
        "fit": "average_SEM", 
        "value": -0.004648252106311828
    }, 
    "CDD": {
        "error": 7.561375582097384e-06, 
        "fit": "average_SEM", 
        "value": 8.621563794900124e-05
    }, 
    "H1": {
        "error": 0.009935659842436969, 
        "fit": "average_SEM", 
        "value": 0.013792607936346414
    }, 
    "H2": {
        "error": 0.010826334680485375, 
        "fit": "average_SEM", 
        "value": -0.21710982762983647
    }, 
    "L1": {
        "error": 0.012178967903231903, 
        "fit": "average_SEM", 
        "value": -0.017171139627642898
    }, 
    "L2": {
        "error": 0.010132883142583277, 
        "fit": "average_SEM", 
        "value": -0.028770997080739522
    }
}