{
    "AX": {
        "error": 0.0041260535138812286, 
        "fit": "average_SEM", 
        "value": -0.01574487592248867
    }, 
    "CDD": {
        "error": 1.0835100633222108e-05, 
        "fit": "average_SEM", 
        "value": 0.00013685021896666863
    }, 
    "H1": {
        "error": 0.009972612261625503, 
        "fit": "average_SEM", 
        "value": 0.12046546757261714
    }, 
    "H2": {
        "error": 0.01015812280373046, 
        "fit": "average_SEM", 
        "value": -0.10546680144034326
    }, 
    "L1": {
        "error": 0.020576105802218195, 
        "fit": "average_SEM", 
        "value": 0.07598452608839916
    }, 
    "L2": {
        "error": 0.009219399787588468, 
        "fit": "average_SEM", 
        "value": 0.12943941480102295
    }
}