{
    "AX": {
        "error": 0.004964680319937958, 
        "fit": "average_SEM", 
        "value": -0.00883249806685616
    }, 
    "CDD": {
        "error": 7.087956927333411e-06, 
        "fit": "average_SEM", 
        "value": 5.660512596904506e-05
    }, 
    "H1": {
        "error": 0.010251018307978461, 
        "fit": "average_SEM", 
        "value": 0.10731638392211511
    }, 
    "H2": {
        "error": 0.008688499325138923, 
        "fit": "average_SEM", 
        "value": -0.10773859691056134
    }, 
    "L1": {
        "error": 0.021799302356029927, 
        "fit": "average_SEM", 
        "value": 0.10911950065574351
    }, 
    "L2": {
        "error": 0.010042279944800787, 
        "fit": "average_SEM", 
        "value": 0.12541737739528075
    }
}