{
    "AX": {
        "error": 0.004114703009162117, 
        "fit": "average_SEM", 
        "value": -0.005232820374152178
    }, 
    "CDD": {
        "error": 1.0249787008997368e-05, 
        "fit": "average_SEM", 
        "value": 9.783630908498446e-05
    }, 
    "H1": {
        "error": 0.009855384977672871, 
        "fit": "average_SEM", 
        "value": 0.037159578818044894
    }, 
    "H2": {
        "error": 0.010170094988743798, 
        "fit": "average_SEM", 
        "value": -0.16483439927904214
    }, 
    "L1": {
        "error": 0.015193541864846153, 
        "fit": "average_SEM", 
        "value": 0.011722492009942905
    }, 
    "L2": {
        "error": 0.01048993959491673, 
        "fit": "average_SEM", 
        "value": 0.0396345800642545
    }
}