{
    "AX": {
        "error": 0.004785918971910014, 
        "fit": "average_SEM", 
        "value": -0.013215617777820191
    }, 
    "CDD": {
        "error": 1.1394049913561348e-05, 
        "fit": "average_SEM", 
        "value": 0.00016273378624364026
    }, 
    "H1": {
        "error": 0.010139992731699585, 
        "fit": "average_SEM", 
        "value": 0.0547561524027403
    }, 
    "H2": {
        "error": 0.010878445755658541, 
        "fit": "average_SEM", 
        "value": -0.1558381859907521
    }, 
    "L1": {
        "error": 0.016736400390817883, 
        "fit": "average_SEM", 
        "value": 0.040209166496455416
    }, 
    "L2": {
        "error": 0.009346297734914778, 
        "fit": "average_SEM", 
        "value": 0.021420455691830802
    }
}