{
    "AX": {
        "error": 0.004964100584083764, 
        "fit": "average_SEM", 
        "value": -0.01788357710455753
    }, 
    "CDD": {
        "error": 1.0569468023213052e-05, 
        "fit": "average_SEM", 
        "value": 0.00011531118450321905
    }, 
    "H1": {
        "error": 0.01062061893039826, 
        "fit": "average_SEM", 
        "value": 0.06094512197893797
    }, 
    "H2": {
        "error": 0.009991023575751155, 
        "fit": "average_SEM", 
        "value": -0.1443462150019553
    }, 
    "L1": {
        "error": 0.015874826014554252, 
        "fit": "average_SEM", 
        "value": 0.06241636515310887
    }, 
    "L2": {
        "error": 0.010801874574415574, 
        "fit": "average_SEM", 
        "value": 0.06471716783707962
    }
}