{
    "AX": {
        "error": 0.004942666118843244, 
        "fit": "average_SEM", 
        "value": -0.01620849888471855
    }, 
    "CDD": {
        "error": 1.0757440865975481e-05, 
        "fit": "average_SEM", 
        "value": 0.00010933981597439473
    }, 
    "H1": {
        "error": 0.009520951002606862, 
        "fit": "average_SEM", 
        "value": 0.13126801807915658
    }, 
    "H2": {
        "error": 0.010490107901633655, 
        "fit": "average_SEM", 
        "value": -0.10736271659557692
    }, 
    "L1": {
        "error": 0.021139109135243132, 
        "fit": "average_SEM", 
        "value": 0.11622678146486272
    }, 
    "L2": {
        "error": 0.009777487765396723, 
        "fit": "average_SEM", 
        "value": 0.1301276650026506
    }
}