{
    "AX": {
        "error": 0.004594238120965131, 
        "fit": "average_SEM", 
        "value": -0.02269765095057922
    }, 
    "CDD": {
        "error": 1.3097528204999227e-05, 
        "fit": "average_SEM", 
        "value": 0.0001893445593702933
    }, 
    "H1": {
        "error": 0.009149322349973753, 
        "fit": "average_SEM", 
        "value": 0.1636712722476501
    }, 
    "H2": {
        "error": 0.010355335927292604, 
        "fit": "average_SEM", 
        "value": -0.08765835376275041
    }, 
    "L1": {
        "error": 0.02171469221637799, 
        "fit": "average_SEM", 
        "value": 0.15155644522299275
    }, 
    "L2": {
        "error": 0.009759740305641532, 
        "fit": "average_SEM", 
        "value": 0.13995634568977708
    }
}