{
    "AX": {
        "error": 0.0039054839323039237, 
        "fit": "average_SEM", 
        "value": -0.013611842984313885
    }, 
    "CDD": {
        "error": 1.4278947574810783e-05, 
        "fit": "average_SEM", 
        "value": 0.0001950115620275028
    }, 
    "H1": {
        "error": 0.011068150392172873, 
        "fit": "average_SEM", 
        "value": 0.17401688187585576
    }, 
    "H2": {
        "error": 0.010856276714009329, 
        "fit": "average_SEM", 
        "value": -0.08378966609825907
    }, 
    "L1": {
        "error": 0.019023670090564458, 
        "fit": "average_SEM", 
        "value": 0.1155433198828491
    }, 
    "L2": {
        "error": 0.008726571741547446, 
        "fit": "average_SEM", 
        "value": 0.14581283422154004
    }
}