{
    "AX": {
        "error": 0.004631502889754062, 
        "fit": "average_SEM", 
        "value": -0.017818286679887576
    }, 
    "CDD": {
        "error": 1.4679103542947765e-05, 
        "fit": "average_SEM", 
        "value": 0.00021569974512955094
    }, 
    "H1": {
        "error": 0.008221409667602028, 
        "fit": "average_SEM", 
        "value": 0.17657224606123886
    }, 
    "H2": {
        "error": 0.008675029101891848, 
        "fit": "average_SEM", 
        "value": -0.05079752130153696
    }, 
    "L1": {
        "error": 0.02349566388583719, 
        "fit": "average_SEM", 
        "value": 0.2067744756167778
    }, 
    "L2": {
        "error": 0.012587462629525334, 
        "fit": "average_SEM", 
        "value": 0.18752444095724938
    }
}