{
    "AX": {
        "error": 0.004243078119763929, 
        "fit": "average_SEM", 
        "value": -0.02617919395966253
    }, 
    "CDD": {
        "error": 1.2088288325297714e-05, 
        "fit": "average_SEM", 
        "value": 0.00015736585179262834
    }, 
    "H1": {
        "error": 0.009761240826295535, 
        "fit": "average_SEM", 
        "value": 0.156818704475624
    }, 
    "H2": {
        "error": 0.009908723106219364, 
        "fit": "average_SEM", 
        "value": -0.07151818073562984
    }, 
    "L1": {
        "error": 0.022441696750594837, 
        "fit": "average_SEM", 
        "value": 0.15279793893544485
    }, 
    "L2": {
        "error": 0.011061615579169237, 
        "fit": "average_SEM", 
        "value": 0.18452735083852093
    }
}