{
    "AX": {
        "error": 0.003741238380230512, 
        "fit": "average_SEM", 
        "value": -0.0295591270776447
    }, 
    "CDD": {
        "error": 1.0734441047967307e-05, 
        "fit": "average_SEM", 
        "value": 0.00011143517830143017
    }, 
    "H1": {
        "error": 0.010936880368599413, 
        "fit": "average_SEM", 
        "value": 0.17442674033505762
    }, 
    "H2": {
        "error": 0.010016661842646228, 
        "fit": "average_SEM", 
        "value": -0.07456905835981319
    }, 
    "L1": {
        "error": 0.023143978890618828, 
        "fit": "average_SEM", 
        "value": 0.1684358183117466
    }, 
    "L2": {
        "error": 0.00945579036792142, 
        "fit": "average_SEM", 
        "value": 0.175995109272631
    }
}