{
    "AX": {
        "error": 0.003802792925423553, 
        "fit": "average_SEM", 
        "value": -0.02081932252903036
    }, 
    "CDD": {
        "error": 7.108518246731217e-06, 
        "fit": "average_SEM", 
        "value": 5.295726822031269e-05
    }, 
    "H1": {
        "error": 0.008624741391242162, 
        "fit": "average_SEM", 
        "value": 0.16491541402430926
    }, 
    "H2": {
        "error": 0.009500538448277963, 
        "fit": "average_SEM", 
        "value": -0.0672975456223155
    }, 
    "L1": {
        "error": 0.02038268066625982, 
        "fit": "average_SEM", 
        "value": 0.15863198482042334
    }, 
    "L2": {
        "error": 0.009114678567191857, 
        "fit": "average_SEM", 
        "value": 0.1872412664334065
    }
}