{
    "AX": {
        "error": 0.0044115659212042215, 
        "fit": "average_SEM", 
        "value": -0.019225171657846027
    }, 
    "CDD": {
        "error": 1.1692966008857047e-05, 
        "fit": "average_SEM", 
        "value": 0.00016000948679179719
    }, 
    "H1": {
        "error": 0.00937493951798324, 
        "fit": "average_SEM", 
        "value": 0.16653921248431763
    }, 
    "H2": {
        "error": 0.010168081403912031, 
        "fit": "average_SEM", 
        "value": -0.07398022804210265
    }, 
    "L1": {
        "error": 0.023031408997154904, 
        "fit": "average_SEM", 
        "value": 0.17613663128577173
    }, 
    "L2": {
        "error": 0.009875396103791765, 
        "fit": "average_SEM", 
        "value": 0.16211988012250717
    }
}