{
    "AX": {
        "error": 0.0050277432729866475, 
        "fit": "average_SEM", 
        "value": -0.010506824952558261
    }, 
    "CDD": {
        "error": 1.4774469604644626e-05, 
        "fit": "average_SEM", 
        "value": 0.00027570600148715916
    }, 
    "H1": {
        "error": 0.010827950787012873, 
        "fit": "average_SEM", 
        "value": 0.08692022314808594
    }, 
    "H2": {
        "error": 0.01138081111115196, 
        "fit": "average_SEM", 
        "value": -0.15972143682542397
    }, 
    "L1": {
        "error": 0.011410770028584517, 
        "fit": "average_SEM", 
        "value": 0.03310426106038684
    }, 
    "L2": {
        "error": 0.009363960038171644, 
        "fit": "average_SEM", 
        "value": 0.08384282439385124
    }
}