{
    "AX": {
        "error": 0.0049130072590204245, 
        "fit": "average_SEM", 
        "value": -0.025185439541582554
    }, 
    "CDD": {
        "error": 7.73784031585806e-06, 
        "fit": "average_SEM", 
        "value": 9.52622851674173e-05
    }, 
    "H1": {
        "error": 0.009094751928930729, 
        "fit": "average_SEM", 
        "value": 0.09390974963536249
    }, 
    "H2": {
        "error": 0.00953778579441494, 
        "fit": "average_SEM", 
        "value": -0.11810794779990703
    }, 
    "L1": {
        "error": 0.010851038479682463, 
        "fit": "average_SEM", 
        "value": 0.043326432073417194
    }, 
    "L2": {
        "error": 0.01025065502154523, 
        "fit": "average_SEM", 
        "value": 0.06201472475947565
    }
}