{
    "AX": {
        "error": 0.004536703025761112, 
        "fit": "average_SEM", 
        "value": -0.01385244129904032
    }, 
    "CDD": {
        "error": 1.0140743507268329e-05, 
        "fit": "average_SEM", 
        "value": 9.496215194382745e-05
    }, 
    "H1": {
        "error": 0.008999557373010244, 
        "fit": "average_SEM", 
        "value": 0.0793567815836033
    }, 
    "H2": {
        "error": 0.007882805133377534, 
        "fit": "average_SEM", 
        "value": -0.13687687201724788
    }, 
    "L1": {
        "error": 0.01221782121584703, 
        "fit": "average_SEM", 
        "value": 0.0757111060894771
    }, 
    "L2": {
        "error": 0.011009702402656979, 
        "fit": "average_SEM", 
        "value": 0.08541695352385247
    }
}