{
    "AX": {
        "error": 0.004762260127844399, 
        "fit": "average_SEM", 
        "value": -0.01421892674121058
    }, 
    "CDD": {
        "error": 1.0657687879009807e-05, 
        "fit": "average_SEM", 
        "value": 0.00011802438884447126
    }, 
    "H1": {
        "error": 0.008600875118295975, 
        "fit": "average_SEM", 
        "value": 0.085569391620502
    }, 
    "H2": {
        "error": 0.011261239275020669, 
        "fit": "average_SEM", 
        "value": -0.1355064095315074
    }, 
    "L1": {
        "error": 0.01079098773099079, 
        "fit": "average_SEM", 
        "value": 0.06731646380174662
    }, 
    "L2": {
        "error": 0.0099850193077678, 
        "fit": "average_SEM", 
        "value": 0.08606606595263736
    }
}