{
    "AX": {
        "error": 0.0637568899667619, 
        "fit": "average_SEM", 
        "value": -0.008549078910194415
    }, 
    "CDD": {
        "error": 0.00021580345336831103, 
        "fit": "average_SEM", 
        "value": 0.00024181433812676308
    }, 
    "H1": {
        "error": 0.11406199592854123, 
        "fit": "average_SEM", 
        "value": 0.0013315296386281262
    }, 
    "H2": {
        "error": 0.1240828452799507, 
        "fit": "average_SEM", 
        "value": -0.23575636165527006
    }, 
    "L1": {
        "error": 0.1358705790867133, 
        "fit": "average_SEM", 
        "value": -0.038448676530000135
    }, 
    "L2": {
        "error": 0.12447387580233775, 
        "fit": "average_SEM", 
        "value": -0.07116353421394403
    }
}