{
    "AX": {
        "error": 0.0035777704482300183, 
        "fit": "average_SEM", 
        "value": -0.01725601656757395
    }, 
    "CDD": {
        "error": 1.5835188076759905e-05, 
        "fit": "average_SEM", 
        "value": 0.00022459952316271012
    }, 
    "H1": {
        "error": 0.009644790041086895, 
        "fit": "average_SEM", 
        "value": 0.04861194852655272
    }, 
    "H2": {
        "error": 0.008770704580321396, 
        "fit": "average_SEM", 
        "value": -0.16036415108905394
    }, 
    "L1": {
        "error": 0.008484406160150981, 
        "fit": "average_SEM", 
        "value": 0.029176418489747707
    }, 
    "L2": {
        "error": 0.01106400326605013, 
        "fit": "average_SEM", 
        "value": 0.054699652800175906
    }
}