{
    "AX": {
        "error": 0.004802117706958369, 
        "fit": "average_SEM", 
        "value": -0.017440456314690655
    }, 
    "CDD": {
        "error": 1.4847790668036542e-05, 
        "fit": "average_SEM", 
        "value": 0.0001722884756695155
    }, 
    "H1": {
        "error": 0.009507832324382914, 
        "fit": "average_SEM", 
        "value": 0.05295268783715743
    }, 
    "H2": {
        "error": 0.008973109736893541, 
        "fit": "average_SEM", 
        "value": -0.16835703690890716
    }, 
    "L1": {
        "error": 0.009421100709453935, 
        "fit": "average_SEM", 
        "value": 0.027253177133388817
    }, 
    "L2": {
        "error": 0.012472142456484755, 
        "fit": "average_SEM", 
        "value": 0.04976027813263966
    }
}