{
    "AX": {
        "error": 0.04727083529437663, 
        "fit": "average_SEM", 
        "value": -0.01204367099880983
    }, 
    "CDD": {
        "error": 0.00011850859521983934, 
        "fit": "average_SEM", 
        "value": 0.00010400616641466816
    }, 
    "H1": {
        "error": 0.1252686016810431, 
        "fit": "average_SEM", 
        "value": -0.061623236645633975
    }, 
    "H2": {
        "error": 0.12549812113682451, 
        "fit": "average_SEM", 
        "value": -0.2691414563295742
    }, 
    "L1": {
        "error": 0.13399850958444726, 
        "fit": "average_SEM", 
        "value": -0.0823360814654734
    }, 
    "L2": {
        "error": 0.12410895165037698, 
        "fit": "average_SEM", 
        "value": -0.09482001330858718
    }
}