{
    "AX": {
        "error": 0.05947436031010687, 
        "fit": "average_SEM", 
        "value": -0.0057876434223241326
    }, 
    "CDD": {
        "error": 0.0001350701227253447, 
        "fit": "average_SEM", 
        "value": 0.00012480739969760178
    }, 
    "H1": {
        "error": 0.12724524047276545, 
        "fit": "average_SEM", 
        "value": -0.045502237094190906
    }, 
    "H2": {
        "error": 0.12329634312924984, 
        "fit": "average_SEM", 
        "value": -0.24638364321241776
    }, 
    "L1": {
        "error": 0.13921127147148132, 
        "fit": "average_SEM", 
        "value": -0.07486649320732491
    }, 
    "L2": {
        "error": 0.12836651301343416, 
        "fit": "average_SEM", 
        "value": -0.06939352847596941
    }
}