{
    "AX": {
        "error": 0.06135949623429324, 
        "fit": "average_SEM", 
        "value": -0.017835569663293426
    }, 
    "CDD": {
        "error": 0.00020894977470366162, 
        "fit": "average_SEM", 
        "value": 0.0001976117171579972
    }, 
    "H1": {
        "error": 0.131768916211635, 
        "fit": "average_SEM", 
        "value": -0.006233233419576815
    }, 
    "H2": {
        "error": 0.12728088761904516, 
        "fit": "average_SEM", 
        "value": -0.24603417984132345
    }, 
    "L1": {
        "error": 0.12079609224139738, 
        "fit": "average_SEM", 
        "value": -0.030421933999847776
    }, 
    "L2": {
        "error": 0.13404004769526154, 
        "fit": "average_SEM", 
        "value": -0.08202247355996709
    }
}