{
    "AX": {
        "error": 0.0534009873950341, 
        "fit": "average_SEM", 
        "value": -0.013360291114850043
    }, 
    "CDD": {
        "error": 0.00017660857693314172, 
        "fit": "average_SEM", 
        "value": 0.00019501156227003474
    }, 
    "H1": {
        "error": 0.12164484450305806, 
        "fit": "average_SEM", 
        "value": 0.010846457505734482
    }, 
    "H2": {
        "error": 0.1273235419436294, 
        "fit": "average_SEM", 
        "value": -0.24016608231080075
    }, 
    "L1": {
        "error": 0.14168199823973368, 
        "fit": "average_SEM", 
        "value": -0.05920573399829057
    }, 
    "L2": {
        "error": 0.12911163507577575, 
        "fit": "average_SEM", 
        "value": -0.06925907622498925
    }
}