{
    "AX": {
        "error": 0.058195775871233923, 
        "fit": "average_SEM", 
        "value": -0.01664387540477037
    }, 
    "CDD": {
        "error": 0.00012735425537961615, 
        "fit": "average_SEM", 
        "value": 0.00010140601225430145
    }, 
    "H1": {
        "error": 0.13050386174676917, 
        "fit": "average_SEM", 
        "value": 0.037452923958577834
    }, 
    "H2": {
        "error": 0.1322928403426702, 
        "fit": "average_SEM", 
        "value": -0.19391935333260335
    }, 
    "L1": {
        "error": 0.14227309157032023, 
        "fit": "average_SEM", 
        "value": -0.006177849906574314
    }, 
    "L2": {
        "error": 0.13561658973956173, 
        "fit": "average_SEM", 
        "value": -0.006995551971582851
    }
}