{
    "AX": {
        "error": 0.05469952605275273, 
        "fit": "average_SEM", 
        "value": -0.015558280918412493
    }, 
    "CDD": {
        "error": 0.00011958951505732323, 
        "fit": "average_SEM", 
        "value": 8.190485605155117e-05
    }, 
    "H1": {
        "error": 0.12466228851923618, 
        "fit": "average_SEM", 
        "value": 0.005614056057917575
    }, 
    "H2": {
        "error": 0.13808428854194454, 
        "fit": "average_SEM", 
        "value": -0.228203131541765
    }, 
    "L1": {
        "error": 0.140346218373643, 
        "fit": "average_SEM", 
        "value": -0.05420438757088656
    }, 
    "L2": {
        "error": 0.1336042331312656, 
        "fit": "average_SEM", 
        "value": -0.03199780507323643
    }
}