{
    "AX": {
        "error": 0.05963304800655861, 
        "fit": "average_SEM", 
        "value": -0.010684537646132716
    }, 
    "CDD": {
        "error": 0.00016645356152914656, 
        "fit": "average_SEM", 
        "value": 0.00014560863322306736
    }, 
    "H1": {
        "error": 0.14169924094484218, 
        "fit": "average_SEM", 
        "value": 0.06366346554083673
    }, 
    "H2": {
        "error": 0.13748908876984303, 
        "fit": "average_SEM", 
        "value": 0.001545859182563921
    }, 
    "L1": {
        "error": 0.13067708779685502, 
        "fit": "average_SEM", 
        "value": 0.028400684150013452
    }, 
    "L2": {
        "error": 0.11893691666601593, 
        "fit": "average_SEM", 
        "value": 0.026118651823950737
    }
}