{
    "AX": {
        "error": 0.056053653977314676, 
        "fit": "average_SEM", 
        "value": -0.016418258509171817
    }, 
    "CDD": {
        "error": 0.0001781460044919194, 
        "fit": "average_SEM", 
        "value": 0.0002210131041162337
    }, 
    "H1": {
        "error": 0.11193927650006796, 
        "fit": "average_SEM", 
        "value": 0.05958646668974931
    }, 
    "H2": {
        "error": 0.11721526765848604, 
        "fit": "average_SEM", 
        "value": 0.011641186974399413
    }, 
    "L1": {
        "error": 0.12738418514789554, 
        "fit": "average_SEM", 
        "value": 0.011025225720368325
    }, 
    "L2": {
        "error": 0.12369219935329293, 
        "fit": "average_SEM", 
        "value": 0.018510036751589118
    }
}