{
    "AX": {
        "error": 0.051374138931433465, 
        "fit": "average_SEM", 
        "value": -0.017321365594640762
    }, 
    "CDD": {
        "error": 0.0001124195446668528, 
        "fit": "average_SEM", 
        "value": 8.450501021191788e-05
    }, 
    "H1": {
        "error": 0.12528033696788038, 
        "fit": "average_SEM", 
        "value": 0.10772330381441861
    }, 
    "H2": {
        "error": 0.11847129758835355, 
        "fit": "average_SEM", 
        "value": 0.06680260207989099
    }, 
    "L1": {
        "error": 0.16681437733110682, 
        "fit": "average_SEM", 
        "value": 0.08090387628180906
    }, 
    "L2": {
        "error": 0.14591093488310797, 
        "fit": "average_SEM", 
        "value": 0.09619613145077892
    }
}