{
    "AX": {
        "error": 0.0534919140812555, 
        "fit": "average_SEM", 
        "value": -0.021569470995261023
    }, 
    "CDD": {
        "error": 0.00014723556522871294, 
        "fit": "average_SEM", 
        "value": 0.00014170840173998537
    }, 
    "H1": {
        "error": 0.1394831268311004, 
        "fit": "average_SEM", 
        "value": 0.12259489361701223
    }, 
    "H2": {
        "error": 0.12740929348090993, 
        "fit": "average_SEM", 
        "value": 0.06571014147290649
    }, 
    "L1": {
        "error": 0.19829031569508815, 
        "fit": "average_SEM", 
        "value": 0.11637564880851035
    }, 
    "L2": {
        "error": 0.13048741353870763, 
        "fit": "average_SEM", 
        "value": 0.13055399519313748
    }
}