{
    "AX": {
        "error": 0.05574429054851958, 
        "fit": "average_SEM", 
        "value": -0.014747507269203198
    }, 
    "CDD": {
        "error": 0.00017544666704761091, 
        "fit": "average_SEM", 
        "value": 0.00019501156251256664
    }, 
    "H1": {
        "error": 0.1281419178524136, 
        "fit": "average_SEM", 
        "value": 0.10038670321324995
    }, 
    "H2": {
        "error": 0.12486319074802348, 
        "fit": "average_SEM", 
        "value": 0.06592033581497768
    }, 
    "L1": {
        "error": 0.15231707611273132, 
        "fit": "average_SEM", 
        "value": 0.06725034640209439
    }, 
    "L2": {
        "error": 0.1382834798636561, 
        "fit": "average_SEM", 
        "value": 0.076382856038011
    }
}