{
    "AX": {
        "error": 0.05972542020657985, 
        "fit": "average_SEM", 
        "value": -0.018176950194659487
    }, 
    "CDD": {
        "error": 0.00015690254359766257, 
        "fit": "average_SEM", 
        "value": 0.00013780817049943532
    }, 
    "H1": {
        "error": 0.1275286846346143, 
        "fit": "average_SEM", 
        "value": 0.08355249668287192
    }, 
    "H2": {
        "error": 0.14062593664454015, 
        "fit": "average_SEM", 
        "value": 0.0414969320797051
    }, 
    "L1": {
        "error": 0.14294015926931775, 
        "fit": "average_SEM", 
        "value": 0.051613274651269116
    }, 
    "L2": {
        "error": 0.13542780762596887, 
        "fit": "average_SEM", 
        "value": 0.055341302739301074
    }
}