{
    "AX": {
        "error": 0.04901994671275048, 
        "fit": "average_SEM", 
        "value": -0.023105648181444848
    }, 
    "CDD": {
        "error": 0.00018624264363774302, 
        "fit": "average_SEM", 
        "value": 0.00020411210231638204
    }, 
    "H1": {
        "error": 0.11192140540729922, 
        "fit": "average_SEM", 
        "value": 0.18324124561675792
    }, 
    "H2": {
        "error": 0.1262273400438989, 
        "fit": "average_SEM", 
        "value": -0.06022726362377095
    }, 
    "L1": {
        "error": 0.2774583128891684, 
        "fit": "average_SEM", 
        "value": 0.24374247580999509
    }, 
    "L2": {
        "error": 0.12383025926333331, 
        "fit": "average_SEM", 
        "value": 0.17031547246248616
    }
}