{
    "AX": {
        "error": 0.053637140570590464, 
        "fit": "average_SEM", 
        "value": -0.015624584580958374
    }, 
    "CDD": {
        "error": 4.126377800766511e-05, 
        "fit": "average_SEM", 
        "value": 1.1700693721650169e-05
    }, 
    "H1": {
        "error": 0.12993538880449412, 
        "fit": "average_SEM", 
        "value": 0.13750948756933212
    }, 
    "H2": {
        "error": 0.10416639275222268, 
        "fit": "average_SEM", 
        "value": -0.1005905909735399
    }, 
    "L1": {
        "error": 0.2120453243369415, 
        "fit": "average_SEM", 
        "value": 0.11588818671104188
    }, 
    "L2": {
        "error": 0.12279194152617226, 
        "fit": "average_SEM", 
        "value": 0.1403735560636657
    }
}