{
    "AX": {
        "error": 0.053962710469627986, 
        "fit": "average_SEM", 
        "value": -0.02086213941943266
    }, 
    "CDD": {
        "error": 8.420403625515626e-05, 
        "fit": "average_SEM", 
        "value": 5.200308320733408e-05
    }, 
    "H1": {
        "error": 0.11604897879317175, 
        "fit": "average_SEM", 
        "value": 0.17660644836582834
    }, 
    "H2": {
        "error": 0.11372630410904463, 
        "fit": "average_SEM", 
        "value": -0.04166279808850959
    }, 
    "L1": {
        "error": 0.27782799793618335, 
        "fit": "average_SEM", 
        "value": 0.27781143616496895
    }, 
    "L2": {
        "error": 0.12784862485105533, 
        "fit": "average_SEM", 
        "value": 0.20281777405568088
    }
}