{
    "AX": {
        "error": 0.05197296530106414, 
        "fit": "average_SEM", 
        "value": -0.025173017955967224
    }, 
    "CDD": {
        "error": 0.00017445295777779635, 
        "fit": "average_SEM", 
        "value": 0.0001716101750692663
    }, 
    "H1": {
        "error": 0.1342941839874012, 
        "fit": "average_SEM", 
        "value": 0.13591685153563351
    }, 
    "H2": {
        "error": 0.12315708868881389, 
        "fit": "average_SEM", 
        "value": -0.1063601581932744
    }, 
    "L1": {
        "error": 0.23248498517878044, 
        "fit": "average_SEM", 
        "value": 0.10587612756062299
    }, 
    "L2": {
        "error": 0.13673937501991407, 
        "fit": "average_SEM", 
        "value": 0.14800740454811603
    }
}