{
    "AX": {
        "error": 0.06034673827794329, 
        "fit": "average_SEM", 
        "value": -0.02534113632136723
    }, 
    "CDD": {
        "error": 0.00019602061051213562, 
        "fit": "average_SEM", 
        "value": 0.00023921418348133255
    }, 
    "H1": {
        "error": 0.12461923328003735, 
        "fit": "average_SEM", 
        "value": 0.19116719237839183
    }, 
    "H2": {
        "error": 0.13849601711557405, 
        "fit": "average_SEM", 
        "value": -0.04586867290684798
    }, 
    "L1": {
        "error": 0.29718035143576704, 
        "fit": "average_SEM", 
        "value": 0.09004878781270235
    }, 
    "L2": {
        "error": 0.13366721805570841, 
        "fit": "average_SEM", 
        "value": 0.21238236901117488
    }
}