{
    "AX": {
        "error": 0.05029551461655255, 
        "fit": "average_SEM", 
        "value": -0.01715562282964432
    }, 
    "CDD": {
        "error": 0.00014547122506910882, 
        "fit": "average_SEM", 
        "value": 0.00011440678305613498
    }, 
    "H1": {
        "error": 0.1235479221101769, 
        "fit": "average_SEM", 
        "value": 0.19631572501772704
    }, 
    "H2": {
        "error": 0.12431443608661691, 
        "fit": "average_SEM", 
        "value": 0.12012626750123066
    }, 
    "L1": {
        "error": 0.2975619243033617, 
        "fit": "average_SEM", 
        "value": 0.07083366959996056
    }, 
    "L2": {
        "error": 0.12706915059664045, 
        "fit": "average_SEM", 
        "value": 0.22520075532326397
    }
}