{
    "AX": {
        "error": 0.05645071560679021, 
        "fit": "average_SEM", 
        "value": -0.025364390870769662
    }, 
    "CDD": {
        "error": 0.00019615533597522498, 
        "fit": "average_SEM", 
        "value": 0.0002535150311208175
    }, 
    "H1": {
        "error": 0.12557346368061184, 
        "fit": "average_SEM", 
        "value": 0.20877989443251863
    }, 
    "H2": {
        "error": 0.1249453938701258, 
        "fit": "average_SEM", 
        "value": 0.12774578634028633
    }, 
    "L1": {
        "error": 0.3013439479753605, 
        "fit": "average_SEM", 
        "value": 0.07001450894749724
    }, 
    "L2": {
        "error": 0.13606447950884498, 
        "fit": "average_SEM", 
        "value": 0.2328229749031986
    }
}