{
    "AX": {
        "error": 0.0523347676894712, 
        "fit": "average_SEM", 
        "value": -0.021771307883318512
    }, 
    "CDD": {
        "error": 0.00016653034014578767, 
        "fit": "average_SEM", 
        "value": 0.00017291025190691774
    }, 
    "H1": {
        "error": 0.11650059812726259, 
        "fit": "average_SEM", 
        "value": 0.2030060296994634
    }, 
    "H2": {
        "error": 0.11484013540924914, 
        "fit": "average_SEM", 
        "value": -0.05009037922039473
    }, 
    "L1": {
        "error": 0.2508594157064538, 
        "fit": "average_SEM", 
        "value": 0.03994305862870533
    }, 
    "L2": {
        "error": 0.11354720624900073, 
        "fit": "average_SEM", 
        "value": 0.22970881117119765
    }
}