{
    "AX": {
        "error": 0.056554082846906, 
        "fit": "average_SEM", 
        "value": -0.027853171714377824
    }, 
    "CDD": {
        "error": 0.00019257757558107183, 
        "fit": "average_SEM", 
        "value": 0.0002457145688822493
    }, 
    "H1": {
        "error": 0.11509060359875518, 
        "fit": "average_SEM", 
        "value": 0.21276441143321184
    }, 
    "H2": {
        "error": 0.13644695503615883, 
        "fit": "average_SEM", 
        "value": 0.14509659744799136
    }, 
    "L1": {
        "error": 0.23031814577619125, 
        "fit": "average_SEM", 
        "value": -0.0417154664392001
    }, 
    "L2": {
        "error": 0.13665083468204167, 
        "fit": "average_SEM", 
        "value": 0.2434606438910123
    }
}