{
    "AX": {
        "error": 0.05321267375948896, 
        "fit": "average_SEM", 
        "value": -0.02423619023975334
    }, 
    "CDD": {
        "error": 0.0001786046519397089, 
        "fit": "average_SEM", 
        "value": 0.00020541217915403346
    }, 
    "H1": {
        "error": 0.12138623383433692, 
        "fit": "average_SEM", 
        "value": 0.14823652435249338
    }, 
    "H2": {
        "error": 0.12667680050865712, 
        "fit": "average_SEM", 
        "value": 0.11866518822110568
    }, 
    "L1": {
        "error": 0.23928574767275537, 
        "fit": "average_SEM", 
        "value": 0.1544227309835454
    }, 
    "L2": {
        "error": 0.12424704404449617, 
        "fit": "average_SEM", 
        "value": 0.19230909497806958
    }
}