{
    "AX": {
        "error": 0.05330266661272391, 
        "fit": "average_SEM", 
        "value": -0.01989612143515842
    }, 
    "CDD": {
        "error": 0.00017248789050395012, 
        "fit": "average_SEM", 
        "value": 0.00019241140786713611
    }, 
    "H1": {
        "error": 0.12748797862739686, 
        "fit": "average_SEM", 
        "value": 0.18474056237610056
    }, 
    "H2": {
        "error": 0.13845321055937693, 
        "fit": "average_SEM", 
        "value": 0.13697810329613275
    }, 
    "L1": {
        "error": 0.15826933319316464, 
        "fit": "average_SEM", 
        "value": -0.0592959633776142
    }, 
    "L2": {
        "error": 0.1341710943278848, 
        "fit": "average_SEM", 
        "value": 0.22740352360997348
    }
}