{
    "AX": {
        "error": 0.05651791956707698, 
        "fit": "average_SEM", 
        "value": -0.018691950584373746
    }, 
    "CDD": {
        "error": 7.823371377653753e-05, 
        "fit": "average_SEM", 
        "value": 4.290254364605062e-05
    }, 
    "H1": {
        "error": 0.119022702139955, 
        "fit": "average_SEM", 
        "value": 0.19304639172041788
    }, 
    "H2": {
        "error": 0.13405261070095617, 
        "fit": "average_SEM", 
        "value": 0.1508276559257259
    }, 
    "L1": {
        "error": 0.20321240883709907, 
        "fit": "average_SEM", 
        "value": 0.021904532646294682
    }, 
    "L2": {
        "error": 0.1461339860139265, 
        "fit": "average_SEM", 
        "value": 0.2365520247258246
    }
}