{
    "AX": {
        "error": 0.06279972346303843, 
        "fit": "average_SEM", 
        "value": -0.017299948441116916
    }, 
    "CDD": {
        "error": 0.00010044085806758035, 
        "fit": "average_SEM", 
        "value": 6.630393108935096e-05
    }, 
    "H1": {
        "error": 0.12295071910924912, 
        "fit": "average_SEM", 
        "value": 0.1180419948643248
    }, 
    "H2": {
        "error": 0.1280244196557991, 
        "fit": "average_SEM", 
        "value": -0.10935780012805481
    }, 
    "L1": {
        "error": 0.1594404699441215, 
        "fit": "average_SEM", 
        "value": 0.10452420032961526
    }, 
    "L2": {
        "error": 0.1421816461684622, 
        "fit": "average_SEM", 
        "value": 0.13363636260425363
    }
}