{
    "AX": {
        "error": 0.05308462803484443, 
        "fit": "average_SEM", 
        "value": -0.027398112034037088
    }, 
    "CDD": {
        "error": 0.00016379046395649112, 
        "fit": "average_SEM", 
        "value": 0.0001690100209088996
    }, 
    "H1": {
        "error": 0.12917821457672496, 
        "fit": "average_SEM", 
        "value": 0.139688453804168
    }, 
    "H2": {
        "error": 0.1149834504681049, 
        "fit": "average_SEM", 
        "value": 0.10513792157774636
    }, 
    "L1": {
        "error": 0.182050436894155, 
        "fit": "average_SEM", 
        "value": 0.12087286725194038
    }, 
    "L2": {
        "error": 0.13369786576311735, 
        "fit": "average_SEM", 
        "value": 0.14136881513598684
    }
}