{
    "AX": {
        "error": 0.057935185011806035, 
        "fit": "average_SEM", 
        "value": -0.01543090175512892
    }, 
    "CDD": {
        "error": 0.00015963251922496553, 
        "fit": "average_SEM", 
        "value": 0.00018591102270875125
    }, 
    "H1": {
        "error": 0.13089464967779943, 
        "fit": "average_SEM", 
        "value": 0.12849413466804738
    }, 
    "H2": {
        "error": 0.11786275097119876, 
        "fit": "average_SEM", 
        "value": 0.0837200967282115
    }, 
    "L1": {
        "error": 0.17769957771334136, 
        "fit": "average_SEM", 
        "value": 0.13507154659600928
    }, 
    "L2": {
        "error": 0.1145509226268337, 
        "fit": "average_SEM", 
        "value": 0.14676022652177684
    }
}