{
    "AX": {
        "error": 0.058624242506344716, 
        "fit": "average_SEM", 
        "value": -0.020579444912194354
    }, 
    "CDD": {
        "error": 0.0001393861495257511, 
        "fit": "average_SEM", 
        "value": 0.00011570686013631834
    }, 
    "H1": {
        "error": 0.11534449915659759, 
        "fit": "average_SEM", 
        "value": 0.10497195447387639
    }, 
    "H2": {
        "error": 0.12872754559728716, 
        "fit": "average_SEM", 
        "value": -0.14074567891560338
    }, 
    "L1": {
        "error": 0.12621892383086014, 
        "fit": "average_SEM", 
        "value": 0.051995728668407536
    }, 
    "L2": {
        "error": 0.11294720187655419, 
        "fit": "average_SEM", 
        "value": 0.09834423314362842
    }
}