{
    "AX": {
        "error": 0.05682277627420455, 
        "fit": "average_SEM", 
        "value": -0.01955094131141474
    }, 
    "CDD": {
        "error": 0.0001665303415949623, 
        "fit": "average_SEM", 
        "value": 0.00013910824806468252
    }, 
    "H1": {
        "error": 0.11303090915283384, 
        "fit": "average_SEM", 
        "value": 0.11207298694256072
    }, 
    "H2": {
        "error": 0.12451268331123361, 
        "fit": "average_SEM", 
        "value": -0.13468034432347242
    }, 
    "L1": {
        "error": 0.15971669596485835, 
        "fit": "average_SEM", 
        "value": 0.07580809698877905
    }, 
    "L2": {
        "error": 0.12977841314832753, 
        "fit": "average_SEM", 
        "value": 0.1302895842426854
    }
}