{
    "AX": {
        "error": 0.05058599430348616, 
        "fit": "average_SEM", 
        "value": -0.017286644617949303
    }, 
    "CDD": {
        "error": 0.00014229059172571, 
        "fit": "average_SEM", 
        "value": 9.230547269301799e-05
    }, 
    "H1": {
        "error": 0.10778758915828847, 
        "fit": "average_SEM", 
        "value": 0.09788843917291766
    }, 
    "H2": {
        "error": 0.13412860088114598, 
        "fit": "average_SEM", 
        "value": -0.1219261910407416
    }, 
    "L1": {
        "error": 0.1311488859772308, 
        "fit": "average_SEM", 
        "value": 0.07588748108300933
    }, 
    "L2": {
        "error": 0.12343932750174769, 
        "fit": "average_SEM", 
        "value": 0.11170189348534526
    }
}