{
    "AX": {
        "error": 0.060293335577433854, 
        "fit": "average_SEM", 
        "value": -0.017437252385813434
    }, 
    "CDD": {
        "error": 0.00013714882466776395, 
        "fit": "average_SEM", 
        "value": 0.00010660632057503486
    }, 
    "H1": {
        "error": 0.10990831034953552, 
        "fit": "average_SEM", 
        "value": 0.05942781165261598
    }, 
    "H2": {
        "error": 0.11839875510429751, 
        "fit": "average_SEM", 
        "value": 0.04292378949952157
    }, 
    "L1": {
        "error": 0.11207336942016523, 
        "fit": "average_SEM", 
        "value": 0.04977561463892925
    }, 
    "L2": {
        "error": 0.1285036163945185, 
        "fit": "average_SEM", 
        "value": 0.048132737480530825
    }
}