{
    "AX": {
        "error": 0.05152156569572696, 
        "fit": "average_SEM", 
        "value": -0.021216033321494857
    }, 
    "CDD": {
        "error": 0.0002166390176740616, 
        "fit": "average_SEM", 
        "value": 0.00022361325900419616
    }, 
    "H1": {
        "error": 0.12023807456752147, 
        "fit": "average_SEM", 
        "value": 0.0810958804814921
    }, 
    "H2": {
        "error": 0.12913023738262286, 
        "fit": "average_SEM", 
        "value": 0.022441895215403445
    }, 
    "L1": {
        "error": 0.13775842748441328, 
        "fit": "average_SEM", 
        "value": 0.010664600981787469
    }, 
    "L2": {
        "error": 0.12444270972304575, 
        "fit": "average_SEM", 
        "value": 0.05114537601766642
    }
}