{
    "AX": {
        "error": 0.04600122259057953, 
        "fit": "average_SEM", 
        "value": -0.020397762034268192
    }, 
    "CDD": {
        "error": 0.00017538101891031416, 
        "fit": "average_SEM", 
        "value": 0.0002000071498817609
    }, 
    "H1": {
        "error": 0.03761346086138578, 
        "fit": "average_SEM", 
        "value": 0.040966767601965895
    }, 
    "H2": {
        "error": 0.11634974063393494, 
        "fit": "average_SEM", 
        "value": -0.0796291023189121
    }, 
    "L1": {
        "error": 0.07626699090667682, 
        "fit": "average_SEM", 
        "value": -0.10480985621995244
    }, 
    "L2": {
        "error": 0.046376863915563594, 
        "fit": "average_SEM", 
        "value": -0.009301721743869838
    }
}