{
    "AX": {
        "error": 0.06388890605646837, 
        "fit": "average_SEM", 
        "value": -0.0212066668242187
    }, 
    "CDD": {
        "error": 0.00014575214819861516, 
        "fit": "average_SEM", 
        "value": 0.00017681048290493588
    }, 
    "H1": {
        "error": 0.13214759709043386, 
        "fit": "average_SEM", 
        "value": 0.058968925146230804
    }, 
    "H2": {
        "error": 0.13864744855495956, 
        "fit": "average_SEM", 
        "value": 0.03359402689190271
    }, 
    "L1": {
        "error": 0.13094375024300808, 
        "fit": "average_SEM", 
        "value": 0.05005902899041151
    }, 
    "L2": {
        "error": 0.13531325978908418, 
        "fit": "average_SEM", 
        "value": 0.056937267241301014
    }
}