{
    "AX": {
        "error": 0.0529271831343123, 
        "fit": "average_SEM", 
        "value": -0.021000119881985788
    }, 
    "CDD": {
        "error": 0.00018719198134876017, 
        "fit": "average_SEM", 
        "value": 0.00018331086879091646
    }, 
    "H1": {
        "error": 0.12819983780636682, 
        "fit": "average_SEM", 
        "value": 0.09282877473742701
    }, 
    "H2": {
        "error": 0.12365398444881207, 
        "fit": "average_SEM", 
        "value": 0.04942206684499979
    }, 
    "L1": {
        "error": 0.13374206666290595, 
        "fit": "average_SEM", 
        "value": 0.06351112752163317
    }, 
    "L2": {
        "error": 0.1332178180044743, 
        "fit": "average_SEM", 
        "value": 0.06743588106764946
    }
}