{
    "AX": {
        "error": 0.056308571863434936, 
        "fit": "average", 
        "value": -0.01301891732702801
    }, 
    "CDD": {
        "error": 0.00010492514424848753, 
        "fit": "average", 
        "value": 9.813580254558474e-05
    }, 
    "H1": {
        "error": 0.0365603739057467, 
        "fit": "average", 
        "value": 0.04407707583506412
    }, 
    "H2": {
        "error": 0.10685124266996965, 
        "fit": "average", 
        "value": 0.43411331280418064
    }, 
    "L1": {
        "error": 0.0709096470809663, 
        "fit": "average", 
        "value": 0.06109696665940501
    }, 
    "L2": {
        "error": 0.0467272908191733, 
        "fit": "average", 
        "value": 0.004480840392904517
    }
}