{
    "AX": {
        "error": 0.05866645057362475, 
        "fit": "average_SEM", 
        "value": -0.015484102949388519
    }, 
    "CDD": {
        "error": 0.00018853472115253335, 
        "fit": "average_SEM", 
        "value": 0.00024051426007645204
    }, 
    "H1": {
        "error": 0.13288888709703814, 
        "fit": "average_SEM", 
        "value": 0.09514918678420752
    }, 
    "H2": {
        "error": 0.13298776655277553, 
        "fit": "average_SEM", 
        "value": 0.057304145772650375
    }, 
    "L1": {
        "error": 0.11880918663450006, 
        "fit": "average_SEM", 
        "value": 0.044987395698747906
    }, 
    "L2": {
        "error": 0.11539912350160156, 
        "fit": "average_SEM", 
        "value": 0.06941105885974443
    }
}