{
    "AX": {
        "error": 0.06352230969985731, 
        "fit": "average_SEM", 
        "value": -0.015765246914331024
    }, 
    "CDD": {
        "error": 0.00015559354511160666, 
        "fit": "average_SEM", 
        "value": 0.00017421032874456917
    }, 
    "H1": {
        "error": 0.1287801078830974, 
        "fit": "average_SEM", 
        "value": 0.09991636932342468
    }, 
    "H2": {
        "error": 0.13139671651096702, 
        "fit": "average_SEM", 
        "value": 0.05104059351724573
    }, 
    "L1": {
        "error": 0.13179969276723177, 
        "fit": "average_SEM", 
        "value": 0.04360115317673869
    }, 
    "L2": {
        "error": 0.12482681044738952, 
        "fit": "average_SEM", 
        "value": 0.06691043048194842
    }
}