{
    "AX": {
        "error": 0.05838717555811419, 
        "fit": "average_SEM", 
        "value": -0.02807061977212773
    }, 
    "CDD": {
        "error": 0.00013843524151686248, 
        "fit": "average_SEM", 
        "value": 0.00016380971210310235
    }, 
    "H1": {
        "error": 0.12897688619986186, 
        "fit": "average_SEM", 
        "value": 0.11802417734385623
    }, 
    "H2": {
        "error": 0.13581122235131893, 
        "fit": "average_SEM", 
        "value": -0.1253213400215221
    }, 
    "L1": {
        "error": 0.1319445338819297, 
        "fit": "average_SEM", 
        "value": 0.08125182349079599
    }, 
    "L2": {
        "error": 0.13383791273256584, 
        "fit": "average_SEM", 
        "value": 0.1096125396764061
    }
}