{
    "AX": {
        "error": 0.058817680026858915, 
        "fit": "average_SEM", 
        "value": -0.021320759235337997
    }, 
    "CDD": {
        "error": 0.0001753689313676667, 
        "fit": "average_SEM", 
        "value": 0.0001742103289871011
    }, 
    "H1": {
        "error": 0.14084824766342416, 
        "fit": "average_SEM", 
        "value": 0.11132249728543683
    }, 
    "H2": {
        "error": 0.1339979471785642, 
        "fit": "average_SEM", 
        "value": -0.12057662376222046
    }, 
    "L1": {
        "error": 0.12558134061488405, 
        "fit": "average_SEM", 
        "value": 0.07844064592160672
    }, 
    "L2": {
        "error": 0.13044731712692223, 
        "fit": "average_SEM", 
        "value": 0.09367536568800763
    }
}