{
    "AX": {
        "error": 0.06562029546369692, 
        "fit": "average_SEM", 
        "value": -0.017949719211901537
    }, 
    "CDD": {
        "error": 0.0001799735797854066, 
        "fit": "average_SEM", 
        "value": 0.0002522149535555703
    }, 
    "H1": {
        "error": 0.11872977317642637, 
        "fit": "average_SEM", 
        "value": 0.12444456787197851
    }, 
    "H2": {
        "error": 0.12419858721907015, 
        "fit": "average_SEM", 
        "value": -0.1144795342469782
    }, 
    "L1": {
        "error": 0.13656352395726426, 
        "fit": "average_SEM", 
        "value": 0.07629264244945565
    }, 
    "L2": {
        "error": 0.12679228010787352, 
        "fit": "average_SEM", 
        "value": 0.11145874449769812
    }
}