{
    "AX": {
        "error": 0.05243841779529487, 
        "fit": "average", 
        "value": -0.013448880451599915
    }, 
    "CDD": {
        "error": 0.00014817923281508212, 
        "fit": "average", 
        "value": 0.00018883306314053603
    }, 
    "H1": {
        "error": 0.03661013647238758, 
        "fit": "average", 
        "value": 0.0688499166946942
    }, 
    "H2": {
        "error": 0.09094515440317608, 
        "fit": "average", 
        "value": 0.41756697932015296
    }, 
    "L1": {
        "error": 0.0801056434584937, 
        "fit": "average", 
        "value": 0.0404356350548353
    }, 
    "L2": {
        "error": 0.046409352764793424, 
        "fit": "average", 
        "value": 0.010433306009405646
    }
}