{
    "AX": {
        "error": 0.05109341723098596, 
        "fit": "average", 
        "value": -0.005534948601491813
    }, 
    "CDD": {
        "error": 0.00014468801770004523, 
        "fit": "average", 
        "value": 0.00022840285641399937
    }, 
    "H1": {
        "error": 0.03785869668902149, 
        "fit": "average", 
        "value": 0.07262213791495767
    }, 
    "H2": {
        "error": 0.09816683972665352, 
        "fit": "average", 
        "value": 0.41585317570551306
    }, 
    "L1": {
        "error": 0.08382473744329152, 
        "fit": "average", 
        "value": 0.05317297126927307
    }, 
    "L2": {
        "error": 0.04077717235162639, 
        "fit": "average", 
        "value": -0.005206730936868199
    }
}