{
    "AX": {
        "error": 0.05906170341687328, 
        "fit": "average_SEM", 
        "value": -0.02115675218792603
    }, 
    "CDD": {
        "error": 0.0001907322598725458, 
        "fit": "average_SEM", 
        "value": 0.0002288135665973338
    }, 
    "H1": {
        "error": 0.11827021559503602, 
        "fit": "average_SEM", 
        "value": 0.1122437705542931
    }, 
    "H2": {
        "error": 0.12276375356305881, 
        "fit": "average_SEM", 
        "value": -0.13087377299088984
    }, 
    "L1": {
        "error": 0.12425787811110965, 
        "fit": "average_SEM", 
        "value": 0.06810071807315883
    }, 
    "L2": {
        "error": 0.1318593052332482, 
        "fit": "average_SEM", 
        "value": 0.10909361111262114
    }
}