{
    "AX": {
        "error": 0.06488320281654157, 
        "fit": "average_SEM", 
        "value": -0.02357311041966265
    }, 
    "CDD": {
        "error": 0.00020103014568834162, 
        "fit": "average_SEM", 
        "value": 0.00024311441520694644
    }, 
    "H1": {
        "error": 0.13867079686952882, 
        "fit": "average_SEM", 
        "value": 0.11606652027888534
    }, 
    "H2": {
        "error": 0.12541412426337983, 
        "fit": "average_SEM", 
        "value": -0.10282821775205472
    }, 
    "L1": {
        "error": 0.13036560833453026, 
        "fit": "average_SEM", 
        "value": 0.09133109449176118
    }, 
    "L2": {
        "error": 0.13015407599876339, 
        "fit": "average_SEM", 
        "value": 0.11384269990958273
    }
}