{
    "AX": {
        "error": 0.06277042029435341, 
        "fit": "average_SEM", 
        "value": -0.020433882297948004
    }, 
    "CDD": {
        "error": 0.00013701827479714124, 
        "fit": "average_SEM", 
        "value": 0.00012350732261741845
    }, 
    "H1": {
        "error": 0.11680525814875108, 
        "fit": "average_SEM", 
        "value": 0.10916580644746622
    }, 
    "H2": {
        "error": 0.1086277320828614, 
        "fit": "average_SEM", 
        "value": -0.1174863233716072
    }, 
    "L1": {
        "error": 0.13044187368997343, 
        "fit": "average_SEM", 
        "value": 0.08444571838869402
    }, 
    "L2": {
        "error": 0.14118020925512212, 
        "fit": "average_SEM", 
        "value": 0.11910753698005767
    }
}