{
    "AX": {
        "error": 0.05097737000838313, 
        "fit": "average_SEM", 
        "value": -0.01639002711356928
    }, 
    "CDD": {
        "error": 0.00017781561941735064, 
        "fit": "average_SEM", 
        "value": 0.00018591102246621934
    }, 
    "H1": {
        "error": 0.1272027115147922, 
        "fit": "average_SEM", 
        "value": 0.12530236322587976
    }, 
    "H2": {
        "error": 0.12156273751205243, 
        "fit": "average_SEM", 
        "value": -0.10570603315136395
    }, 
    "L1": {
        "error": 0.1422890500073943, 
        "fit": "average_SEM", 
        "value": 0.06753592234502624
    }, 
    "L2": {
        "error": 0.1350795934623009, 
        "fit": "average_SEM", 
        "value": 0.12232277205427332
    }
}