{
    "AX": {
        "error": 0.06092361741403382, 
        "fit": "average_SEM", 
        "value": -0.01898823144971781
    }, 
    "CDD": {
        "error": 0.00015657631992310235, 
        "fit": "average_SEM", 
        "value": 0.00015080894130126883
    }, 
    "H1": {
        "error": 0.12529265582809215, 
        "fit": "average_SEM", 
        "value": 0.1429604700320245
    }, 
    "H2": {
        "error": 0.12031090751009493, 
        "fit": "average_SEM", 
        "value": -0.09985342937288806
    }, 
    "L1": {
        "error": 0.12661278030473327, 
        "fit": "average_SEM", 
        "value": 0.09096957343426766
    }, 
    "L2": {
        "error": 0.14089253283584227, 
        "fit": "average_SEM", 
        "value": 0.12736641086424547
    }
}