{
    "AX": {
        "error": 0.04803968382649258, 
        "fit": "average", 
        "value": -0.015687054806116936
    }, 
    "CDD": {
        "error": 0.00015777559188171242, 
        "fit": "average", 
        "value": 0.00018622846970142666
    }, 
    "H1": {
        "error": 0.032319715085902145, 
        "fit": "average", 
        "value": 0.05874110996956006
    }, 
    "H2": {
        "error": 0.09723789100074119, 
        "fit": "average", 
        "value": 0.42674957785917367
    }, 
    "L1": {
        "error": 0.07573156191731396, 
        "fit": "average", 
        "value": 0.05526728905115145
    }, 
    "L2": {
        "error": 0.045950524448137756, 
        "fit": "average", 
        "value": -0.002264386796843865
    }
}