{
    "AX": {
        "error": 0.06515633681136469, 
        "fit": "average_SEM", 
        "value": -0.01584445933549432
    }, 
    "CDD": {
        "error": 0.00015631485079562317, 
        "fit": "average_SEM", 
        "value": 0.00014560863298053542
    }, 
    "H1": {
        "error": 0.13697158484964259, 
        "fit": "average_SEM", 
        "value": 0.1322838315507397
    }, 
    "H2": {
        "error": 0.12010032600205955, 
        "fit": "average_SEM", 
        "value": -0.09367015912066563
    }, 
    "L1": {
        "error": 0.12250648959644034, 
        "fit": "average_SEM", 
        "value": 0.10161091976048435
    }, 
    "L2": {
        "error": 0.12048948455889821, 
        "fit": "average_SEM", 
        "value": 0.13212079649335162
    }
}