{
    "AX": {
        "error": 0.06472676926895451, 
        "fit": "average_SEM", 
        "value": -0.019331299151235725
    }, 
    "CDD": {
        "error": 0.00020055904412970122, 
        "fit": "average_SEM", 
        "value": 0.0002080123335569321
    }, 
    "H1": {
        "error": 0.11778434352414681, 
        "fit": "average_SEM", 
        "value": 0.143204062540705
    }, 
    "H2": {
        "error": 0.1284371652311676, 
        "fit": "average_SEM", 
        "value": -0.10189918959707332
    }, 
    "L1": {
        "error": 0.12812842278073983, 
        "fit": "average_SEM", 
        "value": 0.10640582317816248
    }, 
    "L2": {
        "error": 0.13512818999328657, 
        "fit": "average_SEM", 
        "value": 0.11659177776891738
    }
}