{
    "AX": {
        "error": 0.06039056446024912, 
        "fit": "average_SEM", 
        "value": -0.020044303343456703
    }, 
    "CDD": {
        "error": 0.0001698140381153692, 
        "fit": "average_SEM", 
        "value": 0.00019631163910768616
    }, 
    "H1": {
        "error": 0.11840079339496837, 
        "fit": "average_SEM", 
        "value": 0.14656664370413636
    }, 
    "H2": {
        "error": 0.11351072422740233, 
        "fit": "average_SEM", 
        "value": -0.10422691978274087
    }, 
    "L1": {
        "error": 0.12594333164158938, 
        "fit": "average_SEM", 
        "value": 0.10497714793236809
    }, 
    "L2": {
        "error": 0.1435369880623087, 
        "fit": "average_SEM", 
        "value": 0.14506315527469268
    }
}