{
    "AX": {
        "error": 0.05051459110328219, 
        "fit": "average", 
        "value": -0.014278399411831861
    }, 
    "CDD": {
        "error": 0.00017422090450499705, 
        "fit": "average", 
        "value": 0.0002659403696231058
    }, 
    "H1": {
        "error": 0.04376103658352169, 
        "fit": "average", 
        "value": 0.09168399790893961
    }, 
    "H2": {
        "error": 0.10729573814470326, 
        "fit": "average", 
        "value": 0.42495603519573544
    }, 
    "L1": {
        "error": 0.10139896861207882, 
        "fit": "average", 
        "value": 0.07578566417239124
    }, 
    "L2": {
        "error": 0.03616069325550998, 
        "fit": "average", 
        "value": 0.0006020822236726506
    }
}