{
    "AX": {
        "error": 0.06710202995626353, 
        "fit": "average_SEM", 
        "value": -0.018481443334045857
    }, 
    "CDD": {
        "error": 0.00017041518796080492, 
        "fit": "average_SEM", 
        "value": 0.00018071071438801784
    }, 
    "H1": {
        "error": 0.12050230733082949, 
        "fit": "average_SEM", 
        "value": 0.1447389340554461
    }, 
    "H2": {
        "error": 0.14006741082285884, 
        "fit": "average_SEM", 
        "value": -0.09534283560545494
    }, 
    "L1": {
        "error": 0.1355861754023021, 
        "fit": "average_SEM", 
        "value": 0.10509283616265748
    }, 
    "L2": {
        "error": 0.13757835333980092, 
        "fit": "average_SEM", 
        "value": 0.13674932459931977
    }
}