{
    "AX": {
        "error": 0.046641238975097504, 
        "fit": "average", 
        "value": -0.015306320022526115
    }, 
    "CDD": {
        "error": 0.00014459352337875176, 
        "fit": "average", 
        "value": 0.0002106381892415687
    }, 
    "H1": {
        "error": 0.0351147667060288, 
        "fit": "average", 
        "value": 0.07392290561549823
    }, 
    "H2": {
        "error": 0.10538257813017747, 
        "fit": "average", 
        "value": 0.4314023406587095
    }, 
    "L1": {
        "error": 0.09189042336510866, 
        "fit": "average", 
        "value": 0.027863649806628626
    }, 
    "L2": {
        "error": 0.052344528484492885, 
        "fit": "average", 
        "value": -0.003102358570398983
    }
}