{
    "AX": {
        "error": 0.05335537958610995, 
        "fit": "average", 
        "value": -0.014369274679253984
    }, 
    "CDD": {
        "error": 0.0001428520103876745, 
        "fit": "average", 
        "value": 0.00025504985655076866
    }, 
    "H1": {
        "error": 0.034143018082065754, 
        "fit": "average", 
        "value": 0.08925241232433447
    }, 
    "H2": {
        "error": 0.09728593176198258, 
        "fit": "average", 
        "value": 0.43534440139065617
    }, 
    "L1": {
        "error": 0.09345108532737659, 
        "fit": "average", 
        "value": 0.07606825078864936
    }, 
    "L2": {
        "error": 0.039149817227588354, 
        "fit": "average", 
        "value": 0.0012330748309852487
    }
}