{
    "AX": {
        "error": 0.06576217146559313, 
        "fit": "average_SEM", 
        "value": -0.020218177469602475
    }, 
    "CDD": {
        "error": 0.00017600921607871062, 
        "fit": "average_SEM", 
        "value": 0.0001664098669910648
    }, 
    "H1": {
        "error": 0.12180561673762869, 
        "fit": "average_SEM", 
        "value": 0.1638678156741662
    }, 
    "H2": {
        "error": 0.11299265168569572, 
        "fit": "average_SEM", 
        "value": 0.10813663067528978
    }, 
    "L1": {
        "error": 0.12045093645461315, 
        "fit": "average_SEM", 
        "value": 0.10812921052177747
    }, 
    "L2": {
        "error": 0.13121226670761366, 
        "fit": "average_SEM", 
        "value": 0.16841039742757857
    }
}