{
    "AX": {
        "error": 0.06431246608979752, 
        "fit": "average_SEM", 
        "value": -0.020731803537879994
    }, 
    "CDD": {
        "error": 0.00018414427422163657, 
        "fit": "average_SEM", 
        "value": 0.00022751348951715044
    }, 
    "H1": {
        "error": 0.13288239074929467, 
        "fit": "average_SEM", 
        "value": 0.14816953370318514
    }, 
    "H2": {
        "error": 0.13264718760432992, 
        "fit": "average_SEM", 
        "value": 0.11400271675471838
    }, 
    "L1": {
        "error": 0.12733668704529166, 
        "fit": "average_SEM", 
        "value": 0.12252762201339161
    }, 
    "L2": {
        "error": 0.13707342958426935, 
        "fit": "average_SEM", 
        "value": 0.17715347476381188
    }
}