{
    "AX": {
        "error": 0.05733660462328857, 
        "fit": "average_SEM", 
        "value": -0.015610273422498721
    }, 
    "CDD": {
        "error": 0.0002242470344860019, 
        "fit": "average_SEM", 
        "value": 0.00029121726814385817
    }, 
    "H1": {
        "error": 0.11678801246726721, 
        "fit": "average_SEM", 
        "value": 0.14993483939276
    }, 
    "H2": {
        "error": 0.11034401931585971, 
        "fit": "average_SEM", 
        "value": 0.11352739794480536
    }, 
    "L1": {
        "error": 0.13626929670291207, 
        "fit": "average_SEM", 
        "value": 0.12261462138655285
    }, 
    "L2": {
        "error": 0.13457224585492858, 
        "fit": "average_SEM", 
        "value": 0.1822370443958789
    }
}