{
    "AX": {
        "error": 0.06436771449695981, 
        "fit": "average_SEM", 
        "value": -0.019684556641732343
    }, 
    "CDD": {
        "error": 0.00011077004471780972, 
        "fit": "average_SEM", 
        "value": 7.930470189118447e-05
    }, 
    "H1": {
        "error": 0.12606785706198506, 
        "fit": "average_SEM", 
        "value": 0.1450907420886021
    }, 
    "H2": {
        "error": 0.13583296893765445, 
        "fit": "average_SEM", 
        "value": 0.10847490080438243
    }, 
    "L1": {
        "error": 0.13044163616216006, 
        "fit": "average_SEM", 
        "value": 0.09841580185796678
    }, 
    "L2": {
        "error": 0.12578682986848386, 
        "fit": "average_SEM", 
        "value": 0.14062025669651726
    }
}