{
    "AX": {
        "error": 0.06123866906048099, 
        "fit": "average_SEM", 
        "value": -0.016637794145693382
    }, 
    "CDD": {
        "error": 0.0001607656023795914, 
        "fit": "average_SEM", 
        "value": 0.0001898112537067694
    }, 
    "H1": {
        "error": 0.11632228040695837, 
        "fit": "average_SEM", 
        "value": 0.1726394226969205
    }, 
    "H2": {
        "error": 0.13233188290422573, 
        "fit": "average_SEM", 
        "value": 0.10656625451132035
    }, 
    "L1": {
        "error": 0.16001526173216613, 
        "fit": "average_SEM", 
        "value": 0.14220980520137042
    }, 
    "L2": {
        "error": 0.13936748484183492, 
        "fit": "average_SEM", 
        "value": 0.19439590453985148
    }
}