{
    "AX": {
        "error": 0.05614998902589036, 
        "fit": "average_SEM", 
        "value": -0.017509980057608725
    }, 
    "CDD": {
        "error": 0.00015242285992723845, 
        "fit": "average_SEM", 
        "value": 0.0001391082478221506
    }, 
    "H1": {
        "error": 0.12861652920173444, 
        "fit": "average_SEM", 
        "value": 0.16074084266632174
    }, 
    "H2": {
        "error": 0.1236914453420395, 
        "fit": "average_SEM", 
        "value": 0.12676056286994328
    }, 
    "L1": {
        "error": 0.1470769533557166, 
        "fit": "average_SEM", 
        "value": 0.12485743350698612
    }, 
    "L2": {
        "error": 0.12232568661697252, 
        "fit": "average_SEM", 
        "value": 0.1876173934627635
    }
}