{
    "AX": {
        "error": 0.055274793236810046, 
        "fit": "average_SEM", 
        "value": -0.021027088059054223
    }, 
    "CDD": {
        "error": 0.0001553304216790575, 
        "fit": "average_SEM", 
        "value": 0.00015340909546163555
    }, 
    "H1": {
        "error": 0.13020282924622942, 
        "fit": "average_SEM", 
        "value": 0.15976983761065638
    }, 
    "H2": {
        "error": 0.11951501712701644, 
        "fit": "average_SEM", 
        "value": 0.11553573891287669
    }, 
    "L1": {
        "error": 0.13946947866560214, 
        "fit": "average_SEM", 
        "value": 0.12744586321653817
    }, 
    "L2": {
        "error": 0.12135984170899729, 
        "fit": "average_SEM", 
        "value": 0.18624812279595063
    }
}