{
    "AX": {
        "error": 0.060701837237922565, 
        "fit": "average_SEM", 
        "value": -0.023173546416243578
    }, 
    "CDD": {
        "error": 0.00017573301362049817, 
        "fit": "average_SEM", 
        "value": 0.00020931240990951968
    }, 
    "H1": {
        "error": 0.09486472504261158, 
        "fit": "average_SEM", 
        "value": 0.1724610893075199
    }, 
    "H2": {
        "error": 0.12485669430293411, 
        "fit": "average_SEM", 
        "value": 0.1284259826826504
    }, 
    "L1": {
        "error": 0.15674429534228326, 
        "fit": "average_SEM", 
        "value": 0.12622813563017796
    }, 
    "L2": {
        "error": 0.13910690745816254, 
        "fit": "average_SEM", 
        "value": 0.17722349633695558
    }
}