{
    "AX": {
        "error": 0.05147085823375287, 
        "fit": "average", 
        "value": -0.013881708895624206
    }, 
    "CDD": {
        "error": 0.00014412953521814284, 
        "fit": "average", 
        "value": 0.0001811737911647454
    }, 
    "H1": {
        "error": 0.04263036766779628, 
        "fit": "average", 
        "value": 0.06546238216156028
    }, 
    "H2": {
        "error": 0.09790870775303892, 
        "fit": "average", 
        "value": 0.43093546306980507
    }, 
    "L1": {
        "error": 0.09482261826860339, 
        "fit": "average", 
        "value": 0.06764813802032935
    }, 
    "L2": {
        "error": 0.057302572956796485, 
        "fit": "average", 
        "value": 0.00635204287030648
    }
}