{
    "AX": {
        "error": 0.05947499259039672, 
        "fit": "average_SEM", 
        "value": -0.016473321774052845
    }, 
    "CDD": {
        "error": 0.00015911919566799482, 
        "fit": "average_SEM", 
        "value": 0.00018851117686911797
    }, 
    "H1": {
        "error": 0.12169482668584704, 
        "fit": "average_SEM", 
        "value": 0.17502166799580057
    }, 
    "H2": {
        "error": 0.11570815787225379, 
        "fit": "average_SEM", 
        "value": 0.12900025870573398
    }, 
    "L1": {
        "error": 0.1428047672669816, 
        "fit": "average_SEM", 
        "value": 0.11273598916232004
    }, 
    "L2": {
        "error": 0.1188769500340691, 
        "fit": "average_SEM", 
        "value": 0.20403602132961776
    }
}