{
    "AX": {
        "error": 0.04623836027680499, 
        "fit": "average", 
        "value": -0.016759869705206216
    }, 
    "CDD": {
        "error": 0.0001122069681070965, 
        "fit": "average", 
        "value": 0.0001497874084504604
    }, 
    "H1": {
        "error": 0.0398103916455358, 
        "fit": "average", 
        "value": 0.05553504287052657
    }, 
    "H2": {
        "error": 0.10246849558769794, 
        "fit": "average", 
        "value": 0.44158591673924374
    }, 
    "L1": {
        "error": 0.08597425835324572, 
        "fit": "average", 
        "value": 0.08114884602920418
    }, 
    "L2": {
        "error": 0.047045464680159424, 
        "fit": "average", 
        "value": 0.01407162740463968
    }
}