{
    "AX": {
        "error": 0.06049883770801374, 
        "fit": "average_SEM", 
        "value": -0.012938343051064293
    }, 
    "CDD": {
        "error": 0.00015294194148878821, 
        "fit": "average_SEM", 
        "value": 0.00020021187034823621
    }, 
    "H1": {
        "error": 0.11840766708444501, 
        "fit": "average_SEM", 
        "value": 0.07827419719348351
    }, 
    "H2": {
        "error": 0.11296190199144493, 
        "fit": "average_SEM", 
        "value": 0.03301913984863252
    }, 
    "L1": {
        "error": 0.1432155833990058, 
        "fit": "average_SEM", 
        "value": 0.039045558120900145
    }, 
    "L2": {
        "error": 0.11811765136218999, 
        "fit": "average_SEM", 
        "value": 0.049497637080761096
    }
}