{
    "AX": {
        "error": 0.0587572944619338, 
        "fit": "average_SEM", 
        "value": -0.017515232958248816
    }, 
    "CDD": {
        "error": 0.00015468718569634, 
        "fit": "average_SEM", 
        "value": 0.00015730932718724944
    }, 
    "H1": {
        "error": 0.1141048298679505, 
        "fit": "average_SEM", 
        "value": 0.07078536285553128
    }, 
    "H2": {
        "error": 0.12196564249347565, 
        "fit": "average_SEM", 
        "value": 0.04014649207432133
    }, 
    "L1": {
        "error": 0.14622622507929156, 
        "fit": "average_SEM", 
        "value": 0.04127525196721157
    }, 
    "L2": {
        "error": 0.1326171088676385, 
        "fit": "average_SEM", 
        "value": 0.03862345253146486
    }
}