{
    "AX": {
        "error": 0.05718574040942987, 
        "fit": "average_SEM", 
        "value": -0.01053477337603302
    }, 
    "CDD": {
        "error": 0.00017248789050395012, 
        "fit": "average_SEM", 
        "value": 0.00019241140786713611
    }, 
    "H1": {
        "error": 0.11835498739830698, 
        "fit": "average_SEM", 
        "value": 0.05949821715330472
    }, 
    "H2": {
        "error": 0.13823183428132224, 
        "fit": "average_SEM", 
        "value": 0.034678953321417794
    }, 
    "L1": {
        "error": 0.1453702892739866, 
        "fit": "average_SEM", 
        "value": 0.04113505830367406
    }, 
    "L2": {
        "error": 0.132911952285517, 
        "fit": "average_SEM", 
        "value": 0.05536544947293199
    }
}