{
    "AX": {
        "error": 0.0551142274070467, 
        "fit": "average_SEM", 
        "value": -0.01811303025582068
    }, 
    "CDD": {
        "error": 0.00011734512402533505, 
        "fit": "average_SEM", 
        "value": 8.970531853265129e-05
    }, 
    "H1": {
        "error": 0.1313489476917825, 
        "fit": "average_SEM", 
        "value": 0.10993144666936132
    }, 
    "H2": {
        "error": 0.13358678941873317, 
        "fit": "average_SEM", 
        "value": 0.053852005906325454
    }, 
    "L1": {
        "error": 0.13859073184004203, 
        "fit": "average_SEM", 
        "value": 0.07171785360357413
    }, 
    "L2": {
        "error": 0.1379437429827562, 
        "fit": "average_SEM", 
        "value": 0.08741620165407464
    }
}