{
    "AX": {
        "error": 0.05690715747507223, 
        "fit": "average_SEM", 
        "value": -0.023099788674274653
    }, 
    "CDD": {
        "error": 0.00015526457114758301, 
        "fit": "average_SEM", 
        "value": 0.00016120955794273565
    }, 
    "H1": {
        "error": 0.11429727175820666, 
        "fit": "average_SEM", 
        "value": 0.14761560400559878
    }, 
    "H2": {
        "error": 0.12552131119339613, 
        "fit": "average_SEM", 
        "value": 0.12007497902474522
    }, 
    "L1": {
        "error": 0.16622480121563754, 
        "fit": "average_SEM", 
        "value": 0.10246557397573876
    }, 
    "L2": {
        "error": 0.12770550842438091, 
        "fit": "average_SEM", 
        "value": 0.16065456375945358
    }
}