{
    "AX": {
        "error": 0.05955780508381981, 
        "fit": "average_SEM", 
        "value": -0.02195060923792577
    }, 
    "CDD": {
        "error": 0.00010637451146965754, 
        "fit": "average_SEM", 
        "value": 8.970531853265129e-05
    }, 
    "H1": {
        "error": 0.10183169128657425, 
        "fit": "average_SEM", 
        "value": 0.16190651478245854
    }, 
    "H2": {
        "error": 0.12145063604602899, 
        "fit": "average_SEM", 
        "value": 0.14678371861906878
    }, 
    "L1": {
        "error": 0.24991705837886005, 
        "fit": "average_SEM", 
        "value": 0.21070837108418344
    }, 
    "L2": {
        "error": 0.1533098238689415, 
        "fit": "average_SEM", 
        "value": 0.21705615528626368
    }
}