{
    "AX": {
        "error": 0.05558133266974862, 
        "fit": "average_SEM", 
        "value": -0.025294746041375524
    }, 
    "CDD": {
        "error": 0.00017730206870667818, 
        "fit": "average_SEM", 
        "value": 0.0002418143371566354
    }, 
    "H1": {
        "error": 0.12210391929593134, 
        "fit": "average_SEM", 
        "value": 0.1768849470555627
    }, 
    "H2": {
        "error": 0.11890198273642592, 
        "fit": "average_SEM", 
        "value": 0.11249859000866612
    }, 
    "L1": {
        "error": 0.21777557922166924, 
        "fit": "average_SEM", 
        "value": 0.1449207452509654
    }, 
    "L2": {
        "error": 0.13579492271944654, 
        "fit": "average_SEM", 
        "value": 0.20320659515370304
    }
}