{
    "AX": {
        "error": 0.06312702123847815, 
        "fit": "average_SEM", 
        "value": -0.01411672247268143
    }, 
    "CDD": {
        "error": 0.00019706125408958604, 
        "fit": "average_SEM", 
        "value": 0.00023921418445146023
    }, 
    "H1": {
        "error": 0.11737303199150025, 
        "fit": "average_SEM", 
        "value": 0.1820564430420442
    }, 
    "H2": {
        "error": 0.12612246618838246, 
        "fit": "average_SEM", 
        "value": 0.10442863313849861
    }, 
    "L1": {
        "error": 0.23011132221555541, 
        "fit": "average_SEM", 
        "value": 0.162368944476475
    }, 
    "L2": {
        "error": 0.1400832054260334, 
        "fit": "average_SEM", 
        "value": 0.1675831646103082
    }
}