{
    "AX": {
        "error": 0.05669505181125093, 
        "fit": "average_SEM", 
        "value": -0.01920041858102195
    }, 
    "CDD": {
        "error": 0.00015500088926273653, 
        "fit": "average_SEM", 
        "value": 0.00016640986626346906
    }, 
    "H1": {
        "error": 0.12864824274615427, 
        "fit": "average_SEM", 
        "value": 0.1803119699897555
    }, 
    "H2": {
        "error": 0.13392144151929322, 
        "fit": "average_SEM", 
        "value": 0.1549594833079027
    }, 
    "L1": {
        "error": 0.23263856646068104, 
        "fit": "average_SEM", 
        "value": 0.18328888344500835
    }, 
    "L2": {
        "error": 0.11382186962503257, 
        "fit": "average_SEM", 
        "value": 0.19550510677120958
    }
}