{
    "AX": {
        "error": 0.05990807712725989, 
        "fit": "average_SEM", 
        "value": -0.020792182738659903
    }, 
    "CDD": {
        "error": 3.130546554622594e-05, 
        "fit": "average_SEM", 
        "value": 6.50038540091676e-06
    }, 
    "H1": {
        "error": 0.13098676548061994, 
        "fit": "average_SEM", 
        "value": 0.17893905722012277
    }, 
    "H2": {
        "error": 0.12243494070248231, 
        "fit": "average_SEM", 
        "value": 0.12988230945253842
    }, 
    "L1": {
        "error": 0.23771366223113535, 
        "fit": "average_SEM", 
        "value": 0.1971767023865444
    }, 
    "L2": {
        "error": 0.13406901488156361, 
        "fit": "average_SEM", 
        "value": 0.21086823273944902
    }
}