{
    "AX": {
        "error": 0.049865814110745775, 
        "fit": "average_SEM", 
        "value": -0.00792554797177824
    }, 
    "CDD": {
        "error": 0.00014998808550845908, 
        "fit": "average_SEM", 
        "value": 0.00014170840198251728
    }, 
    "H1": {
        "error": 0.11842470297525562, 
        "fit": "average_SEM", 
        "value": 0.18304540508349115
    }, 
    "H2": {
        "error": 0.12859743452794178, 
        "fit": "average_SEM", 
        "value": 0.13079958102607633
    }, 
    "L1": {
        "error": 0.2351798771927902, 
        "fit": "average_SEM", 
        "value": 0.15245960408792597
    }, 
    "L2": {
        "error": 0.13216853797033593, 
        "fit": "average_SEM", 
        "value": 0.18753123908051444
    }
}