{
    "AX": {
        "error": 0.05041311897715209, 
        "fit": "average_SEM", 
        "value": -0.018012215782012692
    }, 
    "CDD": {
        "error": 0.00013514581346971364, 
        "fit": "average_SEM", 
        "value": 0.0001326078621787019
    }, 
    "H1": {
        "error": 0.11563832575467582, 
        "fit": "average_SEM", 
        "value": 0.06580573937681038
    }, 
    "H2": {
        "error": 0.14116226407549215, 
        "fit": "average_SEM", 
        "value": -0.15959852184168993
    }, 
    "L1": {
        "error": 0.1606107801007424, 
        "fit": "average_SEM", 
        "value": 0.024077770579606295
    }, 
    "L2": {
        "error": 0.13699913892740065, 
        "fit": "average_SEM", 
        "value": 0.05580850648014651
    }
}