{
    "AX": {
        "error": 0.05714793451693556, 
        "fit": "average_SEM", 
        "value": -0.019864520000798316
    }, 
    "CDD": {
        "error": 0.0001359505593299785, 
        "fit": "average_SEM", 
        "value": 0.00013780817049943532
    }, 
    "H1": {
        "error": 0.12825003932238171, 
        "fit": "average_SEM", 
        "value": 0.12850748245018623
    }, 
    "H2": {
        "error": 0.1460171628708038, 
        "fit": "average_SEM", 
        "value": -0.1008280539138165
    }, 
    "L1": {
        "error": 0.1326625038208442, 
        "fit": "average_SEM", 
        "value": 0.09426608334373061
    }, 
    "L2": {
        "error": 0.12178039564079804, 
        "fit": "average_SEM", 
        "value": 0.15680761069525034
    }
}