{
    "AX": {
        "error": 0.05654315352012807, 
        "fit": "average_SEM", 
        "value": -0.014432755630696192
    }, 
    "CDD": {
        "error": 7.763228557379151e-05, 
        "fit": "average_SEM", 
        "value": 4.1602466565867266e-05
    }, 
    "H1": {
        "error": 0.12709286369667722, 
        "fit": "average_SEM", 
        "value": 0.13190499962171695
    }, 
    "H2": {
        "error": 0.135919933008548, 
        "fit": "average_SEM", 
        "value": -0.11055583988005917
    }, 
    "L1": {
        "error": 0.12832148027004336, 
        "fit": "average_SEM", 
        "value": 0.10916400282064084
    }, 
    "L2": {
        "error": 0.12436300250804372, 
        "fit": "average_SEM", 
        "value": 0.14590186895802618
    }
}