{
    "AX": {
        "error": 0.05814708220265288, 
        "fit": "average_SEM", 
        "value": -0.019663298853871917
    }, 
    "CDD": {
        "error": 0.00017515011822945417, 
        "fit": "average_SEM", 
        "value": 0.00018071071438801784
    }, 
    "H1": {
        "error": 0.13191646997107354, 
        "fit": "average_SEM", 
        "value": 0.1402208649276872
    }, 
    "H2": {
        "error": 0.13294028747271674, 
        "fit": "average_SEM", 
        "value": -0.09403612695944806
    }, 
    "L1": {
        "error": 0.11708499681482487, 
        "fit": "average_SEM", 
        "value": 0.10370945769294243
    }, 
    "L2": {
        "error": 0.11806046881549409, 
        "fit": "average_SEM", 
        "value": 0.1441771801871558
    }
}