{
    "AX": {
        "error": 0.05747033747857301, 
        "fit": "average_SEM", 
        "value": -0.011788883513266532
    }, 
    "CDD": {
        "error": 0.0001179029992134345, 
        "fit": "average_SEM", 
        "value": 0.0001274075538579685
    }, 
    "H1": {
        "error": 0.11348655243740957, 
        "fit": "average_SEM", 
        "value": 0.011338358388942045
    }, 
    "H2": {
        "error": 0.1406769858661216, 
        "fit": "average_SEM", 
        "value": -0.21537347291123296
    }, 
    "L1": {
        "error": 0.1409374145162723, 
        "fit": "average_SEM", 
        "value": -0.039557585886116915
    }, 
    "L2": {
        "error": 0.12965472496082872, 
        "fit": "average_SEM", 
        "value": -0.04151403401689701
    }
}