{
    "AX": {
        "error": 0.058358050935099735, 
        "fit": "average_SEM", 
        "value": -0.013548061968685942
    }, 
    "CDD": {
        "error": 0.00014703284509232965, 
        "fit": "average_SEM", 
        "value": 0.00014820878714090214
    }, 
    "H1": {
        "error": 0.11335942164121292, 
        "fit": "average_SEM", 
        "value": 0.025058503893524174
    }, 
    "H2": {
        "error": 0.14412517787880744, 
        "fit": "average_SEM", 
        "value": -0.21174813315737992
    }, 
    "L1": {
        "error": 0.14195555933213877, 
        "fit": "average_SEM", 
        "value": -0.003219821799818116
    }, 
    "L2": {
        "error": 0.1314564487567756, 
        "fit": "average_SEM", 
        "value": -0.004105245589259236
    }
}