{
    "AX": {
        "error": 0.05487894011500005, 
        "fit": "average_SEM", 
        "value": -0.011497720515277858
    }, 
    "CDD": {
        "error": 0.00014523084067421263, 
        "fit": "average_SEM", 
        "value": 0.0001365080936617839
    }, 
    "H1": {
        "error": 0.12166140765094122, 
        "fit": "average_SEM", 
        "value": 0.0034740336176279623
    }, 
    "H2": {
        "error": 0.14533057250613804, 
        "fit": "average_SEM", 
        "value": -0.20925308745063376
    }, 
    "L1": {
        "error": 0.15046107596387046, 
        "fit": "average_SEM", 
        "value": -0.019288136918718616
    }, 
    "L2": {
        "error": 0.12277120285144966, 
        "fit": "average_SEM", 
        "value": -0.03720534348746393
    }
}