{
    "AX": {
        "error": 0.05965308502344593, 
        "fit": "average_SEM", 
        "value": -0.008158108924302116
    }, 
    "CDD": {
        "error": 0.0002133690028039651, 
        "fit": "average_SEM", 
        "value": 0.00028211672809751084
    }, 
    "H1": {
        "error": 0.11032491157518659, 
        "fit": "average_SEM", 
        "value": -0.00782100816431921
    }, 
    "H2": {
        "error": 0.13162638692793796, 
        "fit": "average_SEM", 
        "value": -0.23776569080849488
    }, 
    "L1": {
        "error": 0.12453779294220452, 
        "fit": "average_SEM", 
        "value": -0.04717903827840928
    }, 
    "L2": {
        "error": 0.12259782055454496, 
        "fit": "average_SEM", 
        "value": -0.0596065531775821
    }
}