{
    "AX": {
        "error": 0.05464329865766005, 
        "fit": "average_SEM", 
        "value": -0.005585319617239293
    }, 
    "CDD": {
        "error": 0.0001493047120111982, 
        "fit": "average_SEM", 
        "value": 0.00015470917254181888
    }, 
    "H1": {
        "error": 0.12764692767623098, 
        "fit": "average_SEM", 
        "value": -0.05286832243436947
    }, 
    "H2": {
        "error": 0.13244192259310067, 
        "fit": "average_SEM", 
        "value": -0.28754051107680423
    }, 
    "L1": {
        "error": 0.14817298762662007, 
        "fit": "average_SEM", 
        "value": -0.08327169050171505
    }, 
    "L2": {
        "error": 0.11852881034576081, 
        "fit": "average_SEM", 
        "value": -0.11751100036878294
    }
}