{
    "AX": {
        "error": 0.060397585188688846, 
        "fit": "average_SEM", 
        "value": -0.014711464002903085
    }, 
    "CDD": {
        "error": 0.00019371152296096962, 
        "fit": "average_SEM", 
        "value": 0.000244414491559534
    }, 
    "H1": {
        "error": 0.12227617687565152, 
        "fit": "average_SEM", 
        "value": -0.04805896533895672
    }, 
    "H2": {
        "error": 0.1160267758266985, 
        "fit": "average_SEM", 
        "value": -0.2646387232001871
    }, 
    "L1": {
        "error": 0.137811630057175, 
        "fit": "average_SEM", 
        "value": -0.05971618966044237
    }, 
    "L2": {
        "error": 0.12796431908612296, 
        "fit": "average_SEM", 
        "value": -0.08191183173912578
    }
}