{
    "AX": {
        "error": 0.05026907107963795, 
        "fit": "average_SEM", 
        "value": -0.0023426151058326167
    }, 
    "CDD": {
        "error": 0.0001152937338901496, 
        "fit": "average_SEM", 
        "value": 6.370377692898425e-05
    }, 
    "H1": {
        "error": 0.13614444412185764, 
        "fit": "average_SEM", 
        "value": -0.10539744427078404
    }, 
    "H2": {
        "error": 0.12942163731656714, 
        "fit": "average_SEM", 
        "value": -0.33260790960242353
    }, 
    "L1": {
        "error": 0.23360718480467857, 
        "fit": "average_SEM", 
        "value": -0.14135716624829608
    }, 
    "L2": {
        "error": 0.1405250154766121, 
        "fit": "average_SEM", 
        "value": -0.20394614229056363
    }
}