{
    "AX": {
        "error": 0.06696052847799985, 
        "fit": "average_SEM", 
        "value": -0.0017005173860525247
    }, 
    "CDD": {
        "error": 0.0001374467587437144, 
        "fit": "average_SEM", 
        "value": 0.0001222072455372351
    }, 
    "H1": {
        "error": 0.12237119302713473, 
        "fit": "average_SEM", 
        "value": -0.18620189412031324
    }, 
    "H2": {
        "error": 0.12356997376905553, 
        "fit": "average_SEM", 
        "value": -0.4060438371573885
    }, 
    "L1": {
        "error": 0.32743638714698764, 
        "fit": "average_SEM", 
        "value": -0.2074944721884094
    }, 
    "L2": {
        "error": 0.12342413669882271, 
        "fit": "average_SEM", 
        "value": -0.29796648905612527
    }
}