{
    "AX": {
        "error": 0.06186933672577505, 
        "fit": "average_SEM", 
        "value": -0.00596993715056063
    }, 
    "CDD": {
        "error": 0.00013516472953299747, 
        "fit": "average_SEM", 
        "value": 0.00012870763093815186
    }, 
    "H1": {
        "error": 0.13516912380496374, 
        "fit": "average_SEM", 
        "value": -0.12998795189002219
    }, 
    "H2": {
        "error": 0.13550195015869235, 
        "fit": "average_SEM", 
        "value": -0.3594211769581307
    }, 
    "L1": {
        "error": 0.2881230074284978, 
        "fit": "average_SEM", 
        "value": -0.16127065057128978
    }, 
    "L2": {
        "error": 0.10716487751263874, 
        "fit": "average_SEM", 
        "value": -0.21933936116596062
    }
}