{
    "AX": {
        "error": 0.061735682425214475, 
        "fit": "average_SEM", 
        "value": 0.009096044015313965
    }, 
    "CDD": {
        "error": 7.102841112234973e-05, 
        "fit": "average_SEM", 
        "value": 2.600154160366704e-05
    }, 
    "H1": {
        "error": 0.1236744465572312, 
        "fit": "average_SEM", 
        "value": -0.30120294278834386
    }, 
    "H2": {
        "error": 0.125578888296468, 
        "fit": "average_SEM", 
        "value": -0.5058016773313284
    }, 
    "L1": {
        "error": 0.32614137937064064, 
        "fit": "average_SEM", 
        "value": -0.34782274594375245
    }, 
    "L2": {
        "error": 0.13131638030046486, 
        "fit": "average_SEM", 
        "value": -0.42532340039809546
    }
}