{
    "AX": {
        "error": 0.056710767473336005, 
        "fit": "average_SEM", 
        "value": -0.0012614265656641995
    }, 
    "CDD": {
        "error": 0.0001152937338901496, 
        "fit": "average_SEM", 
        "value": 0.00010270608933448481
    }, 
    "H1": {
        "error": 0.11840030446236031, 
        "fit": "average_SEM", 
        "value": -0.2985868852430334
    }, 
    "H2": {
        "error": 0.12486544253766244, 
        "fit": "average_SEM", 
        "value": -0.4918835005412499
    }, 
    "L1": {
        "error": 0.3479125320651641, 
        "fit": "average_SEM", 
        "value": -0.3402439106837846
    }, 
    "L2": {
        "error": 0.131091837447008, 
        "fit": "average_SEM", 
        "value": -0.4607721043440203
    }
}