{
    "AX": {
        "error": 0.04947930659150952, 
        "fit": "average_SEM", 
        "value": 0.011890814042271814
    }, 
    "CDD": {
        "error": 0.0001144033068613981, 
        "fit": "average_SEM", 
        "value": 7.670454773081778e-05
    }, 
    "H1": {
        "error": 0.14115501699984948, 
        "fit": "average_SEM", 
        "value": -0.25571260568297777
    }, 
    "H2": {
        "error": 0.13752707188607868, 
        "fit": "average_SEM", 
        "value": -0.47307266617814697
    }, 
    "L1": {
        "error": 0.3261344688129631, 
        "fit": "average_SEM", 
        "value": -0.2656222373285952
    }, 
    "L2": {
        "error": 0.13056505216484765, 
        "fit": "average_SEM", 
        "value": -0.38976193747172755
    }
}