{
    "AX": {
        "error": 0.05882219056319049, 
        "fit": "average_SEM", 
        "value": -0.008341448133069206
    }, 
    "CDD": {
        "error": 0.00013338767203733532, 
        "fit": "average_SEM", 
        "value": 0.00010270608933448481
    }, 
    "H1": {
        "error": 0.12764769688119132, 
        "fit": "average_SEM", 
        "value": -0.2621256468822442
    }, 
    "H2": {
        "error": 0.1267695724109975, 
        "fit": "average_SEM", 
        "value": -0.45911058944960437
    }, 
    "L1": {
        "error": 0.3538309972268171, 
        "fit": "average_SEM", 
        "value": -0.28483371774242794
    }, 
    "L2": {
        "error": 0.1375085486761715, 
        "fit": "average_SEM", 
        "value": -0.3876977715020378
    }
}