{
    "AX": {
        "error": 0.055678862525044066, 
        "fit": "average_SEM", 
        "value": -0.0001357285145786591
    }, 
    "CDD": {
        "error": 0.00014765171431556167, 
        "fit": "average_SEM", 
        "value": 0.00013390793925888527
    }, 
    "H1": {
        "error": 0.124587953278071, 
        "fit": "average_SEM", 
        "value": -0.2662203315490236
    }, 
    "H2": {
        "error": 0.14103714575055373, 
        "fit": "average_SEM", 
        "value": -0.5054592702537775
    }, 
    "L1": {
        "error": 0.30213578593375195, 
        "fit": "average_SEM", 
        "value": -0.2560002196735392
    }, 
    "L2": {
        "error": 0.1336115849992204, 
        "fit": "average_SEM", 
        "value": -0.42649711879591146
    }
}