{
    "AX": {
        "error": 0.052462678778995846, 
        "fit": "average_SEM", 
        "value": 0.009742039395981313
    }, 
    "CDD": {
        "error": 0.0001698943150821082, 
        "fit": "average_SEM", 
        "value": 0.00017551040606728446
    }, 
    "H1": {
        "error": 0.11171441374134225, 
        "fit": "average_SEM", 
        "value": -0.2708225337245191
    }, 
    "H2": {
        "error": 0.13548341056621752, 
        "fit": "average_SEM", 
        "value": -0.4918935262908538
    }, 
    "L1": {
        "error": 0.3432431533075339, 
        "fit": "average_SEM", 
        "value": -0.3491148418028994
    }, 
    "L2": {
        "error": 0.12663974628730096, 
        "fit": "average_SEM", 
        "value": -0.4397281272957722
    }
}