{
    "AX": {
        "error": 0.05989248876331125, 
        "fit": "average_SEM", 
        "value": 0.005973367704185269
    }, 
    "CDD": {
        "error": 0.00015175045229281402, 
        "fit": "average_SEM", 
        "value": 0.0001469087103032507
    }, 
    "H1": {
        "error": 0.10986221451625777, 
        "fit": "average_SEM", 
        "value": -0.2518027843655242
    }, 
    "H2": {
        "error": 0.1298988201675163, 
        "fit": "average_SEM", 
        "value": -0.466050912750264
    }, 
    "L1": {
        "error": 0.3040843926489648, 
        "fit": "average_SEM", 
        "value": -0.3404557189738019
    }, 
    "L2": {
        "error": 0.12885218245009564, 
        "fit": "average_SEM", 
        "value": -0.39737168482194346
    }
}