{
    "AX": {
        "error": 0.05454352909081787, 
        "fit": "average_SEM", 
        "value": 0.0045926153046214795
    }, 
    "CDD": {
        "error": 0.00010443409301272012, 
        "fit": "average_SEM", 
        "value": 6.630393108935096e-05
    }, 
    "H1": {
        "error": 0.1248153533653782, 
        "fit": "average_SEM", 
        "value": -0.25139822632578823
    }, 
    "H2": {
        "error": 0.12943469366931498, 
        "fit": "average_SEM", 
        "value": -0.46964377872645857
    }, 
    "L1": {
        "error": 0.2596699525582094, 
        "fit": "average_SEM", 
        "value": -0.3371064947966564
    }, 
    "L2": {
        "error": 0.11614617693726398, 
        "fit": "average_SEM", 
        "value": -0.3996997285013398
    }
}