{
    "AX": {
        "error": 0.06571547834545202, 
        "fit": "average_SEM", 
        "value": 0.0003208826441550627
    }, 
    "CDD": {
        "error": 0.00024485180224392535, 
        "fit": "average_SEM", 
        "value": 0.00033151965762954203
    }, 
    "H1": {
        "error": 0.1332013759678709, 
        "fit": "average_SEM", 
        "value": -0.24499570794287137
    }, 
    "H2": {
        "error": 0.12663121986720474, 
        "fit": "average_SEM", 
        "value": -0.48305604433019955
    }, 
    "L1": {
        "error": 0.30763179351021097, 
        "fit": "average_SEM", 
        "value": -0.4416130475389461
    }, 
    "L2": {
        "error": 0.14020399051483584, 
        "fit": "average_SEM", 
        "value": -0.39368149428628385
    }
}