{
    "AX": {
        "error": 0.05847956283654211, 
        "fit": "average_SEM", 
        "value": 0.0038523779017850756
    }, 
    "CDD": {
        "error": 0.00018409336140077397, 
        "fit": "average_SEM", 
        "value": 0.000226213412679499
    }, 
    "H1": {
        "error": 0.11891405401476565, 
        "fit": "average_SEM", 
        "value": -0.24859798513546896
    }, 
    "H2": {
        "error": 0.11998200744762658, 
        "fit": "average_SEM", 
        "value": -0.4606635949884852
    }, 
    "L1": {
        "error": 0.2854586525692943, 
        "fit": "average_SEM", 
        "value": -0.34253500098905837
    }, 
    "L2": {
        "error": 0.13153337319344952, 
        "fit": "average_SEM", 
        "value": -0.41242671037713685
    }
}