{
    "AX": {
        "error": 0.05533172265013267, 
        "fit": "average_SEM", 
        "value": 0.004297563316261706
    }, 
    "CDD": {
        "error": 0.0001422426703328461, 
        "fit": "average_SEM", 
        "value": 0.00012090716845705173
    }, 
    "H1": {
        "error": 0.12421355920206363, 
        "fit": "average_SEM", 
        "value": -0.23503820023033767
    }, 
    "H2": {
        "error": 0.11212698408351077, 
        "fit": "average_SEM", 
        "value": -0.44507932650546234
    }, 
    "L1": {
        "error": 0.2881562445857974, 
        "fit": "average_SEM", 
        "value": -0.3491952556146619
    }, 
    "L2": {
        "error": 0.11812577055862128, 
        "fit": "average_SEM", 
        "value": -0.39026600879927476
    }
}