{
    "Ar36": {
        "error": 0.0011212184657243553, 
        "fit": "parabolic", 
        "value": 0.0047626956932907104
    }, 
    "Ar37": {
        "error": 0.13244569395121747, 
        "fit": "linear", 
        "value": 0.019102843912504601
    }, 
    "Ar38": {
        "error": 0.12310935320355286, 
        "fit": "linear", 
        "value": -0.016942017764191592
    }, 
    "Ar39": {
        "error": 0.055480821187335848, 
        "fit": "parabolic", 
        "value": -0.0027906424004934122
    }, 
    "Ar40": {
        "error": 0.13421842463108649, 
        "fit": "parabolic", 
        "value": 1.3357601037027931
    }, 
    "Ar41": {
        "error": 0.12794906239730802, 
        "fit": "average_SEM", 
        "value": -0.19571307001839158
    }
}