{
    "Ar36": {
        "error": 0.0011502420720224046, 
        "fit": "parabolic", 
        "value": 0.003398697433682733
    }, 
    "Ar37": {
        "error": 0.12622640715695124, 
        "fit": "linear", 
        "value": 0.21431644743345973
    }, 
    "Ar38": {
        "error": 0.24896446680892903, 
        "fit": "linear", 
        "value": 0.1813338241869604
    }, 
    "Ar39": {
        "error": 0.058341043370668068, 
        "fit": "parabolic", 
        "value": -0.0068408218191366426
    }, 
    "Ar40": {
        "error": 0.13176020419352538, 
        "fit": "parabolic", 
        "value": 1.0765832573356979
    }, 
    "Ar41": {
        "error": 0.14210978559146209, 
        "fit": "average_SEM", 
        "value": -0.042287445986294185
    }
}