{
    "Ar36": {
        "error": 0.0011347478554479416, 
        "fit": "parabolic", 
        "value": 0.0054228663882560611
    }, 
    "Ar37": {
        "error": 0.13215862104981416, 
        "fit": "linear", 
        "value": -0.048439255769550688
    }, 
    "Ar38": {
        "error": 0.12731175727126251, 
        "fit": "linear", 
        "value": -0.053272915622595625
    }, 
    "Ar39": {
        "error": 0.05962046206924581, 
        "fit": "parabolic", 
        "value": 0.0084588645934112559
    }, 
    "Ar40": {
        "error": 0.13846742443813137, 
        "fit": "parabolic", 
        "value": 1.3533214244400318
    }, 
    "Ar41": {
        "error": 0.12847488103478094, 
        "fit": "average_SEM", 
        "value": -0.23635626565694109
    }
}