{
    "Ar36": {
        "error": 0.0010135397283218774, 
        "fit": "parabolic", 
        "value": 0.0029918850831377039
    }, 
    "Ar37": {
        "error": 0.13611899660179808, 
        "fit": "linear", 
        "value": -0.070608720268304614
    }, 
    "Ar38": {
        "error": 0.33962328635292671, 
        "fit": "linear", 
        "value": -0.10270890259378104
    }, 
    "Ar39": {
        "error": 0.062210183085613352, 
        "fit": "parabolic", 
        "value": 0.018499352721401661
    }, 
    "Ar40": {
        "error": 0.1404941968661424, 
        "fit": "parabolic", 
        "value": 0.64756859345764028
    }, 
    "Ar41": {
        "error": 0.12990668540691905, 
        "fit": "average_SEM", 
        "value": -0.2734330298072018
    }
}