{
    "Ar36": {
        "error": 0.0010478797644730008, 
        "fit": "parabolic", 
        "value": 0.0028237364380926822
    }, 
    "Ar37": {
        "error": 0.13757955363315122, 
        "fit": "linear", 
        "value": -0.25730509694613357
    }, 
    "Ar38": {
        "error": 0.14114484550046716, 
        "fit": "linear", 
        "value": -0.20545194030474379
    }, 
    "Ar39": {
        "error": 0.063750801683416305, 
        "fit": "parabolic", 
        "value": 0.015128265918689564
    }, 
    "Ar40": {
        "error": 0.12964628032206038, 
        "fit": "parabolic", 
        "value": 0.57330976336353756
    }, 
    "Ar41": {
        "error": 0.13502999035453803, 
        "fit": "average_SEM", 
        "value": -0.36760754690039904
    }
}