{
    "Ar36": {
        "error": 0.001057643165704597, 
        "fit": "parabolic", 
        "value": 0.0040016443732578738
    }, 
    "Ar37": {
        "error": 0.12849534219848363, 
        "fit": "linear", 
        "value": 0.19030797719148526
    }, 
    "Ar38": {
        "error": 0.2652893746265616, 
        "fit": "linear", 
        "value": 0.1910271717992709
    }, 
    "Ar39": {
        "error": 0.057663012894448744, 
        "fit": "parabolic", 
        "value": -0.0028098278444488646
    }, 
    "Ar40": {
        "error": 0.12264483618796679, 
        "fit": "parabolic", 
        "value": 1.1721183726015045
    }, 
    "Ar41": {
        "error": 0.12169235897845258, 
        "fit": "average_SEM", 
        "value": -0.060929019137402063
    }
}