{
    "Ar36": {
        "error": 0.0015874406975262851, 
        "fit": "parabolic", 
        "value": 0.014478402941372379
    }, 
    "Ar37": {
        "error": 0.13211228370979078, 
        "fit": "linear", 
        "value": 0.069517570634680184
    }, 
    "Ar38": {
        "error": 0.13119380365871458, 
        "fit": "linear", 
        "value": 0.051821846940520097
    }, 
    "Ar39": {
        "error": 0.057155005790682362, 
        "fit": "parabolic", 
        "value": 0.0087957256788905418
    }, 
    "Ar40": {
        "error": 0.13180944264275857, 
        "fit": "parabolic", 
        "value": 4.5148956139853063
    }, 
    "Ar41": {
        "error": 0.12529556460766691, 
        "fit": "average_SEM", 
        "value": 0.036700710670556871
    }
}