{
    "Ar36": {
        "error": 0.0010615365213752876, 
        "fit": "parabolic", 
        "value": 0.0042373666181784401
    }, 
    "Ar37": {
        "error": 0.13575130884240399, 
        "fit": "linear", 
        "value": -0.39813894202325339
    }, 
    "Ar38": {
        "error": 0.35020318680074425, 
        "fit": "linear", 
        "value": -0.3283581446997007
    }, 
    "Ar39": {
        "error": 0.056938667318522457, 
        "fit": "parabolic", 
        "value": 0.016193590041779005
    }, 
    "Ar40": {
        "error": 0.14050892029034179, 
        "fit": "parabolic", 
        "value": 0.83780988243032128
    }, 
    "Ar41": {
        "error": 0.13551975382223058, 
        "fit": "average_SEM", 
        "value": -0.49388129223138094
    }
}