{
    "Ar36": {
        "error": 0.00092057699865775782, 
        "fit": "parabolic", 
        "value": 0.0032783911307705145
    }, 
    "Ar37": {
        "error": 0.12633865449198245, 
        "fit": "linear", 
        "value": 0.19976976172956468
    }, 
    "Ar38": {
        "error": 0.19081463797057019, 
        "fit": "linear", 
        "value": 0.13857950270230218
    }, 
    "Ar39": {
        "error": 0.060343609590950656, 
        "fit": "parabolic", 
        "value": 0.0098452027575058505
    }, 
    "Ar40": {
        "error": 0.12288832208298713, 
        "fit": "parabolic", 
        "value": 0.90429741748640291
    }, 
    "Ar41": {
        "error": 0.12912447851562586, 
        "fit": "average_SEM", 
        "value": 0.11335153070642263
    }
}