{
    "Ar36": {
        "error": 0.0010013782410888687, 
        "fit": "parabolic", 
        "value": 0.0029020564134054939
    }, 
    "Ar37": {
        "error": 0.13513479346796281, 
        "fit": "linear", 
        "value": -0.34494764727143257
    }, 
    "Ar38": {
        "error": 0.17978184422457699, 
        "fit": "linear", 
        "value": -0.28522327521636054
    }, 
    "Ar39": {
        "error": 0.060624820143609759, 
        "fit": "parabolic", 
        "value": 0.020164942959823837
    }, 
    "Ar40": {
        "error": 0.12021581660775643, 
        "fit": "parabolic", 
        "value": 0.52979746434229946
    }, 
    "Ar41": {
        "error": 0.13429772119335132, 
        "fit": "average_SEM", 
        "value": -0.20714177070185541
    }
}