{
    "Ar36": {
        "error": 0.0010734398936671475, 
        "fit": "parabolic", 
        "value": 0.004322322745946126
    }, 
    "Ar37": {
        "error": 0.13069273295677497, 
        "fit": "linear", 
        "value": -0.37562507107084658
    }, 
    "Ar38": {
        "error": 0.24253807429099772, 
        "fit": "linear", 
        "value": -0.31380366150380934
    }, 
    "Ar39": {
        "error": 0.058119967890289601, 
        "fit": "parabolic", 
        "value": 0.016139573985288123
    }, 
    "Ar40": {
        "error": 0.12861649556139865, 
        "fit": "parabolic", 
        "value": 0.81762965564043244
    }, 
    "Ar41": {
        "error": 0.11970026932083724, 
        "fit": "average_SEM", 
        "value": -0.46385323438793419
    }
}