{
    "Ar36": {
        "error": 0.0011375640539765435, 
        "fit": "parabolic", 
        "value": 0.0055363680507877072
    }, 
    "Ar37": {
        "error": 0.12547452337840162, 
        "fit": "linear", 
        "value": 0.11840220216552585
    }, 
    "Ar38": {
        "error": 0.22878872930346492, 
        "fit": "linear", 
        "value": 0.091916591194109193
    }, 
    "Ar39": {
        "error": 0.057676714530439571, 
        "fit": "parabolic", 
        "value": -4.2838413814028087e-06
    }, 
    "Ar40": {
        "error": 0.12702477193857861, 
        "fit": "parabolic", 
        "value": 1.596634712660407
    }, 
    "Ar41": {
        "error": 0.12195259084768148, 
        "fit": "average_SEM", 
        "value": -0.12265455126369489
    }
}