{
    "Ar36": {
        "error": 0.0010847411279389439, 
        "fit": "parabolic", 
        "value": 0.0047458552230321633
    }, 
    "Ar37": {
        "error": 0.12749742876880252, 
        "fit": "linear", 
        "value": 0.11131865271163756
    }, 
    "Ar38": {
        "error": 0.13189702120233504, 
        "fit": "linear", 
        "value": 0.065878664150734123
    }, 
    "Ar39": {
        "error": 0.053089889041825718, 
        "fit": "parabolic", 
        "value": -0.0055119077185945883
    }, 
    "Ar40": {
        "error": 0.13245700268391536, 
        "fit": "parabolic", 
        "value": 1.2516414080668437
    }, 
    "Ar41": {
        "error": 0.12800501615900481, 
        "fit": "average_SEM", 
        "value": -0.13818975325862992
    }
}