{
    "Ar36": {
        "error": 0.0016421564207997942, 
        "fit": "parabolic", 
        "value": 0.014761388446699646
    }, 
    "Ar37": {
        "error": 0.13839055798536723, 
        "fit": "linear", 
        "value": 0.054990350634118189
    }, 
    "Ar38": {
        "error": 0.13114122876172102, 
        "fit": "linear", 
        "value": 0.041450660382884211
    }, 
    "Ar39": {
        "error": 0.058149594044585841, 
        "fit": "parabolic", 
        "value": -0.0058194862338311198
    }, 
    "Ar40": {
        "error": 0.13366823103742959, 
        "fit": "parabolic", 
        "value": 4.5687854463668991
    }, 
    "Ar41": {
        "error": 0.12879159021935227, 
        "fit": "average_SEM", 
        "value": 0.044421397496844289
    }
}