{
    "Ar36": {
        "error": 0.0011457201684047034, 
        "fit": "parabolic", 
        "value": 0.0050777515970183429
    }, 
    "Ar37": {
        "error": 0.12551596874222701, 
        "fit": "linear", 
        "value": -0.083968714369830416
    }, 
    "Ar38": {
        "error": 0.14096963321947878, 
        "fit": "linear", 
        "value": -0.049938386081775421
    }, 
    "Ar39": {
        "error": 0.057739317311378935, 
        "fit": "parabolic", 
        "value": 0.00074138431415785282
    }, 
    "Ar40": {
        "error": 0.13122429887469225, 
        "fit": "parabolic", 
        "value": 1.3565984056083464
    }, 
    "Ar41": {
        "error": 0.13305332669473569, 
        "fit": "average_SEM", 
        "value": -0.26329594483657276
    }
}