{
    "Ar36": {
        "error": 0.0011755338789507038, 
        "fit": "parabolic", 
        "value": 0.0065100474350582496
    }, 
    "Ar37": {
        "error": 0.1231229387932124, 
        "fit": "linear", 
        "value": -0.054234239215753231
    }, 
    "Ar38": {
        "error": 0.1685079408735542, 
        "fit": "linear", 
        "value": -0.01047439099267192
    }, 
    "Ar39": {
        "error": 0.05583710290613858, 
        "fit": "parabolic", 
        "value": 0.0049421227477847458
    }, 
    "Ar40": {
        "error": 0.1190128510076597, 
        "fit": "parabolic", 
        "value": 1.6278490858565853
    }, 
    "Ar41": {
        "error": 0.12233077380022431, 
        "fit": "average_SEM", 
        "value": -0.23021407532272861
    }
}