{
    "Ar36": {
        "error": 0.0011540543393877233, 
        "fit": "parabolic", 
        "value": 0.0047054253062817387
    }, 
    "Ar37": {
        "error": 0.13088208589496675, 
        "fit": "linear", 
        "value": 0.15943828240854457
    }, 
    "Ar38": {
        "error": 0.15764223391480578, 
        "fit": "linear", 
        "value": 0.11494964899347626
    }, 
    "Ar39": {
        "error": 0.05796986613164639, 
        "fit": "parabolic", 
        "value": -0.013724520256782865
    }, 
    "Ar40": {
        "error": 0.12550455749646347, 
        "fit": "parabolic", 
        "value": 1.3034710678452133
    }, 
    "Ar41": {
        "error": 0.12534198197143689, 
        "fit": "average_SEM", 
        "value": -0.096734622392250461
    }
}