{
    "Ar36": {
        "error": 0.0012377224093900743, 
        "fit": "parabolic", 
        "value": 0.0055219319298419403
    }, 
    "Ar37": {
        "error": 0.12889114826110667, 
        "fit": "linear", 
        "value": 0.18171534869677031
    }, 
    "Ar38": {
        "error": 0.27962261055469684, 
        "fit": "linear", 
        "value": 0.16308433234191116
    }, 
    "Ar39": {
        "error": 0.057642653593855508, 
        "fit": "parabolic", 
        "value": -0.0044620667273155123
    }, 
    "Ar40": {
        "error": 0.12260690323625226, 
        "fit": "parabolic", 
        "value": 1.5710744942579207
    }, 
    "Ar41": {
        "error": 0.11923746974280341, 
        "fit": "average_SEM", 
        "value": -0.054614049683514167
    }
}