{
    "Ar36": {
        "error": 0.0017004957450777324, 
        "fit": "parabolic", 
        "value": 0.014619663611119826
    }, 
    "Ar37": {
        "error": 0.13547361256191834, 
        "fit": "linear", 
        "value": 0.099092396445834466
    }, 
    "Ar38": {
        "error": 0.13131716445165328, 
        "fit": "linear", 
        "value": 0.072503676827253019
    }, 
    "Ar39": {
        "error": 0.062048390386803355, 
        "fit": "parabolic", 
        "value": -0.016817959064616854
    }, 
    "Ar40": {
        "error": 0.13328900433646113, 
        "fit": "parabolic", 
        "value": 4.3659004954266702
    }, 
    "Ar41": {
        "error": 0.12951542126367485, 
        "fit": "average_SEM", 
        "value": -0.12851523185141558
    }
}