{
    "Ar36": {
        "error": 0.0010376615601403565, 
        "fit": "parabolic", 
        "value": 0.0042370690131550426
    }, 
    "Ar37": {
        "error": 0.13780376197653718, 
        "fit": "linear", 
        "value": 0.069359532998792051
    }, 
    "Ar38": {
        "error": 0.15072580188440263, 
        "fit": "linear", 
        "value": 0.042706612762851349
    }, 
    "Ar39": {
        "error": 0.058497397843355864, 
        "fit": "parabolic", 
        "value": -0.0062599762175277636
    }, 
    "Ar40": {
        "error": 0.13805670393426572, 
        "fit": "parabolic", 
        "value": 1.1046506531470599
    }, 
    "Ar41": {
        "error": 0.12921989695432043, 
        "fit": "average_SEM", 
        "value": 0.043418951244293569
    }
}