{
    "Ar36": {
        "error": 0.00093296103458230626, 
        "fit": "parabolic", 
        "value": 0.0029774901737363627
    }, 
    "Ar37": {
        "error": 0.13486810092081936, 
        "fit": "linear", 
        "value": -0.35418631610270201
    }, 
    "Ar38": {
        "error": 0.16648569799114474, 
        "fit": "linear", 
        "value": -0.30535071474576647
    }, 
    "Ar39": {
        "error": 0.059898983490528433, 
        "fit": "parabolic", 
        "value": 0.026193919000592307
    }, 
    "Ar40": {
        "error": 0.13187031986814737, 
        "fit": "parabolic", 
        "value": 0.55546570010580232
    }, 
    "Ar41": {
        "error": 0.1313746009850249, 
        "fit": "average_SEM", 
        "value": -0.44596803914755584
    }
}