{
    "Ar36": {
        "error": 0.0012330368091448703, 
        "fit": "parabolic", 
        "value": 0.0073041267336250298
    }, 
    "Ar37": {
        "error": 0.12555173781161891, 
        "fit": "linear", 
        "value": -0.19783399138492366
    }, 
    "Ar38": {
        "error": 0.28137698878961176, 
        "fit": "linear", 
        "value": -0.1445285067837993
    }, 
    "Ar39": {
        "error": 0.058024092316096974, 
        "fit": "parabolic", 
        "value": 0.0072572608381165828
    }, 
    "Ar40": {
        "error": 0.12411283972347023, 
        "fit": "parabolic", 
        "value": 1.9531136061688099
    }, 
    "Ar41": {
        "error": 0.12126824957982094, 
        "fit": "average_SEM", 
        "value": -0.11914790547893063
    }
}