{
    "Ar36": {
        "error": 0.0010438408852539462, 
        "fit": "parabolic", 
        "value": 0.0029258886175617697
    }, 
    "Ar37": {
        "error": 0.13161637998324727, 
        "fit": "linear", 
        "value": 0.020117962103632682
    }, 
    "Ar38": {
        "error": 0.24797367921751662, 
        "fit": "linear", 
        "value": -0.022208500680938978
    }, 
    "Ar39": {
        "error": 0.05950905174581677, 
        "fit": "parabolic", 
        "value": -0.0015048608359557111
    }, 
    "Ar40": {
        "error": 0.11936912126771072, 
        "fit": "parabolic", 
        "value": 0.69749634068837785
    }, 
    "Ar41": {
        "error": 0.12191526116175988, 
        "fit": "average_SEM", 
        "value": -0.1845117741249851
    }
}