{
    "Ar36": {
        "error": 0.0017080957707638858, 
        "fit": "parabolic", 
        "value": 0.014036105953438894
    }, 
    "Ar37": {
        "error": 0.12960428289533629, 
        "fit": "linear", 
        "value": 0.19665455382553393
    }, 
    "Ar38": {
        "error": 0.14980652482098175, 
        "fit": "linear", 
        "value": 0.11601924754286494
    }, 
    "Ar39": {
        "error": 0.057401572281392296, 
        "fit": "parabolic", 
        "value": -0.017439865430755035
    }, 
    "Ar40": {
        "error": 0.13607086075850977, 
        "fit": "parabolic", 
        "value": 4.2404762889481171
    }, 
    "Ar41": {
        "error": 0.12125820917443425, 
        "fit": "average_SEM", 
        "value": 0.12694083077600227
    }
}