{
    "Ar36": {
        "error": 0.0010536975195644953, 
        "fit": "parabolic", 
        "value": 0.0031774677657499363
    }, 
    "Ar37": {
        "error": 0.13345547442668171, 
        "fit": "linear", 
        "value": -0.32689288853454701
    }, 
    "Ar38": {
        "error": 0.16943881781486153, 
        "fit": "linear", 
        "value": -0.27814249161331339
    }, 
    "Ar39": {
        "error": 0.064874301627610681, 
        "fit": "parabolic", 
        "value": 0.0098714337465174353
    }, 
    "Ar40": {
        "error": 0.13605812573234327, 
        "fit": "parabolic", 
        "value": 0.49026054094031807
    }, 
    "Ar41": {
        "error": 0.1241863381256665, 
        "fit": "average_SEM", 
        "value": -0.41381527774035931
    }
}