{
    "Ar36": {
        "error": 0.0012220908228109848, 
        "fit": "parabolic", 
        "value": 0.0048671445540155083
    }, 
    "Ar37": {
        "error": 0.1329674533865681, 
        "fit": "linear", 
        "value": 0.26638446021654816
    }, 
    "Ar38": {
        "error": 0.24375678693293767, 
        "fit": "linear", 
        "value": 0.085121325679120979
    }, 
    "Ar39": {
        "error": 0.055852835412668868, 
        "fit": "parabolic", 
        "value": -0.017832070043533814
    }, 
    "Ar40": {
        "error": 0.12087404185254497, 
        "fit": "parabolic", 
        "value": 1.3747737140015697
    }, 
    "Ar41": {
        "error": 0.13055712429721572, 
        "fit": "average_SEM", 
        "value": 0.15384746657451615
    }
}