{
    "Ar36": {
        "error": 0.0011407525377302207, 
        "fit": "parabolic", 
        "value": 0.0061502691103578816
    }, 
    "Ar37": {
        "error": 0.12938696552411177, 
        "fit": "linear", 
        "value": 0.073046972794284182
    }, 
    "Ar38": {
        "error": 0.18411644982223418, 
        "fit": "linear", 
        "value": 0.076279259871577132
    }, 
    "Ar39": {
        "error": 0.059129188798318036, 
        "fit": "parabolic", 
        "value": -0.015064797249804777
    }, 
    "Ar40": {
        "error": 0.13076958199490876, 
        "fit": "parabolic", 
        "value": 1.5322627739523211
    }, 
    "Ar41": {
        "error": 0.12500610109872273, 
        "fit": "average_SEM", 
        "value": -0.15217700741413864
    }
}