{
    "Ar36": {
        "error": 0.0010882602764435811, 
        "fit": "parabolic", 
        "value": 0.0041742528216408082
    }, 
    "Ar37": {
        "error": 0.13539178775581129, 
        "fit": "linear", 
        "value": 0.049528479966159257
    }, 
    "Ar38": {
        "error": 0.13292320483996695, 
        "fit": "linear", 
        "value": -0.0041724705627238512
    }, 
    "Ar39": {
        "error": 0.059041601330702617, 
        "fit": "parabolic", 
        "value": 0.0079984212266313495
    }, 
    "Ar40": {
        "error": 0.12464109149570149, 
        "fit": "parabolic", 
        "value": 1.1644439269174978
    }, 
    "Ar41": {
        "error": 0.13058392934886198, 
        "fit": "average_SEM", 
        "value": 0.027264048346587515
    }
}