{
    "Ar36": {
        "error": 0.0011683861225595272, 
        "fit": "parabolic", 
        "value": 0.0045714821410994472
    }, 
    "Ar37": {
        "error": 0.13549567255829717, 
        "fit": "linear", 
        "value": 0.20696031496667433
    }, 
    "Ar38": {
        "error": 0.25636752371159144, 
        "fit": "linear", 
        "value": 0.16549476925156759
    }, 
    "Ar39": {
        "error": 0.05593760390438212, 
        "fit": "parabolic", 
        "value": -0.011693631698405815
    }, 
    "Ar40": {
        "error": 0.1309563538413088, 
        "fit": "parabolic", 
        "value": 1.3407313074520513
    }, 
    "Ar41": {
        "error": 0.12382415757074899, 
        "fit": "average_SEM", 
        "value": 0.13645838533686402
    }
}