{
    "Ar36": {
        "error": 0.0010871475370339302, 
        "fit": "parabolic", 
        "value": 0.0042739024483315234
    }, 
    "Ar37": {
        "error": 0.12219832130729931, 
        "fit": "linear", 
        "value": 0.17384618624574188
    }, 
    "Ar38": {
        "error": 0.1525146063674806, 
        "fit": "linear", 
        "value": 0.12064055273185151
    }, 
    "Ar39": {
        "error": 0.055893959188461025, 
        "fit": "parabolic", 
        "value": -0.017852445331701342
    }, 
    "Ar40": {
        "error": 0.12584006439439466, 
        "fit": "parabolic", 
        "value": 1.1833277211806503
    }, 
    "Ar41": {
        "error": 0.12495875793991165, 
        "fit": "average_SEM", 
        "value": 0.099245564766679312
    }
}