{
    "Ar36": {
        "error": 0.0010849012305576109, 
        "fit": "parabolic", 
        "value": 0.0043773712738440027
    }, 
    "Ar37": {
        "error": 0.12777355616286956, 
        "fit": "linear", 
        "value": 0.13815687587208375
    }, 
    "Ar38": {
        "error": 0.12980837850892094, 
        "fit": "linear", 
        "value": 0.086663940276013679
    }, 
    "Ar39": {
        "error": 0.055513044751489174, 
        "fit": "parabolic", 
        "value": -0.017079448682163514
    }, 
    "Ar40": {
        "error": 0.1294015167116547, 
        "fit": "parabolic", 
        "value": 1.160317376030447
    }, 
    "Ar41": {
        "error": 0.12965275801142859, 
        "fit": "average_SEM", 
        "value": -0.10664927640355018
    }
}