{
    "Ar36": {
        "error": 0.0011960900773052977, 
        "fit": "parabolic", 
        "value": 0.0050452633499242332
    }, 
    "Ar37": {
        "error": 0.12751250891943763, 
        "fit": "linear", 
        "value": 0.18796565391666742
    }, 
    "Ar38": {
        "error": 0.26131429182728394, 
        "fit": "linear", 
        "value": 0.1663530926927026
    }, 
    "Ar39": {
        "error": 0.061942990482326134, 
        "fit": "parabolic", 
        "value": -0.014354199144856824
    }, 
    "Ar40": {
        "error": 0.14723160236526892, 
        "fit": "parabolic", 
        "value": 1.5767816356149282
    }, 
    "Ar41": {
        "error": 0.11570549452438386, 
        "fit": "average_SEM", 
        "value": -0.093287863887235284
    }
}