{
    "Ar36": {
        "error": 0.00088598543937242684, 
        "fit": "Parabolic", 
        "value": 0.0024429310808358421
    }, 
    "Ar37": {
        "error": 0.050492282955536691, 
        "fit": "linear", 
        "value": 0.028866581848867232
    }, 
    "Ar38": {
        "error": 0.0911518587097985, 
        "fit": "linear", 
        "value": 0.063340430043482832
    }, 
    "Ar39": {
        "error": 0.053834983521299055, 
        "fit": "Parabolic", 
        "value": -0.0064163402557202171
    }, 
    "Ar40": {
        "error": 0.042700173657190262, 
        "fit": "Parabolic", 
        "value": 0.57923377807240861
    }, 
    "Ar41": {
        "error": 0.1140627945945397, 
        "fit": "linear", 
        "value": 0.45006430406249842
    }
}