{
    "Ar36": {
        "error": 0.0010286512211659768, 
        "fit": "parabolic", 
        "value": 0.0039874062740139155
    }, 
    "Ar37": {
        "error": 0.05888054115717832, 
        "fit": "linear", 
        "value": 0.018317396714667727
    }, 
    "Ar38": {
        "error": 0.10860887596240741, 
        "fit": "linear", 
        "value": -0.11794504118628052
    }, 
    "Ar39": {
        "error": 0.0032248675573996713, 
        "fit": "parabolic", 
        "value": 0.012006497710029852
    }, 
    "Ar40": {
        "error": 0.057011107491010529, 
        "fit": "parabolic", 
        "value": 0.88497645242111356
    }, 
    "Ar41": {
        "error": 0.12182140000261857, 
        "fit": "average_SEM", 
        "value": -0.070662710137872231
    }
}