{
    "Ar36": {
        "error": 0.0009643352839991021, 
        "fit": "Parabolic", 
        "value": 0.0033822439142718371
    }, 
    "Ar37": {
        "error": 0.048171022607032994, 
        "fit": "linear", 
        "value": 0.026585493460615218
    }, 
    "Ar38": {
        "error": 0.091853545470170064, 
        "fit": "linear", 
        "value": 0.055060052495125314
    }, 
    "Ar39": {
        "error": 0.052328093506058465, 
        "fit": "Parabolic", 
        "value": 0.021976533945379316
    }, 
    "Ar40": {
        "error": 0.04635104405262172, 
        "fit": "Parabolic", 
        "value": 0.79691894008693354
    }, 
    "Ar41": {
        "error": 0.10662049457905444, 
        "fit": "linear", 
        "value": 0.43663673441320039
    }
}