{
    "Ar36": {
        "error": 0.00086778189776860889, 
        "fit": "Parabolic", 
        "value": 0.0025222477424393236
    }, 
    "Ar37": {
        "error": 0.050794235489347861, 
        "fit": "linear", 
        "value": 0.027986105368266914
    }, 
    "Ar38": {
        "error": 0.091341438101702407, 
        "fit": "linear", 
        "value": 0.058179601990432983
    }, 
    "Ar39": {
        "error": 0.050194432837770052, 
        "fit": "Parabolic", 
        "value": -0.013869714057133839
    }, 
    "Ar40": {
        "error": 0.044245761984019236, 
        "fit": "Parabolic", 
        "value": 0.59067683292506756
    }, 
    "Ar41": {
        "error": 0.10613603949547887, 
        "fit": "linear", 
        "value": 0.41270772118009891
    }
}