{
    "Ar36": {
        "error": 0.00088236810895611368, 
        "fit": "Parabolic", 
        "value": 0.0024636689464476043
    }, 
    "Ar37": {
        "error": 0.046035460254336712, 
        "fit": "linear", 
        "value": 0.021175486422011013
    }, 
    "Ar38": {
        "error": 0.09138371610514015, 
        "fit": "linear", 
        "value": 0.04904341564883001
    }, 
    "Ar39": {
        "error": 0.054870575600572499, 
        "fit": "Parabolic", 
        "value": -0.0018451936026728719
    }, 
    "Ar40": {
        "error": 0.047180979922944052, 
        "fit": "Parabolic", 
        "value": 0.53911264477423804
    }, 
    "Ar41": {
        "error": 0.10114461598362666, 
        "fit": "linear", 
        "value": 0.45348814574723173
    }
}