{
    "Ar36": {
        "error": 0.0012573832514885062, 
        "fit": "parabolic", 
        "value": 0.0035318097793398577
    }, 
    "Ar37": {
        "error": 0.26378277682856205, 
        "fit": "linear", 
        "value": -0.51713660656721094
    }, 
    "Ar38": {
        "error": 0.11866890223908103, 
        "fit": "linear", 
        "value": -0.42938108711073508
    }, 
    "Ar39": {
        "error": 0.0078297007353405473, 
        "fit": "parabolic", 
        "value": 0.0097983074503055871
    }, 
    "Ar40": {
        "error": 0.12185951404129688, 
        "fit": "parabolic", 
        "value": 0.049322983922195557
    }, 
    "Ar41": {
        "error": 0.13660376961948636, 
        "fit": "average_SEM", 
        "value": -0.35384999292592206
    }
}