{
    "Ar36": {
        "error": 0.0014684916206497149, 
        "fit": "parabolic", 
        "value": 0.0032772262490991608
    }, 
    "Ar37": {
        "error": 0.24219187448973209, 
        "fit": "linear", 
        "value": -0.45652908284330518
    }, 
    "Ar38": {
        "error": 0.12221774327375477, 
        "fit": "linear", 
        "value": -0.35582032626160365
    }, 
    "Ar39": {
        "error": 0.011077854243577177, 
        "fit": "parabolic", 
        "value": 0.012973873881052421
    }, 
    "Ar40": {
        "error": 0.11808843923728922, 
        "fit": "parabolic", 
        "value": 0.16095880701602511
    }, 
    "Ar41": {
        "error": 0.13129523839912433, 
        "fit": "average_SEM", 
        "value": -0.30143313490785656
    }
}