{
    "Ar36": {
        "error": 0.0014902513904042074, 
        "fit": "parabolic", 
        "value": 0.0034387788201421408
    }, 
    "Ar37": {
        "error": 0.23107921475795071, 
        "fit": "linear", 
        "value": -0.57722625117601334
    }, 
    "Ar38": {
        "error": 0.11022709858361111, 
        "fit": "linear", 
        "value": -0.38555199331681667
    }, 
    "Ar39": {
        "error": 0.0076951518078448621, 
        "fit": "parabolic", 
        "value": 0.012732780717840106
    }, 
    "Ar40": {
        "error": 0.12133822916812977, 
        "fit": "parabolic", 
        "value": 0.06676270783298352
    }, 
    "Ar41": {
        "error": 0.12158066569455152, 
        "fit": "average_SEM", 
        "value": -0.34274903466304141
    }
}