{
    "AX": {
        "error": 0.05891840448988392, 
        "fit": "average_SEM", 
        "value": -0.015690097121599442
    }, 
    "CDD": {
        "error": 1.4241630866237488e-05, 
        "fit": "average_SEM", 
        "value": 1.300077080183352e-06
    }, 
    "H1": {
        "error": 0.1179078824938189, 
        "fit": "average_SEM", 
        "value": 0.1257736017170828
    }, 
    "H2": {
        "error": 0.11228451448107228, 
        "fit": "average_SEM", 
        "value": 0.08550942262712245
    }, 
    "L1": {
        "error": 0.13535798420407755, 
        "fit": "average_SEM", 
        "value": 0.10411226277550062
    }, 
    "L2": {
        "error": 0.12438883596824984, 
        "fit": "average_SEM", 
        "value": 0.1461767344425122
    }
}