{
    "AX": {
        "error": 0.05225068050584185, 
        "fit": "average_SEM", 
        "value": -0.010260220720859555
    }, 
    "CDD": {
        "error": 2.445906225747493e-05, 
        "fit": "average_SEM", 
        "value": 3.900231240550056e-06
    }, 
    "H1": {
        "error": 0.119488873709362, 
        "fit": "average_SEM", 
        "value": 0.09644332481868029
    }, 
    "H2": {
        "error": 0.11257535234864721, 
        "fit": "average_SEM", 
        "value": -0.1558403368476623
    }, 
    "L1": {
        "error": 0.13673817357661894, 
        "fit": "average_SEM", 
        "value": 0.038201284649161
    }, 
    "L2": {
        "error": 0.13251123401809775, 
        "fit": "average_SEM", 
        "value": 0.0672252295888029
    }
}