{
    "AX": {
        "error": 0.05676152342501401, 
        "fit": "average_SEM", 
        "value": -0.020548326984377734
    }, 
    "CDD": {
        "error": 3.463957650706139e-05, 
        "fit": "average_SEM", 
        "value": 5.200308320733408e-06
    }, 
    "H1": {
        "error": 0.11765871273510377, 
        "fit": "average_SEM", 
        "value": 0.15201133706868858
    }, 
    "H2": {
        "error": 0.1212155354088254, 
        "fit": "average_SEM", 
        "value": -0.08937540606930269
    }, 
    "L1": {
        "error": 0.11884287974949276, 
        "fit": "average_SEM", 
        "value": 0.10272024515094623
    }, 
    "L2": {
        "error": 0.13598938219954604, 
        "fit": "average_SEM", 
        "value": 0.16638530002286037
    }
}