{
    "AX": {
        "error": 0.057256481450856773, 
        "fit": "average_SEM", 
        "value": -0.016964932720293292
    }, 
    "CDD": {
        "error": 2.4459062257474926e-05, 
        "fit": "average_SEM", 
        "value": 3.900231240550056e-06
    }, 
    "H1": {
        "error": 0.12682007529779327, 
        "fit": "average_SEM", 
        "value": 0.04169082603184506
    }, 
    "H2": {
        "error": 0.13413596272716025, 
        "fit": "average_SEM", 
        "value": 0.03334095687211326
    }, 
    "L1": {
        "error": 0.12012742500148303, 
        "fit": "average_SEM", 
        "value": 0.014189590951233792
    }, 
    "L2": {
        "error": 0.12223835788815357, 
        "fit": "average_SEM", 
        "value": 0.03201723851573964
    }
}