{
    "AX": {
        "error": 0.06050774706853171, 
        "fit": "average_SEM", 
        "value": -8.811631317560872e-05
    }, 
    "CDD": {
        "error": 3.130546554622594e-05, 
        "fit": "average_SEM", 
        "value": 6.50038540091676e-06
    }, 
    "H1": {
        "error": 0.12660299496524668, 
        "fit": "average_SEM", 
        "value": -0.26071846767639123
    }, 
    "H2": {
        "error": 0.1045343032073692, 
        "fit": "average_SEM", 
        "value": -0.46098353577156864
    }, 
    "L1": {
        "error": 0.26443468320620445, 
        "fit": "average_SEM", 
        "value": -0.31057360105526943
    }, 
    "L2": {
        "error": 0.12708653373339301, 
        "fit": "average_SEM", 
        "value": -0.38417663900181653
    }
}