{
    "AX": {
        "error": 0.054889231857482165, 
        "fit": "average_SEM", 
        "value": -0.01621269494316948
    }, 
    "CDD": {
        "error": 3.671761688049599e-05, 
        "fit": "average_SEM", 
        "value": 9.100539561283464e-06
    }, 
    "H1": {
        "error": 0.1267061957035417, 
        "fit": "average_SEM", 
        "value": 0.17413713969920838
    }, 
    "H2": {
        "error": 0.1161849850087348, 
        "fit": "average_SEM", 
        "value": 0.1479396372451447
    }, 
    "L1": {
        "error": 0.27930781950610756, 
        "fit": "average_SEM", 
        "value": 0.2727395779763659
    }, 
    "L2": {
        "error": 0.1221347179894036, 
        "fit": "average_SEM", 
        "value": 0.22577684832115968
    }
}